DISTRICT,DIVISION,LOCATION,SUB LOCATION
BARINGO,BARINGO SOUTH,MOCHONGOI,MOCHONGOI
BARINGO,BARINGO SOUTH,KIMALEL,SABOR
BARINGO,BARINGO CENTRAL,KAPROPITA,KAPSOO/BOROWONIN
BARINGO,BARINGO CENTRAL,TENGES,TENGES
BARINGO,BARINGO CENTRAL,KABARNET SOI,KIMOSO
BARINGO,BARINGO SOUTH,MOCHONGOI,KAPKECHIR
BARINGO,BARINGO CENTRAL,OROKWO,KAPCHEPTERIT
BARINGO,BARINGO CENTRAL,EWALEL,SERETUNIN
BARINGO,BARINGO CENTRAL,EWALEL,RIWO
BARINGO,BARINGO CENTRAL,KABARNET MOSOP,SEGUTON
BARINGO,BARINGO SOUTH,KISERIAN,KISERIAN
BARINGO,BARINGO SOUTH,MARIGAT,PERKERRA
BARINGO,BARINGO SOUTH,ILCHAMUS,ELDUME
BARINGO,BARINGO SOUTH,SALABANI,MEISORI
BARINGO,BARINGO CENTRAL,SACHO SOI,KAPKELELWA
BARINGO,BARINGO CENTRAL,OROKWO,MOLOI
BARINGO,BARINGO CENTRAL,KITURO,KITURO
BARINGO,BARINGO SOUTH,MOCHONGOI,KAPNAROK
BARINGO,BARINGO CENTRAL,TALAI,KAPTUMO
BARINGO,BARINGO SOUTH,CHEBINYINY,KASIELA
BARINGO,BARINGO SOUTH,MARIGAT,YATOI
BARINGO,BARINGO CENTRAL,CHEPKERIO,KIBEI
BARINGO,BARINGO SOUTH,SANDAI,SANDAI
BARINGO,BARINGO CENTRAL,KISONEI,EITUI
BARINGO,BARINGO CENTRAL,NGETMOI,CHEBUNYUR
BARINGO,BARINGO CENTRAL,SACHO MOSOP,KAPLEL
BARINGO,BARINGO CENTRAL,SACHO MOSOP,KAPLOTEN
BARINGO,BARINGO CENTRAL,KISONEI,KISONEI
BARINGO,BARINGO SOUTH,KIMONDIS,KIBINGOR
BARINGO,BARINGO SOUTH,TALAI,MOIGUTWO
BARINGO,BARINGO CENTRAL,LELMEN,LELMEN
BARINGO,BARINGO SOUTH,ARABAL,ARABAL
BARINGO,BARINGO CENTRAL,EWALEL,MOROP
BARINGO,BARINGO CENTRAL,CHEPKERIO,KOIBARAK
BARINGO,BARINGO CENTRAL,KITURO,KAPTOROKWO/KITUMBEI
BARINGO,BARINGO CENTRAL,KIBOINO,KIBOINO
BARINGO,BARINGO CENTRAL,KABASIS,KABASIS
BARINGO,BARINGO SOUTH,KIMALEL,KIMALEL
BARINGO,BARINGO SOUTH,KIMALEL,KORIEMA
BARINGO,BARINGO CENTRAL,KABASIS,KAPTIRIONY
BARINGO,BARINGO CENTRAL,SACHO MOSOP,KABARAK
BARINGO,BARINGO SOUTH,NGAMBO,NGAMBO
BARINGO,BARINGO CENTRAL,NGETMOI,TIRIONY
BARINGO,BARINGO SOUTH,KIMORIOT,KAMAILEL
BARINGO,BARINGO SOUTH,MARIGAT,ENDAO
BARINGO,BARINGO CENTRAL,KITURO,KIPKAECH
BARINGO,BARINGO SOUTH,LOBOI,MAJI NDEGE
BARINGO,BARINGO SOUTH,EWALEL SOI,KOITILION
BARINGO,BARINGO CENTRAL,NGETMOI,KAPKIAI
BARINGO,BARINGO CENTRAL,KABASIS,TIMBOIYWO
BARINGO,BARINGO CENTRAL,KIBOINO,SIRONOI
BARINGO,BARINGO SOUTH,NGAMBO,SINTAAN
BARINGO,BARINGO SOUTH,TULUONGOI,TULUONGOI
BARINGO,BARINGO CENTRAL,EMOM,SOROK
BARINGO,BARINGO CENTRAL,TENGES,TABARIN
BARINGO,BARINGO SOUTH,SALABANI,SALABANI
BARINGO,BARINGO CENTRAL,KAPROPITA,KINYO
BARINGO,BARINGO SOUTH,ARABAL,NGELECHA
BARINGO,BARINGO CENTRAL,KABARNET MOSOP,KAPROGONYA
BARINGO,BARINGO CENTRAL,CHEPKERIO,OCHI
BARINGO,BARINGO CENTRAL,EMOM,CHEPLAMBUS
BARINGO,BARINGO CENTRAL,SACHO SOI,SAIMET
BARINGO,BARINGO SOUTH,SANDAI,MBECHOT
BARINGO,BARINGO CENTRAL,KABARNET SOI,SALAWA
BARINGO,BARINGO SOUTH,KIBINJOS,SIRWET
BARINGO,BARINGO CENTRAL,KABARNET MOSOP,KEWAMOI
BARINGO,BARINGO SOUTH,TALAI,SOGON
BARINGO,BARINGO CENTRAL,LELMEN,KAPYEMIT
BARINGO,BARINGO SOUTH,EWALEL SOI,KABUSA
BARINGO,BARINGO SOUTH,KAPKUIKUI,KAPTOMBES
BARINGO,BARINGO CENTRAL,KAPROPITA,CHEBANO
BARINGO,BARINGO CENTRAL,SACHO SOI,KATUNOI
BARINGO,BARINGO SOUTH,ILNGARUA,LONGEWAN
BARINGO,BARINGO SOUTH,CHEBINYINY,CHEBINYINY
BARINGO,BARINGO SOUTH,MUKUTANI,MUKUTANI
BARINGO,BARINGO SOUTH,BEKIBON,BEKIBON
BARINGO,BARINGO SOUTH,ILCHAMUS,KAILER
BARINGO,BARINGO SOUTH,TULUONGOI,TEBEI
BARINGO,BARINGO SOUTH,KAPKUIKUI,KAPKUIKUI
BARINGO,BARINGO CENTRAL,KABARNET MOSOP,KAPCHEREBET/TURKUO
BARINGO,BARINGO SOUTH,ILNGARUA,ILNGARUA
BARINGO,BARINGO SOUTH,KISERIAN,LOGUMGUM
BARINGO,BARINGO SOUTH,LOBOI,CHELABA
BARINGO,BARINGO SOUTH,BEKIBON,TINOMOI
BARINGO,BARINGO SOUTH,MUKUTANI,RUGUS
BARINGO NORTH,BARINGO NORTH,OSSEN,TIRIONDONIN
BARINGO NORTH,BARINGO NORTH,KAPTEBEREWO,BARTOLIMO
BARINGO NORTH,BARINGO NORTH,KAPTEBEREWO,ISSAS
BARINGO NORTH,BARINGO NORTH,SAIMO,KAPCHEPKOR
BARINGO NORTH,BARINGO NORTH,SIBILO,RONDININ
BARINGO NORTH,BARINGO NORTH,KABOSIKEI KERIO,KUIKUI
BARINGO NORTH,BARINGO NORTH,OSSEN,KAIMUGUL
BARINGO NORTH,BARINGO NORTH,OSSEN,KAPTUM
BARINGO NORTH,BARINGO NORTH,KABUTEI,KAPLUK
BARINGO NORTH,BARINGO NORTH,KABOSKEI,ATIAR
BARINGO NORTH,BARINGO NORTH,SAIMO,KASISIT
BARINGO NORTH,BARINGO NORTH,LAWAN,KAPTILOMWO
BARINGO NORTH,BARINGO NORTH,NGORORA,TULUK
BARINGO NORTH,BARINGO NORTH,LAWAN,KETURWO
BARINGO NORTH,BARINGO NORTH,SIBILO,SIBILO
BARINGO NORTH,BARINGO NORTH,SAIMO,KAPKOMBE
BARINGO NORTH,BARINGO NORTH,KABUTEI,KATIBEL
BARINGO NORTH,BARINGO NORTH,KABUTEI,MUCHUKWO
BARINGO NORTH,BARINGO NORTH,KATIORIN,LELIAN
BARINGO NORTH,BARINGO NORTH,KELYO,KASAKA
BARINGO NORTH,BARINGO NORTH,KELYO,KAPKIAMO
BARINGO NORTH,BARINGO NORTH,LAWAN,KONOO
BARINGO NORTH,BARINGO NORTH,KATIORIN,KAPKIRWOK
BARINGO NORTH,BARINGO NORTH,BARTUM,TAIMON
BARINGO NORTH,BARINGO NORTH,SAIMO,TIRIMIONIN
BARINGO NORTH,BARINGO NORTH,SAIMO,KAPTERE
BARINGO NORTH,BARINGO NORTH,KINYACH,KALABATA
BARINGO NORTH,BARINGO NORTH,BARTUM,AKORIAN
BARINGO NORTH,BARINGO NORTH,SIBILO,LORUK
BARINGO NORTH,BARINGO NORTH,BARTUM,KIPCHERERE
BARINGO NORTH,BARINGO NORTH,LAWAN,BARWESSA
BARINGO NORTH,BARINGO NORTH,KIPKATA,BARKETIEW
BARINGO NORTH,BARINGO NORTH,BARTUM,KOROTO
BARINGO NORTH,BARINGO NORTH,KABOSIKEI KERIO,MAREGUT
BARINGO NORTH,BARINGO NORTH,KINYACH,KINYACH
BARINGO NORTH,BARINGO NORTH,KATIORIN,SUMEIYON
BARINGO NORTH,BARINGO NORTH,KELYO,MOSOP
BARINGO NORTH,BARINGO NORTH,NGORORA,KESUMET
BARINGO NORTH,BARINGO NORTH,KIPKATA,KAPKOIWO
BARINGO NORTH,BARINGO NORTH,KABOSKEI,TERIK
BARINGO NORTH,BARINGO NORTH,OSSEN,TILOI
BARINGO NORTH,BARINGO NORTH,NGORORA,KAPTURO
BARINGO NORTH,BARINGO NORTH,KABOSIKEI KERIO,AYATIA
BARINGO NORTH,BARINGO NORTH,KINYACH,BARTABWA
BOMET,BOMET CENTRAL,TOWNSHIP,SILIBWET
BOMET,BOMET EAST,KEMBU,KAPARUSO
BOMET,BOMET EAST,CHEBOIN,CHEBOIN
BOMET,BOMET EAST,TEGAT,TEGAT
BOMET,BOMET CENTRAL,SINGORWET,AISAIK
BOMET,CHEPALUNGU,SIONGIROI,KAPSIMBA
BOMET,BOMET CENTRAL,MUGANGO,MUGANGO
BOMET,CHEPALUNGU,SIGOR,SIGOR
BOMET,BOMET CENTRAL,NDARAWETA,TEGANDA
BOMET,CHEPALUNGU,BINGWA,CHELELACH
BOMET,CHEPALUNGU,KAPKESOSIO,KAPKESOSIO
BOMET,BOMET EAST,KIROMWOK,KIROMWOK
BOMET,BOMET CENTRAL,MUGANGO,KITOBEN
BOMET,CHEPALUNGU,CHELEGET,CHEPKOSA
BOMET,BOMET CENTRAL,CHESOEN,CHESOEN
BOMET,CHEPALUNGU,MAKIMENY,KOIMERET
BOMET,CHEPALUNGU,KYOGONG,GOITAB SILIBWET
BOMET,CHEPALUNGU,KONGASIS,SEGEMIK
BOMET,BOMET EAST,KAPKIMOLWA,KOIBEYON
BOMET,BOMET CENTRAL,SINGORWET,SINGORWET
BOMET,BOMET CENTRAL,TOWNSHIP,CHEPNGAINA
BOMET,BOMET EAST,KEMBU,KONGOTIK
BOMET,CHEPALUNGU,KAPKESOSIO,TUMOI
BOMET,CHEPALUNGU,SUGUMERGA,NYAMBUGO
BOMET,BOMET CENTRAL,KANUSIN,KANUSIN
BOMET,CHEPALUNGU,KYOGONG,KYOGONG
BOMET,BOMET CENTRAL,NDARAWETA,KABUSARE
BOMET,CHEPALUNGU,SIONGIROI,KIPSUTER
BOMET,BOMET EAST,MERIGI,CHEPKOLON
BOMET,BOMET CENTRAL,CHESOEN,KIPLELJI
BOMET,CHEPALUNGU,MAKIMENY,MAKIMENY
BOMET,CHEPALUNGU,LELAITICH,LELAITICH
BOMET,BOMET CENTRAL,NDARAWETA,NYONGORES
BOMET,CHEPALUNGU,ITEMBE,ITEMBE
BOMET,BOMET EAST,TEGAT,KIPYOSIT
BOMET,CHEPALUNGU,ITEMBE,KABISOGE
BOMET,BOMET CENTRAL,SIBAIYAN,SIBAIYAN
BOMET,BOMET EAST,CHEMANER,CHEMANER
BOMET,BOMET CENTRAL,SIBAIYAN,KAPKOROS
BOMET,BOMET CENTRAL,CHESOEN,KAMOGOSO
BOMET,BOMET CENTRAL,MERIGI,MOTIGO
BOMET,CHEPALUNGU,SIONGIROI,SIONGIROI
BOMET,CHEPALUNGU,KABOSON,KABOSON
BOMET,CHEPALUNGU,BINGWA,BINGWA
BOMET,CHEPALUNGU,BINGWA,CHEPWOSTUIYET
BOMET,CHEPALUNGU,MAKIMENY,KABEMA
BOMET,CHEPALUNGU,KONGASIS,KIMAYA
BOMET,BOMET EAST,KEMBU,CHEPTIKWAL
BOMET,BOMET CENTRAL,MUTARAKWA,TARAKWA
BOMET,CHEPALUNGU,KAPKESOSIO,KIMENDERIT
BOMET,BOMET EAST,CHEMANER,KICHUTMOI
BOMET,BOMET CENTRAL,MUTARAKWA,LELDAET
BOMET,CHEPALUNGU,BINGWA,KAPOLESEROI
BOMET,BOMET EAST,KIPRERES,NDUBAI
BOMET,CHEPALUNGU,LELAITICH,KAPSABUL
BOMET,CHEPALUNGU,SIGOR,AREIYET
BOMET,BOMET CENTRAL,NDARAWETA,NGAINET
BOMET,CHEPALUNGU,MOGOR,MOGOR
BOMET,BOMET EAST,MERIGI,MERIGI
BOMET,BOMET EAST,KAPKIMOLWA,KAPKIMOLWA
BOMET,BOMET EAST,KIPRERES,KIPRERES
BOMET,CHEPALUNGU,CHEBUNYO,CHEBUNYO
BOMET,BOMET EAST,KIROMWOK,MENET
BOMET,BOMET EAST,CHEMANER,CHAMBORI
BOMET,BOMET EAST,KIMUCHUL,SITOTWET
BOMET,CHEPALUNGU,CHELEGET,NOGIRWET
BOMET,BOMET CENTRAL,KANUSIN,KAPSANGARU
BOMET,CHEPALUNGU,SIGOR,KIPKEIGEI
BOMET,BOMET CENTRAL,TOWNSHIP,KAPSIMOTWA
BOMET,BOMET CENTRAL,SINGORWET,KABUNGUT
BOMET,BOMET EAST,KAPKIMOLWA,KIPTULWA
BOMET,BOMET EAST,CHEBOIN,SAMITUK
BOMET,CHEPALUNGU,KONGASIS,KIRIBA
BOMET,CHEPALUNGU,SUGUMERGA,CHEPTAGUM
BOMET,CHEPALUNGU,MOGOR,CHEBOYO
BOMET,CHEPALUNGU,SUGUMERGA,SUGUMERGA
BOMET,CHEPALUNGU,MOGOR,KATARET
BOMET,BOMET EAST,KIPLABOTWA,OLOKYIN
BOMET,CHEPALUNGU,LELAITICH,LUGUMEK
BOMET,CHEPALUNGU,MAKIMENY,MENGWET
BOMET,BOMET EAST,KIMUCHUL,LELKATET
BOMET,CHEPALUNGU,MAKIMENY,KIBOSON
BOMET,BOMET EAST,CHEMANER,KAPSIGIRIO
BOMET,BOMET CENTRAL,KANUSIN,SOLYOT
BOMET,CHEPALUNGU,KAMAGET,KAMOGIBOI
BOMET,BOMET EAST,KIPLABOTWA,KIPLABOTWA
BOMET,BOMET EAST,CHEBOIN,EMITIOT
BOMET,CHEPALUNGU,KAMAGET,TILANGOK
BOMET,BOMET EAST,KIPLABOTWA,KAPLIYO
BOMET,BOMET EAST,TOWNSHIP,KAPSIMBIRI
BOMET,CHEPALUNGU,CHEBUNYO,ROBORWO
BONDO,BONDO,BONDO TOWNSHIP,NYAWITA
BONDO,BONDO,CENTRAL YIMBO,USIGU
BONDO,BONDO,EAST YIMBO,OTHACH
BONDO,BONDO,NORTH YIMBO,NYAMONYE
BONDO,BONDO,NORTH YIMBO,BAR KANYANGO
BONDO,BONDO,SOUTH SAKWA,GOT ABIERO
BONDO,BONDO,NORTH SAKWA,BAR CHANDO
BONDO,BONDO,CENTRAL SAKWA,UYAWI
BONDO,BONDO,WEST YIMBO,GOT AGULU
BONDO,BONDO,NORTH SAKWA,ABOM
BONDO,BONDO,BONDO TOWNSHIP,AJIGO
BONDO,BONDO,SOUTH SAKWA,EAST MIGWENA
BONDO,BONDO,WEST SAKWA,USIRE
BONDO,BONDO,WEST YIMBO,USENGE
BONDO,BONDO,EAST YIMBO,PALA
BONDO,BONDO,BONDO TOWNSHIP,BAR-KOWINO
BONDO,BONDO,SOUTH SAKWA,NYAGUDA
BONDO,BONDO,CENTRAL SAKWA,WEST MIGWENA
BONDO,BONDO,CENTRAL SAKWA,NYANGOMA
BONDO,BONDO,CENTRAL YIMBO,GOT RAMOGI
BONDO,BONDO,WEST SAKWA,MARANDA
BONDO,BONDO,SOUTH WEST SAKWA,UTONGA
BONDO,BONDO,MAGETA,MAHANGA
BORABU,BORABU,ESISE,MANGA/LIETIGO
BORABU,BORABU,MEKENENE,MATUTU
BORABU,BORABU,NYANSIONGO,GESIMA/NYANSIONGO
BORABU,BORABU,KIABONYORU,OMONONO
BORABU,BORABU,KIABONYORU,MOKOMONI
BORABU,BORABU,NYANSIONGO,ISOGE/KINENI
BORABU,BORABU,KIABONYORU,NYANGOGE
BORABU,BORABU,MEKENENE,MOGUSII
BORABU,BORABU,KIABONYORU,NYARAMBA
BORABU,BORABU,MEKENENE,MWONGORI
BORABU,BORABU,ESISE,EKERUBO
BORABU,BORABU,KIANGENI,KITARU
BORABU,BORABU,KIANGENI,NYANKONO/ KERUMBE
BUNGOMA EAST,WEBUYE EAST,WEBUYE,MARAKA
BUNGOMA EAST,WEBUYE EAST,LUKUSI,MISIMO
BUNGOMA EAST,WEBUYE EAST,CHETAMBO,MIHUU
BUNGOMA EAST,WEBUYE EAST,LUKUSI,LUTACHO
BUNGOMA EAST,WEBUYE EAST,NDIVISI,SITABICHA
BUNGOMA EAST,WEBUYE EAST,NDIVISI,MAGEMO
BUNGOMA EAST,WEBUYE WEST,SITIKHO,SITIKHO
BUNGOMA EAST,WEBUYE WEST,SITIKHO,KHALUMULI
BUNGOMA EAST,WEBUYE EAST,NAMARAMBI,MISEMWA
BUNGOMA EAST,WEBUYE WEST,BOKOLI,MIENDO
BUNGOMA EAST,WEBUYE WEST,MISIKHU,MALAHA
BUNGOMA EAST,WEBUYE EAST,NAMARAMBI,WABUKHONYI
BUNGOMA EAST,WEBUYE WEST,MISIKHU,MISIKHU
BUNGOMA EAST,WEBUYE WEST,SITIKHO,MILO
BUNGOMA EAST,WEBUYE EAST,CHETAMBO,MITUKUYU
BUNGOMA EAST,WEBUYE EAST,NAMARAMBI,MAKUSELWA
BUNGOMA EAST,WEBUYE WEST,WEBUYE,MATULO
BUNGOMA EAST,WEBUYE WEST,MISIKHU,KITUNI
BUNGOMA EAST,WEBUYE WEST,BOKOLI,BOKOLI
BUNGOMA EAST,WEBUYE EAST,NAMARAMBI,MARINDA
BUNGOMA EAST,WEBUYE EAST,WEBUYE,TOWNSHIP
BUNGOMA EAST,WEBUYE WEST,BOKOLI,MAHANGA
BUNGOMA EAST,WEBUYE WEST,BOKOLI,MATISI
BUNGOMA NORTH,KIMILILI,KIBINGEI,KIBINGEI
BUNGOMA NORTH,KIMILILI,MAENI,NASUSI
BUNGOMA NORTH,TONGAREN,NAITIRI,MILIMA
BUNGOMA NORTH,KIMILILI,KIBINGEI,CHEBUKWABI
BUNGOMA NORTH,TONGAREN,KABUYEFWE,SIRAKARU
BUNGOMA NORTH,TONGAREN,KABUYEFWE,KABUYEFWE
BUNGOMA NORTH,TONGAREN,NAITIRI,NAITIRI
BUNGOMA NORTH,TONGAREN,TONGAREN,SOYSAMBU
BUNGOMA NORTH,TONGAREN,NDALU,MITUWA
BUNGOMA NORTH,TONGAREN,MBAKALO,KIBISI
BUNGOMA NORTH,TONGAREN,KIMININI,KIMININI
BUNGOMA NORTH,KIMILILI,KAMUKUYWA,NABIKOTO
BUNGOMA NORTH,TONGAREN,NDALU,NDALU
BUNGOMA NORTH,TONGAREN,TONGAREN,TONGAREN
BUNGOMA NORTH,KIMILILI,KIMILILI,KIMILILI
BUNGOMA NORTH,TONGAREN,KIMININI,TABANI
BUNGOMA NORTH,KIMILILI,MAENI,SIKHENDU
BUNGOMA NORTH,TONGAREN,MBAKALO,MBAKALO
BUNGOMA NORTH,KIMILILI,KAMUKUYWA,MAKHONGE
BUNGOMA NORTH,KIMILILI,KIMILILI,TOWNSHIP
BUNGOMA SOUTH,KANDUYI,TOWNSHIP,KHALABA
BUNGOMA SOUTH,KANDUYI,KIBABII,TUUTI
BUNGOMA SOUTH,BUMULA,KABULA,WATOYA
BUNGOMA SOUTH,BUMULA,KIBUKE,NGOLI
BUNGOMA SOUTH,KANDUYI,BUKEMBE,NDEGELWA
BUNGOMA SOUTH,KANDUYI,TOWNSHIP,TOWNSHIP
BUNGOMA SOUTH,KANDUYI,MUSIKOMA,SOUTH KANDUIYI
BUNGOMA SOUTH,BUMULA,SIBOTI,EAST SIBOTI
BUNGOMA SOUTH,KANDUYI,MUSIKOMA,NAMASANDA
BUNGOMA SOUTH,BUMULA,SIBOTI,MUSAKASA
BUNGOMA SOUTH,BUMULA,KHASOKO,MUNGORE
BUNGOMA SOUTH,KANDUYI,BUKEMBE,NAMIREMBE
BUNGOMA SOUTH,BUMULA,KABULA,KABULA
BUNGOMA SOUTH,KANDUYI,EAST BUKUSU,NAMWACHA
BUNGOMA SOUTH,KANDUYI,EAST BUKUSU,EAST SANGALO
BUNGOMA SOUTH,BUMULA,SOUTH BUKUSU,LUMBOKA
BUNGOMA SOUTH,KANDUYI,EAST BUKUSU,WEST SANGALO
BUNGOMA SOUTH,BUMULA,MUKWA,MUKWA
BUNGOMA SOUTH,KANDUYI,BUKEMBE,NORTH SANGALO
BUNGOMA SOUTH,BUMULA,KHASOKO,KHASOKO
BUNGOMA SOUTH,KANDUYI,EAST BUKUSU,MWIKHUPO
BUNGOMA SOUTH,KANDUYI,BUKEMBE,KONGOLI
BUNGOMA SOUTH,BUMULA,KIMAETI,SYOMBE
BUNGOMA SOUTH,BUMULA,MUKWA,KISAWAYI
BUNGOMA SOUTH,BUMULA,KHASOKO,NAMATOTOA
BUNGOMA SOUTH,KANDUYI,KIBABII,MARAKARU
BUNGOMA SOUTH,BUMULA,NAPARA,KHASOLO
BUNGOMA SOUTH,BUMULA,KIBUKE,KIBUKE
BUNGOMA SOUTH,BUMULA,MABUSI,MABUSI
BUNGOMA SOUTH,BUMULA,KIMAETI,NAKHWANA
BUNGOMA SOUTH,BUMULA,MABUSI,KIMATUNI
BUNGOMA SOUTH,BUMULA,NAPARA,BITOBO
BUNGOMA SOUTH,BUMULA,KIBUKE,MAYANJA
BUNGOMA SOUTH,BUMULA,SOUTH BUKUSU,MUANDA
BUNGOMA SOUTH,BUMULA,BUMULA,BUMULA
BUNGOMA SOUTH,BUMULA,KIBUKE,LWANJA
BUNGOMA SOUTH,BUMULA,BUMULA,LUNAO
BUNGOMA SOUTH,BUMULA,SOUTH BUKUSU,MATEKA
BUNGOMA WEST,SIRISIA,NAMUBILA,MACHAKHA
BUNGOMA WEST,SIRISIA,LWANDANYI,CHEBUKUYI
BUNGOMA WEST,SIRISIA,MALAKISI,MWALIE
BUNGOMA WEST,SIRISIA,NAMWELA,CENTRAL NAMWELA
BUNGOMA WEST,SIRISIA,LWANDANYI,MAYEKWE
BUNGOMA WEST,KABUCHAI,MUKUYUNI,MUKUYUNI
BUNGOMA WEST,SIRISIA,MALAKISI,TAMULEGA
BUNGOMA WEST,KABUCHAI,MUKUYUNI,KUYWA
BUNGOMA WEST,KABUCHAI,CHWELE,SICHEI
BUNGOMA WEST,KABUCHAI,SIRARE,WEST NALONDO
BUNGOMA WEST,SIRISIA,NAMWELA,MENU
BUNGOMA WEST,SIRISIA,NAMUBILA,WAMONA
BUNGOMA WEST,KABUCHAI,LUUYA,LUUYA
BUNGOMA WEST,KABUCHAI,KABUCHAI,KISIWA
BUNGOMA WEST,SIRISIA,SIRISIA,NORTH KULISURU
BUNGOMA WEST,KABUCHAI,CHWELE,CHWELE
BUNGOMA WEST,BUMULA,SOUTH BUKUSU,LUMBOKA
BUNGOMA WEST,SIRISIA,SIRISIA,SOUTH KULISIRU
BUNGOMA WEST,KABUCHAI,NORTH BUKUSU,MUKHWEYA
BUNGOMA WEST,KABUCHAI,LUUYA,BWAKE
BUNGOMA WEST,KABUCHAI,KABUCHAI,KABUCHAI
BUNGOMA WEST,SIRISIA,NAMWELA,SOUTH NAMWELA
BUNGOMA WEST,KABUCHAI,MUKUYUNI,KIBICHORI
BUNGOMA WEST,KABUCHAI,NORTH BUKUSU,NORTH NALONDO
BUNGOMA WEST,KABUCHAI,CHWELE,SIKULU
BUNGOMA WEST,BUMULA,MABUSI,KIMATUNI
BUNGOMA WEST,SIRISIA,MALAKISI,SITIBICHA
BUNGOMA WEST,SIRISIA,MALAKISI,BUTONGE
BUNGOMA WEST,BUMULA,SOUTH BUKUSU,MUANDA
BUNGOMA WEST,BUMULA,SOUTH BUKUSU,MATEKA
BUNGOMA WEST,BUMULA,BUMULA,BUMULA
BUNGOMA WEST,BUMULA,SIBOTI,MUSAKASA
BUNGOMA WEST,BUMULA,KIMAETI,NAKHWANA
BUNGOMA WEST,BUMULA,MABUSI,MABUSI
BUNYALA,BUDALANGI,BUNYALA SOUTH,OBARO
BUNYALA,BUDALANGI,BUNYALA NORTH,SISENYE
BUNYALA,BUDALANGI,BUNYALA CENTRAL,MAGOMBE CENTRAL
BUNYALA,BUDALANGI,BUNYALA EAST,RUAMBWA
BUNYALA,BUDALANGI,BUNYALA SOUTH,RUKALA
BUNYALA,BUDALANGI,BUNYALA CENTRAL,MAGOMBE EAST
BUNYALA,BUDALANGI,BUNYALA EAST,BUDALANGI
BUNYALA,BUDALANGI,KHAJULA,MABINJU MABUSI
BUNYALA,BUDALANGI,BUNYALA NORTH,BULEMIA
BUNYALA,BUDALANGI,BUNYALA WEST,SINGINGA
BUNYALA,BUDALANGI,BUNYALA SOUTH,EBULWANI
BUNYALA,BUDALANGI,KHAJULA,RUGUNGA
BUNYALA,BUDALANGI,BUNYALA WEST,BUKANI
BUNYALA,BUDALANGI,BUNYALA EAST,MUDEMBI
BUNYALA,BUDALANGI,BUNYALA NORTH,MUNDERE
BUNYALA,BUDALANGI,KHAJULA,LUGARE
BUNYALA,BUDALANGI,BUNYALA CENTRAL,MAGOMBE W
BUNYALA,BUDALANGI,BUNYALA WEST,BUKOMA
BURET,KONOIN,CHEBANGANG,CHEBANGANG
BURET,KONOIN,CHEMELET,KABIANGEK
BURET,KONOIN,BOITO,BOITO
BURET,KONOIN,KIPTENDEN,KIPTENDEN
BURET,BURET,KAPKISIARA,KAPKISIARA
BURET,BURET,CHEBOIN,CHEBOIN
BURET,BURET,NGESUMIN,NGESUMIN
BURET,BURET,NGESUMIN,KAMANAMSIM
BURET,BURET,NGESUMIN,RUNGUT
BURET,BURET,KAPSOGUT,KAPTELE
BURET,BURET,TULWET,KELELEWA
BURET,BURET,LITEIN,LITEIN TOWNSHIP
BURET,BURET,CHEPLANGET,CHEPLANGET
BURET,BURET,CHEBWAGAN,CHERIBO
BURET,KONOIN,MOSONIK,CHEPKOCHUN
BURET,KONOIN,KOIWA,KAPKEN
BURET,KONOIN,EMBOMOS,SIOMO
BURET,BURET,TEBESONIK,TEBESONIK
BURET,BURET,KISIARA,RORET
BURET,BURET,CHEMOIBEN,CHEMOIBEN
BURET,KONOIN,SATIET,BOSTO
BURET,KONOIN,KIMULOT,KAPSET
BURET,BURET,CHEBWAGAN,CHEBWAGAN
BURET,BURET,KAPKATET,SOSIT
BURET,BURET,TEBESONIK,SIONGI
BURET,BURET,CHEBORGE,CHEBORGE
BURET,KONOIN,KOIWA,CHEPTINGTING
BURET,KONOIN,SIMOTI,CHONGENWO
BURET,KONOIN,BOITO,KAPTEMBWO
BURET,BURET,TULWET,MOSORE
BURET,BURET,LITEIN,LALAGIN
BURET,KONOIN,KIMULOT,KAPSINENDET
BURET,BURET,CHEMOSOT,CHEMOSOT
BURET,BURET,KISIARA,MABASI
BURET,BURET,CHEPLANGET,BUTIIK
BURET,BURET,CHEPLANGET,TIRIITAB MOITA
BURET,BURET,KABARTEGAN,CHEMOIYWA
BURET,BURET,TECHOGET,KIBWASTUIYO
BURET,BURET,KAPKATET,NGANASET
BURET,KONOIN,CHEPTALAL,TABOINO
BURET,BURET,KABARTEGAN,KABARTEGAN
BURET,KONOIN,KIMULOT,CHEMALAL
BURET,BURET,KAPSOGUT,KAPSOGUT
BURET,BURET,KUSUMEK,KUSUMEK
BURET,BURET,KAPKATET,ITOIK
BURET,KONOIN,KAPTEMBENGWET,KAMAGOMON
BURET,BURET,KIBUGAT,KIBUGAT
BURET,KONOIN,MOGOGOSIEK,NGERERIT
BURET,KONOIN,KAPTEMBENGWET,BESIOBEI
BURET,BURET,CHEMOSOT,KAMINJEIWET
BURET,BURET,TECHOGET,AROKYET
BURET,KONOIN,SOTIT,KIMARWANDI
BURET,BURET,CHEBORGE,KIMWOGIT
BURET,BURET,TULWET,KAPRORET
BURET,BURET,CHEBORGE,KORONGOI
BURET,KONOIN,MOGOGOSIEK,SASETA
BURET,BURET,GETARWET,GETARWET
BURET,KONOIN,EMBOMOS,EMBOMOS
BURET,BURET,KUSUMEK,KAPSENETWET
BURET,BURET,LITEIN,KAPKARIN
BURET,KONOIN,SOTIT,KIRIMOSE
BURET,KONOIN,CHEMELET,CHEMELET
BURET,KONOIN,SAOSA,CHEMOSIT
BURET,KONOIN,MOSONIK,MOGONJET
BURET,BURET,CHEBOIN,NGORORGA
BURET,KONOIN,SOTIT,SOTIT
BURET,KONOIN,KAPTIEN,KAPSIGOWO
BURET,KONOIN,KIPTENDEN,TEREK
BURET,BURET,CHEMOIBEN,RORONYA
BURET,KONOIN,SATIET,KUGERWET
BURET,KONOIN,SIMOTI,SIMOTI
BURET,KONOIN,CHEBANGANG,KAPSENGERE
BURET,BURET,KAPKISIARA,KIPTOME
BURET,BURET,KIBUGAT,KELUNET
BURET,BURET,CHEBWAGAN,KAPSOGERUK
BURET,BURET,TECHOGET,KAMINJEIWA
BURET,KONOIN,CHEPTALAL,KITALA
BURET,BURET,GETARWET,CHEPKONGONY
BURET,BURET,KABARTEGAN,KIPKERIENY
BURET,KONOIN,SATIET,SATIET
BURET,BURET,CHEBORGE,KABORUS
BURET,BURET,KISIARA,MONORU
BURET,BURET,KISIARA,NG'OINA
BURET,KONOIN,KAPTIEN,KAPTIEN
BUSIA,NAMBALE,NAMBALE TOWNSHIP,NAMBALE TOWNSHIP
BUSIA,BUTULA,BUJUMBA,BUJUMBA
BUSIA,BUTULA,MARACHI CENTRAL,KINGADOLE
BUSIA,MATAYOS,NANGOMA,NANGOMA
BUSIA,BUTULA,ELUKHARI,KANJALA
BUSIA,BUTULA,MARACHI CENTRAL,BUKHALALIRE
BUSIA,BUTULA,BUJUMBA,BURINDA
BUSIA,BUTULA,MARACHI CENTRAL,ESIKOMA
BUSIA,MATAYOS,NANGOMA,MUYAFWA
BUSIA,BUTULA,BUMALA,BUMALA 'A'
BUSIA,MATAYOS,BUKHAYO WEST,ESIKULU
BUSIA,NAMBALE,BUKHAYO NORTH,KAPINA
BUSIA,BUTULA,ELUGULU,BWALIRO
BUSIA,BUTULA,ELUGULU,NAMUSALA
BUSIA,BUTULA,BUJUMBA,NAMWITSULA
BUSIA,MATAYOS,BUSIBWABO,NAKHAKINA
BUSIA,NAMBALE,BUKHAYO CENTRAL,SIDENDE
BUSIA,MATAYOS,NASEWA,MABUNGE
BUSIA,MATAYOS,NANGOMA,MURENDE
BUSIA,NAMBALE,BUKHAYO EAST,MADIBO
BUSIA,BUTULA,ELUKHARI,SIKARILA
BUSIA,BUTULA,BUJUMBA,IKONZO
BUSIA,MATAYOS,LWANYA,LULIBA
BUSIA,NAMBALE,BUKHAYO EAST,MUNGATSI
BUSIA,BUTULA,ELUGULU,BULEMIA
BUSIA,BUTULA,MARACHI EAST,TINGOLO
BUSIA,MATAYOS,BUKHAYO WEST,BUGENGI
BUSIA,BUTULA,ELUKHARI,BUKATI
BUSIA,BUTULA,MARACHI EAST,BUMALA B
BUSIA,MATAYOS,BUSIA TOWNSHIP,MJINI
BUSIA,NAMBALE,BUKHAYO EAST,SIKINGA
BUSIA,MATAYOS,LWANYA,IGERO
BUSIA,NAMBALE,NAMBALE TOWNSHIP,KISOKO
BUSIA,NAMBALE,BUKHAYO EAST,BUYOFU
BUSIA,NAMBALE,BUKHAYO CENTRAL,MALANGA
BUSIA,BUTULA,ELUGULU,BULWANI
BUSIA,BUTULA,MARACHI EAST,ELUKONGO
BUSIA,NAMBALE,WALATSI,MUSOKOTO
BUSIA,BUTULA,BUMALA,BUKHAHALA
BUSIA,MATAYOS,BUSIA TOWNSHIP,MAYENJE
BUSIA,MATAYOS,BUSIBWABO,NASIRA
BUSIA,MATAYOS,NASEWA,BUYAMA
BUSIA,MATAYOS,BUKHAYO WEST,MUNDIKA
BUSIA,MATAYOS,NASEWA,LUNGA
BUSIA,BUTULA,ELUGULU,EMUKHWESO
BUSIA,NAMBALE,BUKHAYO NORTH,LUPIDA
BUSIA,NAMBALE,WALATSI,KHWIRALE
BUSIA,MATAYOS,LWANYA,BUSENDE
BUSIA,BUTULA,BUMALA,BUSIRE
BUSIA,NAMBALE,BUKHAYO CENTRAL,LWANYANGE
BUSIA,NAMBALE,NAMBALE TOWNSHIP,SIEKUNYA
BUTERE,KHWISERO,NORTH KISA,MUNDOBELWA
BUTERE,BUTERE,TOWNSHIP,SHIREMBE
BUTERE,BUTERE,LUNZA,SHITARI
BUTERE,BUTERE,CENTRAL MARAMA,IMANGA
BUTERE,KHWISERO,SOUTH KISA,EMALINDI
BUTERE,KHWISERO,KISA EAST,EMATSASI
BUTERE,KHWISERO,KISA WEST,DOHO
BUTERE,BUTERE,MARENYO,MUYUNDI
BUTERE,BUTERE,LUNZA,LUNZA
BUTERE,BUTERE,TOWNSHIP,SHINAMWINYULI
BUTERE,KHWISERO,KISA CENTRAL,EMUTSASA
BUTERE,KHWISERO,SOUTH KISA,ESHIBINGA
BUTERE,BUTERE,MARENYO,SHIKUNGA
BUTERE,KHWISERO,ESHIROMBE,EKOMERO
BUTERE,BUTERE,SOUTH MARAMA,MASABA
BUTERE,BUTERE,SHIANDA,SHIANDA
BUTERE,KHWISERO,ESHIROMBE,EBUHALA
BUTERE,BUTERE,NORTH MARAMA,LUKOHE
BUTERE,BUTERE,LUNZA,BUCHENYA
BUTERE,BUTERE,NORTH MARAMA,EBUSHITINJI
BUTERE,KHWISERO,KISA EAST,MUNJITI
BUTERE,KHWISERO,MULWANDA,KHUSHIKU
BUTERE,BUTERE,NORTH MARAMA,INAYA
BUTERE,KHWISERO,NORTH KISA,MWIKALIKHA
BUTERE,KHWISERO,MULWANDA,MULWANDA
BUTERE,BUTERE,SOUTH MARAMA,SHIATSALA
BUTERE,KHWISERO,KISA CENTRAL,MUNDEKU
BUTERE,BUTERE,SHIANDA,MABOLE
BUTERE,KHWISERO,MULWANDA,SHIRALI
BUTERE,BUTERE,TOWNSHIP,SHIROTSA
BUTERE,BUTERE,MANYALA,ESHIENJERA
BUTERE,KHWISERO,KISA CENTRAL,WAMBULISHE
BUTERE,BUTERE,CENTRAL MARAMA,MUTOMA
BUTERE,KHWISERO,SOUTH KISA,MUNDAHA
BUTERE,KHWISERO,MULWANDA,MUSHIANGUBU
BUTERE,KHWISERO,KISA WEST,MUHAKA
BUTERE,BUTERE,MARENYO,BUBOKO
BUTERE,BUTERE,NORTH MARAMA,SHIRAHA
BUTERE,BUTERE,SHIANDA,BUBALA
BUTERE,BUTERE,CENTRAL MARAMA,IBOKOLO
BUTERE,KHWISERO,KISA WEST,DUDI
BUTERE,BUTERE,LUNZA,BUMAMU
BUTERE,KHWISERO,KISA EAST,EMURUBA
BUTERE,BUTERE,SOUTH MARAMA,SHIBEMBE
BUTERE,BUTERE,MANYALA,BUSHIENI
CHALBI,NORTH HORR,NORTH HORR,NORTH HORR
CHALBI,NORTH HORR,BELESA SARU,SABAREI
CHALBI,NORTH HORR,HURRI HILLS,FOROLLE
CHALBI,NORTH HORR,BUBISA,BUBISA
CHALBI,NORTH HORR,MAIKONA,MAIKONA
CHALBI,NORTH HORR,HURRI HILLS,HURRI HILLS
CHALBI,NORTH HORR,TURBI,TURBI
CHALBI,NORTH HORR,GALLAS,GALLAS
CHALBI,NORTH HORR,DUKANA,DUKANA
CHALBI,NORTH HORR,KALACHA,KALACHA
CHALBI,NORTH HORR,BALESA RIRIBA,EL-HADI
CHALBI,NORTH HORR,NORTH HORR,DARATE
CHALBI,NORTH HORR,BALESA RIRIBA,BALESA
CHALBI,NORTH HORR,KALACHA,EL-GADE
CHALBI,NORTH HORR,NORTH HORR,MALABOT
CHALBI,NORTH HORR,TURBI,BURGABO
CHALBI,NORTH HORR,MAIKONA,MEDATE KURO
CHALBI,NORTH HORR,SHURA,SHURA
EAST POKOT,TIATY,TANGULBEI,TANGULBEI
EAST POKOT,TIATY,KOSITEI,KOSITEI
EAST POKOT,TIATY,KOLLOWA,BARPELLO
EAST POKOT,TIATY,TANGULBEI,CHEMOIGUT
EAST POKOT,TIATY,LOYAMOROK,KOKORE
EAST POKOT,TIATY,AMAYA,AMAYA
EAST POKOT,TIATY,LOYAMOROK,PAKA
EAST POKOT,TIATY,KOSITEI,SERETION
EAST POKOT,TIATY,RIBKWO,CHESAKAM
EAST POKOT,TIATY,TIRIOKO,ANGORITIANG
EAST POKOT,TIATY,CHURO,CHEPELOW
EAST POKOT,TIATY,NGORON,NGORON
EAST POKOT,TIATY,CHURO,CHURO
EAST POKOT,TIATY,LOIWAT,CHEPELLION
EAST POKOT,TIATY,KOROSSI,KECHII
EAST POKOT,TIATY,NAUDO,AKWECHATIS
EAST POKOT,TIATY,SILALE,KAPEDO EAST
EAST POKOT,TIATY,LOIWAT,TILINGWO
EAST POKOT,TIATY,LORUK,KECHI LORUK KONGASIS
EAST POKOT,TIATY,AKORET,AKORET
EAST POKOT,TIATY,KOLLOWA,CHEPKARERAT
EAST POKOT,TIATY,KOLLOWA,KOLLOWA
EAST POKOT,TIATY,NGORON,MIRGIS
EAST POKOT,TIATY,CHURO,PUTERO
EAST POKOT,TIATY,LOYAMOROK,NGINYANG EAST
EAST POKOT,TIATY,TIRIOKO,KAPUNYANY
EAST POKOT,TIATY,KAPTUYA,KAPTUYA
EAST POKOT,TIATY,ORUS,ORUS
EAST POKOT,TIATY,NAUDO,NASOROT
EAST POKOT,TIATY,RIBKWO,KAPEDO WEST
EAST POKOT,TIATY,AKORET,KULAL
EAST POKOT,TIATY,LOIWAT,LOIWAT
EAST POKOT,TIATY,NAUDO,LOSIKIRIAMOI
EAST POKOT,TIATY,KOROSSI,NAKORETE
EAST POKOT,TIATY,SILALE,NAKOKO
EAST POKOT,TIATY,AKORET,KAPEDO NORTH
EAST POKOT,TIATY,KOSITEI,NGINYANG WEST
EAST POKOT,TIATY,ORUS,KOKWOTOTO
EAST POKOT,TIATY,RIBKWO,MORON
EAST POKOT,TIATY,LOKIS,LOKIS
EAST POKOT,TIATY,LOIWAT,KIPNAI
EAST POKOT,TIATY,KOROSSI,KOROSSI
ELDORET EAST,AINABKOI,AINABKOI,NDANAI
ELDORET EAST,MOIBEN,KOITOROR,KAPTUKTUK
ELDORET EAST,MOIBEN,KOITOROR,TUIYOLUK
ELDORET EAST,MOIBEN,SERGOIT,KELJI
ELDORET EAST,MOIBEN,SERGOIT,SERGOIT
ELDORET EAST,AINABKOI,KAPSOYA,KAPSOYA
ELDORET EAST,MOIBEN,TEMBELIO,KAPKEI
ELDORET EAST,MOIBEN,TEMBELIO,ELGEYO BORDER
ELDORET EAST,MOIBEN,KIMONING,KIMONING
ELDORET EAST,MOIBEN,KAPLOLO,CHEPLASKEI
ELDORET EAST,MOIBEN,MOIBEN,MOIBEN
ELDORET EAST,MOIBEN,KARUNA,SOSIO
ELDORET EAST,MOIBEN,MOIBEN,TOLOITA
ELDORET EAST,MOIBEN,KAPLOLO,USWO
ELDORET EAST,MOIBEN,KIMONING,CHEPBURBUR
ELDORET EAST,MOIBEN,KAPLOLO,KAPLOLO
ELDORET EAST,MOIBEN,KARUNA,KAPSUBERE
ELDORET EAST,AINABKOI,KIPKABUS,KAPLELACH
ELDORET EAST,AINABKOI,CHEPNGOROR,TINGWA
ELDORET EAST,MOIBEN,CHEPKOILEL,SIGOT
ELDORET EAST,AINABKOI,KIPKABUS,SONGICH
ELDORET EAST,MOIBEN,MUMETET,MEREWET
ELDORET EAST,MOIBEN,MEIBEKI,MEIBEKI
ELDORET EAST,MOIBEN,MEIBEKI,KAPSILIOT
ELDORET EAST,AINABKOI,CHEPKERO,KAPSUNDEI
ELDORET EAST,MOIBEN,KIMONING,KAMAUA
ELDORET EAST,MOIBEN,MUMETET,TOROCHIMOI
ELDORET EAST,AINABKOI,CHEPNGOROR,KOILUGET
ELDORET EAST,AINABKOI,OLARE,KAPKENO
ELDORET EAST,AINABKOI,KAPTAGAT,TENDWO
ELDORET EAST,AINABKOI,PLATEAU,CHESOGOR
ELDORET EAST,AINABKOI,AINABKOI,KAPSENGWET
ELDORET EAST,MOIBEN,SERGOIT,CHEPKOILEL
ELDORET EAST,AINABKOI,KAPNGETUNY,KAPNGETUNY
ELDORET EAST,AINABKOI,KIPSINENDE,KIPSINENDE
ELDORET EAST,AINABKOI,KIPSINENDE,CHEPTIGIT
ELDORET EAST,MOIBEN,CHEPKOILEL,KIMUMU
ELDORET EAST,AINABKOI,PLATEAU,CHEPKONGONY
ELDORET EAST,AINABKOI,KAPTAGAT,LOTONYOK
ELDORET EAST,AINABKOI,CHEPKERO,KILEGES
ELDORET EAST,AINABKOI,KIPSINENDE,KONGASIS
ELDORET EAST,AINABKOI,OLARE,BURNT FOREST
ELDORET EAST,AINABKOI,KAPNGETUNY,SILIBOI
ELDORET EAST,AINABKOI,CHEPNGOROR,CHEPNGOROR
ELDORET EAST,AINABKOI,KIPKABUS,TILOL
ELDORET WEST,SOY,SIRIKWA,SIRIKWA
ELDORET WEST,TURBO,KAPTEBEE,KAPTEBEE
ELDORET WEST,TURBO,SUGOI,KAPKONG
ELDORET WEST,TURBO,TAPSAGOI,TAPSAGOI
ELDORET WEST,SOY,SOY,SOY
ELDORET WEST,SOY,KIPSOMBA,KIPSOMBA
ELDORET WEST,SOY,KIPSOMBA,KAPSANG
ELDORET WEST,SOY,ZIWA,KEROTET
ELDORET WEST,TURBO,TAPSAGOI,TURBO
ELDORET WEST,TURBO,KIBULGENY,KILIMANI
ELDORET WEST,TURBO,NGENYILEL,OSORONGAI
ELDORET WEST,SOY,MOI'S BRIDGE,MOI'S BRIDGE
ELDORET WEST,TURBO,KAPYEMIT,KAPSAOS
ELDORET WEST,SOY,KIPLOMBE,KUINET
ELDORET WEST,TURBO,NGENYILEL,CHEPSAITA
ELDORET WEST,SOY,KOISAGAT,LOLKINYEI
ELDORET WEST,SOY,ZIWA,ZIWA
ELDORET WEST,TURBO,KAMAGUT,LESERU
ELDORET WEST,SOY,SIRIKWA,LEGEBET
ELDORET WEST,SOY,SOY,KONGASIS
ELDORET WEST,SOY,MOI'S BRIDGE,MATUNDA
ELDORET WEST,SOY,KOISAGAT,KOISAGAT
ELDORET WEST,TURBO,KIPLOMBE,KIPLOMBE
ELDORET WEST,SOY,SEGERO,KAPNGETUNY
ELDORET WEST,TURBO,SOSIANI,SOSIANI
ELDORET WEST,SOY,SEGERO,SEGERO
ELDORET WEST,TURBO,KIBULGENY,KAMUKUNJI
ELDORET WEST,TURBO,KAPYEMIT,HURUMA
ELDORET WEST,SOY,BARSOMBE,BARSOMBE
EMBU,RUNYENJES,KAGAARI SOUTH WEST,NTHAGAIYA
EMBU,RUNYENJES,MAKENGI,KEVOTE
EMBU,RUNYENJES,KAGAARI EAST,KIRINGA
EMBU,RUNYENJES,KYENI NORTH WEST,RUKURIRI
EMBU,RUNYENJES,KAGAARI NORTH WEST,MBUINJERU
EMBU,RUNYENJES,GATURI NORTH,KIANJUKI
EMBU,RUNYENJES,KAGAARI EAST,GICHERA
EMBU,MANYATTA,GATURI SOUTH,NEMBURE
EMBU,RUNYENJES,RUNYENJES WEST,GITARE
EMBU,RUNYENJES,KAGAARI NORTH WEST,KIANJOKOMA
EMBU,RUNYENJES,KYENI SOUTH,KARIRU
EMBU,RUNYENJES,MAKENGI,MAKENGI
EMBU,MANYATTA,NGANDORI EAST,KARIARI
EMBU,MANYATTA,NGANDORI WEST,MUKANGU
EMBU,RUNYENJES,KYENI SOUTH,KATHUNGURI
EMBU,MANYATTA,MUNICIPALITY,NJUKIRI
EMBU,RUNYENJES,GATURI NORTH,KAVUTIRI
EMBU,RUNYENJES,KYENI EAST,MUKURIA
EMBU,RUNYENJES,RUNYENJES EAST,GICHICHE
EMBU,MANYATTA,KITHIMU,KITHEGI
EMBU,RUNYENJES,KYENI NORTH WEST,MUFU
EMBU,MANYATTA,GATURI SOUTH,ENA EAST
EMBU,MANYATTA,KATHANGARIRI,RUGUMU
EMBU,RUNYENJES,KYENI SOUTH,KARURUMO
EMBU,MANYATTA,NGANDORI EAST,KAMVIU
EMBU,MANYATTA,KIBUGU,KIBUGU
EMBU,RUNYENJES,RUNYENJES WEST,MBIRURI
EMBU,RUNYENJES,KAGAARI NORTH EAST,KANJA SOUTH
EMBU,RUNYENJES,KYENI NORTH WEST,NJERURI
EMBU,RUNYENJES,KYENI CENTRAL,KATHANJURI
EMBU,RUNYENJES,KYENI NORTH EAST,IRIARI
EMBU,MANYATTA,NGANDORI WEST,KAIRURI
EMBU,MANYATTA,MBETI NORTH,ITABUA
EMBU,MANYATTA,KITHIMU,KITHIMU
EMBU,MANYATTA,NGANDORI EAST,MANYATTA
EMBU,MANYATTA,GATURI SOUTH,GATUNDURI
EMBU,RUNYENJES,KAGAARI SOUTH WEST,KAWANJARA
EMBU,RUNYENJES,KYENI SOUTH,KASAFARI
EMBU,MANYATTA,MBETI NORTH,KIANGIMA
EMBU,MANYATTA,KIBUGU,GICHERORI
EMBU,MANYATTA,RUGURU,KIRIARI
EMBU,RUNYENJES,KAGAARI NORTH WEST,MUGUI
EMBU,RUNYENJES,KYENI NORTH EAST,KATHARI
EMBU,MANYATTA,MBUVORE,MBUVORE
EMBU,MANYATTA,NGANDORI EAST,KIRIGI
EMBU,RUNYENJES,KYENI NORTH EAST,KIANGUNGI
EMBU,RUNYENJES,RUNYENJES WEST,GIKUURI
EMBU,MANYATTA,NGANDORI WEST,KATHANGARI
EMBU,RUNYENJES,KYENI EAST,KAGUMO
EMBU,RUNYENJES,RUNYENJES EAST,KIGAA
EMBU,RUNYENJES,KAGAARI NORTH WEST,KAMUGERE
EMBU,MANYATTA,MUNICIPALITY,DALLAS/STADIUM
EMBU,RUNYENJES,KAGAARI NORTH EAST,KANJA NORTH
EMBU,RUNYENJES,KAGAARI NORTH EAST,NDUURI
EMBU,MANYATTA,NGANDORI WEST,KITHUNGURURU
EMBU,MANYATTA,MUNICIPALITY,NTHAMBO
EMBU,MANYATTA,KATHANGARIRI,NGUVIU
EMBU,MANYATTA,MBETI NORTH,GATITURI
EMBU,RUNYENJES,KAGAARI SOUTH WEST,MARANGA
EMBU,MANYATTA,MUNICIPALITY,KAMIU
EMBU,MANYATTA,RUGURU,KIAMWINJA
EMBU,RUNYENJES,KAGAARI NORTH EAST,MUKUURI
EMBU,RUNYENJES,KYENI CENTRAL,NYAGARI
EMBU,MANYATTA,RUGURU,MUKURIA
EMBU,MANYATTA,KIBUGU,NGERWE
EMBU,MANYATTA,RUGURU,KITHUNGURIRI
EMBU,MANYATTA,NGANDORI EAST,RIANJAGI
EMBU,RUNYENJES,GATURI NORTH,ITOGURI
EMBU,MANYATTA,KITHIMU,ENA WEST
EMUHAYA,LUANDA,EAST BUNYORE,ESIANDA
EMUHAYA,LUANDA,WEKHOMO,EBUSUNDI
EMUHAYA,EMUHAYA,NORTH EAST BUNYORE,EBUSILOLI
EMUHAYA,LUANDA,SOUTH BUNYORE,EKWANDA
EMUHAYA,LUANDA,EAST BUNYORE,EMUTSALWA
EMUHAYA,LUANDA,SOUTH WEST BUNYORE,EBUTANYI
EMUHAYA,EMUHAYA,CENTRAL BUNYORE,EBUKANGA
EMUHAYA,EMUHAYA,CENTRAL BUNYORE,ESIRULO
EMUHAYA,EMUHAYA,NORTH EAST BUNYORE,EBUNANGWE
EMUHAYA,EMUHAYA,NORTH BUNYORE,EMMUKUNZI
EMUHAYA,LUANDA,SOUTH BUNYORE,ESABALU
EMUHAYA,LUANDA,WEKHOMO,EBUHANDO
EMUHAYA,EMUHAYA,NORTH EAST BUNYORE,EBUKHUNZA
EMUHAYA,LUANDA,NORTH BUNYORE,EBULONGA
EMUHAYA,EMUHAYA,NORTH BUNYORE,EBUSIRATSI
EMUHAYA,EMUHAYA,WEST BUNYORE,EBUSIEKWE
EMUHAYA,LUANDA,WEKHOMO,IBOONA
EMUHAYA,LUANDA,NORTH BUNYORE,EBUKHUBI
EMUHAYA,EMUHAYA,CENTRAL BUNYORE,EMUSIRE
EMUHAYA,EMUHAYA,NORTH BUNYORE,EBUKHAYA
EMUHAYA,LUANDA,WEST BUNYORE,EBUSIARALO
EMUHAYA,EMUHAYA,CENTRAL BUNYORE,EMMABWI
EMUHAYA,LUANDA,EAST BUNYORE,EBUBAYI
EMUHAYA,EMUHAYA,WEST BUNYORE,EMUKOLLA
EMUHAYA,EMUHAYA,NORTH EAST BUNYORE,EBUSAMIA
EMUHAYA,EMUHAYA,WEST BUNYORE,EMBALI
EMUHAYA,LUANDA,SOUTH WEST BUNYORE,ESIANDUMBA
EMUHAYA,LUANDA,WEST BUNYORE,EBUSIKHALE
EMUHAYA,LUANDA,SOUTH BUNYORE,EBUSAKAMI
EMUHAYA,EMUHAYA,NORTH EAST BUNYORE,EMUSUTSWI
EMUHAYA,LUANDA,SOUTH BUNYORE,MASENO
EMUHAYA,LUANDA,EAST BUNYORE,ESIRABE
EMUHAYA,EMUHAYA,WEST BUNYORE,ITUMBU
EMUHAYA,EMUHAYA,CENTRAL BUNYORE,ESSUNZA
EMUHAYA,LUANDA,SOUTH WEST BUNYORE,MWITUBWI
EMUHAYA,LUANDA,SOUTH BUNYORE,EMMALOBA
EMUHAYA,EMUHAYA,CENTRAL BUNYORE,ESSABA
EMUHAYA,LUANDA,SOUTH WEST BUNYORE,EBWIRANYI
FAFI,FAFI,BURA,BURA
FAFI,FAFI,KAMUTHE,KAMUTHE
FAFI,FAFI,WELMERER,WELMERER
FAFI,FAFI,BULLA GOLOL,BULLA GOLOL
FAFI,FAFI,FAFI,FAFI
FAFI,FAFI,NANIGHI,NANIGHI
FAFI,FAFI,MANSABUBU,MANSABUBU
GARBATULA,ISIOLO SOUTH,GARBATULA,GARBATULA SOUTH
GARBATULA,ISIOLO SOUTH,MODOGASHE,MODOGASHE SOUTH
GARBATULA,ISIOLO SOUTH,KULAMAWE,KULAMAWE
GARBATULA,ISIOLO SOUTH,KINNA,KINNA
GARBATULA,ISIOLO SOUTH,GARFASA,MUCHORO
GARBATULA,ISIOLO SOUTH,GARBATULA,GARBATULA NORTH
GARBATULA,ISIOLO SOUTH,MODOGASHE,MODOGASHE NORTH
GARBATULA,ISIOLO SOUTH,GARFASA,GARFASA
GARBATULA,ISIOLO SOUTH,ERESA BORU,ERESA BORU
GARBATULA,ISIOLO SOUTH,KULAMAWE,MODOYAKA
GARBATULA,ISIOLO SOUTH,SERICHO,SERICHO
GARBATULA,ISIOLO SOUTH,SERICHO,GUBATU
GARBATULA,ISIOLO SOUTH,RAPSU,RAPSU
GARBATULA,ISIOLO SOUTH,MALKADAKA,MALKADAKA
GARBATULA,ISIOLO SOUTH,ERESA BORU,BADANA GARDIDA
GARISSA,DUJIS,TOWNSHIP,GALBET
GARISSA,DUJIS,TOWNSHIP,TOWNSHIP
GARISSA,BALAMBALA,RAYA,RAYA
GARISSA,DUJIS,CENTRAL,WABERI
GARISSA,DUJIS,IFTIN,IFTIN
GARISSA,BALAMBALA,SANKURI,SANKURI
GARISSA,BALAMBALA,SHIMBIRI,SHIMBIRI
GARISSA,BALAMBALA,SAKA,SAKA
GARISSA,BALAMBALA,SAKA,DALEY
GARISSA,BALAMBALA,DUJIS,DUJIS
GARISSA,BALAMBALA,LIBAHILOW,LIBAHILOW
GARISSA,DUJIS,BOUR-ALGI,BOUR-ALGI
GARISSA,BALAMBALA,BALAMBALA,BALAMBALA
GARISSA,BALAMBALA,BALAMBALA,KASHA
GARISSA,BALAMBALA,DANYERE,URGAAD
GARISSA,DUJIS,KARAKORA,KARAKORA
GARISSA,BALAMBALA,BALAMBALA,ASHADIN
GARISSA,BALAMBALA,JARA JARA,JARA JARA
GARISSA,BALAMBALA,SANKURI,BALICH
GARISSA,BALAMBALA,DANYERE,DANYERE
GATANGA,GATANGA,KIGORO,KIGORO
GATANGA,GATANGA,KIHUMBUINI,KAGONGO
GATANGA,GATANGA,NDAKAINI,NDAKAINI
GATANGA,GATANGA,KIHUMBUINI,NYAGA
GATANGA,GATANGA,NGABUYA,KIARUTARA
GATANGA,GATANGA,KIGIO,GAKURARI
GATANGA,GATANGA,ITHANGA,KAGUKU
GATANGA,GATANGA,KIUNYU,GITUAMBA
GATANGA,GATANGA,MITUMBIRI,NANGA
GATANGA,GATANGA,NGELELYA,THUNGURURU
GATANGA,GATANGA,KIGIO,ITHANGARARI
GATANGA,GATANGA,KIHUMBUINI,THUITA
GATANGA,GATANGA,KIRIAINI,MUREKE
GATANGA,GATANGA,KARIARAI,MBUGITI
GATANGA,GATANGA,KARIARAI,GATUNGURU
GATANGA,GATANGA,KARIARAI,GATURA
GATANGA,GATANGA,MUGUMOINI,MUGUMOINI
GATANGA,GATANGA,KAKUZI,GITUAMBA
GATANGA,GATANGA,GATANGA,CHOMO
GATANGA,GATANGA,KIGIO,KIGIO
GATANGA,GATANGA,GATANGA,GATANGA
GATANGA,GATANGA,KIHUMBUINI,KIHUMBUINI
GATANGA,GATANGA,MUGUMOINI,MABANDA
GATANGA,GATANGA,KAKUZI,KINYANGI
GATANGA,GATANGA,NGABUYA,MWAGU
GATANGA,GATANGA,GATANGA,KIRWARA
GATANGA,GATANGA,NGELELYA,KWA MUKUNDI
GATANGA,GATANGA,KIGORO,GIACHUKI
GATANGA,GATANGA,KIRIAINI,KIRIAINI
GATANGA,GATANGA,SAMURU,MWITINGIRI
GATANGA,GATANGA,ITHANGA,MIANYANI
GATANGA,GATANGA,KARIARAI,KARANGI
GATANGA,GATANGA,MUGUMOINI,MITHANDUKU-INI
GATANGA,GATANGA,KIGORO,GITIRI
GATANGA,GATANGA,NGELELYA,MUGUMO
GATANGA,GATANGA,ITHANGA,GIATHANI-INI
GATANGA,GATANGA,KIUNYU,KIUNYU
GATANGA,GATANGA,KIUNYU,RUGAITA
GATANGA,GATANGA,MUKARARA,MUKURWE
GATANGA,GATANGA,MUKARARA,MUKARARA
GATANGA,GATANGA,MUKARARA,GATIIGURU
GATANGA,GATANGA,MUKARARA,NJAIINI
GATANGA,GATANGA,KIRIAINI,THARE
GATANGA,GATANGA,KIGORO,NDUNYU CHEGE
GATANGA,GATANGA,KIRIAINI,GATHANJI
GATANGA,GATANGA,NDAKAINI,KIMANDI
GATANGA,GATANGA,SAMURU,GATAMBARA
GATANGA,GATANGA,NGABUYA,KIGANJO
GATANGA,GATANGA,NDAKAINI,KANUNGA
GATANGA,GATANGA,KARIARAI,KIMAKIA
GATANGA,GATANGA,MITUMBIRI,THUTHUA
GATUNDU,GATUNDU NORTH,GAKOE,NDIKO
GATUNDU,GATUNDU SOUTH,NGENDA,GITHUNGUCHU
GATUNDU,GATUNDU NORTH,MAKWA,MAKWA
GATUNDU,GATUNDU NORTH,KAIRI,NGORONGO
GATUNDU,GATUNDU NORTH,MANGU,MANGU
GATUNDU,GATUNDU NORTH,GITHOMBOKONI,NJAHI
GATUNDU,GATUNDU NORTH,KAIRI,KAIRI
GATUNDU,GATUNDU SOUTH,KIGANJO,KIGANJO
GATUNDU,GATUNDU NORTH,MAKWA,NGUNA
GATUNDU,GATUNDU SOUTH,NGENDA,KAHUNGU_INI
GATUNDU,GATUNDU NORTH,MANGU,MUKURWE
GATUNDU,GATUNDU SOUTH,KIGANJO,KIAMWORIA
GATUNDU,GATUNDU SOUTH,KIGANJO,MUNDORO
GATUNDU,GATUNDU SOUTH,KIAMWANGI,GATHAGE
GATUNDU,GATUNDU SOUTH,NGENDA,KIMUNYU
GATUNDU,GATUNDU NORTH,GITUAMBA,KIRIKO
GATUNDU,GATUNDU SOUTH,KIGANJO,GACHIKA
GATUNDU,GATUNDU NORTH,KAIRI,MUIRIGO
GATUNDU,GATUNDU SOUTH,KIGANJO,NDUNDU
GATUNDU,GATUNDU SOUTH,NDARUGU,MUNYU_INI
GATUNDU,GATUNDU SOUTH,KIAMWANGI,KIAMWANGI
GATUNDU,GATUNDU NORTH,MAKWA,NGETHU
GATUNDU,GATUNDU SOUTH,KIAMWANGI,NEMBU
GATUNDU,GATUNDU NORTH,GATHAITI,KAMWANGI
GATUNDU,GATUNDU SOUTH,NDARUGU,GITWE
GATUNDU,GATUNDU SOUTH,NGENDA,WAMWANGI
GATUNDU,GATUNDU SOUTH,NGENDA,ITURU
GATUNDU,GATUNDU SOUTH,NGENDA,HANDEGE
GATUNDU,GATUNDU NORTH,KARURI,IGEGANIA
GATUNDU,GATUNDU SOUTH,NDARUGU,KARATU
GATUNDU,GATUNDU NORTH,MANGU,MITERO
GATUNDU,GATUNDU NORTH,GATHAITI,KANYONI
GATUNDU,GATUNDU NORTH,KARURI,NYAMANGARA
GATUNDU,GATUNDU NORTH,MANGU,GATUKUYU
GATUNDU,GATUNDU NORTH,GATHAITI,GATHAITI
GATUNDU,GATUNDU NORTH,KARURI,KARURI
GATUNDU,GATUNDU NORTH,GITHOMBOKONI,GACHEGE
GATUNDU,GATUNDU SOUTH,KIAMWANGI,KIGONGO
GATUNDU,GATUNDU NORTH,GITUAMBA,GITUAMBA
GATUNDU,GATUNDU NORTH,GITUAMBA,MATAARA
GATUNDU,GATUNDU SOUTH,NDARUGU,KARINGA
GATUNDU,GATUNDU NORTH,GITUAMBA,MARIA_INI
GATUNDU,GATUNDU NORTH,GAKOE,GAKOE
GATUNDU,GATUNDU SOUTH,KIGANJO,GATITU
GATUNDU,GATUNDU SOUTH,NGENDA,KIRANGARI
GATUNDU,GATUNDU SOUTH,NGENDA,RITHO
GATUNDU,GATUNDU SOUTH,NDARUGU,KIRANGI
GATUNDU,GATUNDU NORTH,GATHAITI,MWIMUTO
GATUNDU,GATUNDU SOUTH,NDARUGU,GACHARAGE
GATUNDU,GATUNDU NORTH,GATHAITI,GATEI
GATUNDU,GATUNDU NORTH,GITHOMBOKONI,KAMUNYAKA
GITHUNGURI,GITHUNGURI,KIRATINA,KIRATINA
GITHUNGURI,GITHUNGURI,KIRATINA,KIBICHOI
GITHUNGURI,GITHUNGURI,GITHIGA,GITHIGA
GITHUNGURI,GITHUNGURI,IKINU,LIOKI
GITHUNGURI,GITHUNGURI,GITHUNGURI,KIAIRIA
GITHUNGURI,GITHUNGURI,NGEWA,KIMATHI
GITHUNGURI,GITHUNGURI,KOMOTHAI,THUITA
GITHUNGURI,GITHUNGURI,IKINU,IKINU
GITHUNGURI,GITHUNGURI,NGEWA,NYAGA
GITHUNGURI,GITHUNGURI,GITHUNGURI,GITHUNGURI
GITHUNGURI,GITHUNGURI,IKINU,KIAIBABU
GITHUNGURI,GITHUNGURI,NGEWA,GIATHIEKO
GITHUNGURI,GITHUNGURI,KOMOTHAI,MBARIYA-IGI
GITHUNGURI,GITHUNGURI,GITHIGA,MATUGUTA
GITHUNGURI,GITHUNGURI,GITHIGA,GATHANGARI
GITHUNGURI,GITHUNGURI,IKINU,NGEMWA
GITHUNGURI,GITHUNGURI,GITHUNGURI,KANJAI
GITHUNGURI,GITHUNGURI,KIRATINA,GATHUGU
GITHUNGURI,GITHUNGURI,KOMOTHAI,KIAMBURURU
GITHUNGURI,GITHUNGURI,GITHIGA,GITIHA
GUCHA,BOBASI,RIGENA,RITUBE
GUCHA,BOBASI,BASSI CHACHE,BOGETAORIO II
GUCHA,BOMACHOGE BORABU,BOOCHI BORABU,EMESA
GUCHA,BOMACHOGE CHACHE,MAJOGE CHACHE,MISESI
GUCHA,BOBASI,BASSI CENTRAL,KEGOCHI
GUCHA,BOBASI,BASSI BORABU,BOSANSA
GUCHA,BOMACHOGE BORABU,MAJOGE BORABU,KIANGO
GUCHA,BOBASI,BASSI BOGETAORIO,NYACHOGOCHOGO
GUCHA,BOMACHOGE BORABU,MAGENCHE,MOKUBO
GUCHA,BOMACHOGE BORABU,MAJOGE MASABA,NYABITUNWA
GUCHA,BOMACHOGE CHACHE,MAJOGE CHACHE,KANYIMBO
GUCHA,BOMACHOGE BORABU,MAJOGE BORABU,IGORERA
GUCHA,BOBASI,BASSI MASIGE EAST,OMOKONGE
GUCHA,BOBASI,NYANGITI,GETENGA
GUCHA,BOBASI,BASSI MASIGE WEST,GIONSERI
GUCHA,BOMACHOGE BORABU,MAJOGE MASABA,KENYENYA
GUCHA,BOMACHOGE CHACHE,TENDERE,NYANSAKIA
GUCHA,BOBASI,BASSI BOGETAORIO,NYANGUSU
GUCHA,BOMACHOGE CHACHE,SENGERA,BOSOTI
GUCHA,BOBASI,BASSI CENTRAL,NYOERA
GUCHA,BOMACHOGE BORABU,MAGENCHE,NYAMECHEO
GUCHA,BOBASI,BASSI MASIGE EAST,KIOBEGI
GUCHA,BOBASI,NYACHEKI,RIOMORO
GUCHA,BOBASI,BASSI BOITANGARE,IGARE
GUCHA,BOMACHOGE BORABU,MAGENCHE,MAGENCHE
GUCHA,BOBASI,BASSI CHACHE,SAMETA
GUCHA,BOBASI,BASSI MASIGE WEST,OMUSARIA
GUCHA,BOBASI,BASSI CHACHE,GIASAIGA
GUCHA,BOBASI,BASSI CENTRAL,EMENWA
GUCHA,BOMACHOGE CHACHE,SENGERA,NYAISERO
GUCHA,BOMACHOGE BORABU,MAJOGE MASABA,BOKIMONGE
GUCHA,BOBASI,RIGENA,ROGONGO
GUCHA,BOBASI,MOKWERERO,KENYERERE
GUCHA,BOBASI,MOKWERERO,KIONGONGI
GUCHA,BOBASI,BASSI BORABU,RIOSUGO
GUCHA,BOBASI,NYACHEKI,ISENA
GUCHA,BOBASI,NYACHEKI,BORANGI
GUCHA,BOMACHOGE CHACHE,TENDERE,BOOCHI
GUCHA,BOBASI,NYANGITI,GESURE
GUCHA,BOBASI,BASSI CENTRAL,MAJI MAZURI
GUCHA,BOBASI,BASSI MASIGE EAST,MASISI / IGOMA
GUCHA,BOBASI,BASSI MASIGE WEST,MOSORA
GUCHA,BOBASI,GIONSARIA,NYANTIRA
GUCHA,BOMACHOGE CHACHE,TENDERE,KERAGIA
GUCHA,BOBASI,GIONSARIA,RIONTWEKA
GUCHA,BOBASI,BASSI MASIGE EAST,TURWA
GUCHA,BOMACHOGE BORABU,BOOCHI BORABU,RITEMBU
GUCHA,BOBASI,BASSI BOITANGARE,NYAMAGWA
GUCHA,BOBASI,BASSI MASIGE WEST,NYACHENGE
GUCHA,BOMACHOGE CHACHE,TENDERE,MANGERE
GUCHA,BOBASI,BASSI CHACHE,ETORA
GUCHA,BOBASI,BASSI MASIGE WEST,OROGARE
GUCHA,BOBASI,BASSI MASIGE WEST,NYABISIA
GUCHA SOUTH,SOUTH MUGIRANGO,CHITAGO,AMAKARA
GUCHA SOUTH,SOUTH MUGIRANGO,CHITAGO,BOIGE
GUCHA SOUTH,SOUTH MUGIRANGO,GETENGA,MUMA
GUCHA SOUTH,SOUTH MUGIRANGO,NYAKEMBENE,BOIKANGA
GUCHA SOUTH,SOUTH MUGIRANGO,SOUTH MUGIRANGO CHACHE,TABAKA
GUCHA SOUTH,SOUTH MUGIRANGO,SOUTH MUGIRANGO BORABU,BOTABORI
GUCHA SOUTH,SOUTH MUGIRANGO,SOUTH MUGIRANGO CENTRAL,BOGETENGA
GUCHA SOUTH,SOUTH MUGIRANGO,OTENDO,NDONYO
GUCHA SOUTH,SOUTH MUGIRANGO,SOUTH MUGIRANGO BORABU,MONIANKU
GUCHA SOUTH,SOUTH MUGIRANGO,GETENGA,NYARAMBA
GUCHA SOUTH,SOUTH MUGIRANGO,SOUTH MUGIRANGO CENTRAL,BOMONYAMA
GUCHA SOUTH,SOUTH MUGIRANGO,SOUTH MUGIRANGO CENTRAL,NYANSORE
GUCHA SOUTH,SOUTH MUGIRANGO,SOUTH MUGIRANGO BORABU,KIANGWARE
GUCHA SOUTH,SOUTH MUGIRANGO,SOUTH MUGIRANGO CHACHE,BOSINANGE
GUCHA SOUTH,SOUTH MUGIRANGO,SOUTH MUGIRANGO BORABU,NYAMONDO
GUCHA SOUTH,SOUTH MUGIRANGO,SOUTH MUGIRANGO CHACHE,BOMONYARA
GUCHA SOUTH,SOUTH MUGIRANGO,NYAKEMBENE,IKORO
GUCHA SOUTH,SOUTH MUGIRANGO,OTENDO,NYABERA
GUCHA SOUTH,SOUTH MUGIRANGO,NYAKEMBENE,NYAKORERE
GUCHA SOUTH,SOUTH MUGIRANGO,NYANSAKIA,NYATARIO
GUCHA SOUTH,SOUTH MUGIRANGO,GETENGA,BOSAGA
GUCHA SOUTH,SOUTH MUGIRANGO,NYANSAKIA,EBURI
HAMISI,HAMISI,TAMBUA,GIMARAKWA
HAMISI,HAMISI,JEPKOYAI,KAPCHEMUGUNG
HAMISI,HAMISI,JEPKOYAI,TIGOI
HAMISI,HAMISI,MUHUDU,MUHUDU
HAMISI,HAMISI,SENENDE,SENENDE
HAMISI,HAMISI,JEPKOYAI,KITAGWA
HAMISI,HAMISI,MUHUDU,MULUNDU
HAMISI,HAMISI,GISAMBAI,GIMOMOI
HAMISI,HAMISI,GISAMBAI,GALONA
HAMISI,HAMISI,BANJA,KIPCHEKWEN
HAMISI,HAMISI,JEPKOYAI,GIVOLE
HAMISI,HAMISI,TAMBUA,MWEMBE
HAMISI,HAMISI,SHAVIRANGA,SHIRU
HAMISI,HAMISI,BANJA,KAPSOTIK
HAMISI,HAMISI,SHAMAKHOKHO,JIVOVOLI
HAMISI,HAMISI,SHAMAKHOKHO,SEREM
HAMISI,HAMISI,SHAMAKHOKHO,KISASI
HAMISI,HAMISI,TAMBUA,GAMALENGA
HAMISI,HAMISI,BANJA,GIVOGI
HAMISI,HAMISI,SHAVIRANGA,JEPTULU
HAMISI,HAMISI,SHAVIRANGA,MAKUCHI
HAMISI,HAMISI,TAMBUA,KIPTAIMES
HAMISI,HAMISI,TAMBUA,IVOLA
HAMISI,HAMISI,BANJA,GASIANGA
HAMISI,HAMISI,GISAMBAI,GAMOI
HAMISI,HAMISI,SENENDE,KALWANI
HAMISI,HAMISI,MUHUDU,KAPTECH
HAMISI,HAMISI,GISAMBAI,GAVUNDUNYI
HOMABAY,NDHIWA,NORTH KANYAMWA,KOCHIENG WEST
HOMABAY,NDHIWA,WEST KANYAMWA,KAYAMBO
HOMABAY,RANGWE,EAST KAGAN,KANYARUANDA
HOMABAY,RANGWE,WEST KAGAN,KANYIEREMA
HOMABAY,NDHIWA,WEST KANYADOTO,NORTH KOBURA
HOMABAY,RANGWE,EAST GEM,KOYOLO
HOMABAY,NDHIWA,EAST KWABWAI,KAMDAR-KAWANGA
HOMABAY,RANGWE,KOCHIA WEST,KAURA
HOMABAY,NDHIWA,CENTRAL KABUOCH,KONYANGO
HOMABAY,RANGWE,CENTRAL GEM,KAJULU
HOMABAY,RANGWE,GEM WEST,KANYAJWA
HOMABAY,NDHIWA,SOUTH KABUOCH,KAGURIA KAMENYA
HOMABAY,RANGWE,CENTRAL KOCHIA,KOWILI
HOMABAY,HOMA BAY,HOMABAY TOWN,ARUJO
HOMABAY,HOMA BAY,EAST KANYADA,KANYACH KACHAR
HOMABAY,HOMA BAY,EAST KANYADA,KOTHIDHA
HOMABAY,NDHIWA,NORTH KANYIKELA,SOUTH KANYIKELA
HOMABAY,RANGWE,KOCHIA WEST,KANAM
HOMABAY,HOMA BAY,EAST KANYADA,KALANYA KANYANGO
HOMABAY,NDHIWA,SOUTH KANYAMWA,KAJWANG
HOMABAY,NDHIWA,SOUTH KABUOCH,KOBITA
HOMABAY,NDHIWA,WEST KABUOCH,KACHIENG EAST
HOMABAY,NDHIWA,WEST KABUOCH,WEST KACHIENG
HOMABAY,RANGWE,CENTRAL GEM,GENGA
HOMABAY,RANGWE,WEST KAGAN,KOKOKO
HOMABAY,RANGWE,KOCHIA EAST,KAMENYA
HOMABAY,NDHIWA,CENTRAL KANYADOTO,NORTH KAGANDA
HOMABAY,NDHIWA,CENTRAL KANYAMWA,KABONYO
HOMABAY,HOMA BAY,WEST KANYANDA,KATUMA
HOMABAY,NDHIWA,WEST KWABWAI,KADHOLA
HOMABAY,NDHIWA,SOUTH KANYAMWA,KACHOLA
HOMABAY,RANGWE,GEM WEST,KAMAGAWI
HOMABAY,NDHIWA,NORTH KANYAMWA,EAST KOCHIENG
HOMABAY,NDHIWA,WEST KWABWAI,KASIRIME
HOMABAY,HOMA BAY,EAST KANYADA,KOBWOLA KOGWANG
HOMABAY,NDHIWA,EAST KWABWAI,KACHUTH
HOMABAY,NDHIWA,NORTH KABUOCH,KONYANGO
HOMABAY,NDHIWA,WEST KANYADOTO,SOUTH KOBURA
HOMABAY,NDHIWA,CENTRAL KABUOCH,KAWERE KAWUOR
HOMABAY,RANGWE,GONGO,GONGO
HOMABAY,NDHIWA,SOUTH KABUOCH,KOGUTA
HOMABAY,NDHIWA,NORTH KABUOCH,KACHWANYA
HOMABAY,HOMA BAY,HOMABAY TOWN,ASEGO
HOMABAY,NDHIWA,EAST KWABWAI,KAMDAR-KODODO
HOMABAY,NDHIWA,WEST KWABWAI,KASIRIME KAWANGA
HOMABAY,HOMA BAY,WEST KANYANDA,SOUTH KANYABALA
HOMABAY,RANGWE,CENTRAL KOCHIA,KORAYO
HOMABAY,NDHIWA,CENTRAL KABUOCH,KARADING
HOMABAY,NDHIWA,NORTH KANYAMWA,KOMUNGU
HOMABAY,NDHIWA,EAST KWABWAI,KAMDAR-KANYOLO
HOMABAY,NDHIWA,WEST KANYAMWA,KWAMO
HOMABAY,HOMA BAY,WEST KANYANDA,KOTIENO
HOMABAY,RANGWE,EAST GEM,KOTIENO
HOMABAY,HOMA BAY,WEST KANYANDA,NORTH KANYABALA
HOMABAY,NDHIWA,CENTRAL KANYAMWA,KWANDIKU
HOMABAY,NDHIWA,CENTRAL KANYADOTO,SOUTH KAGANDA
HOMABAY,RANGWE,EAST KAGAN,KOMENYA
HOMABAY,HOMA BAY,HOMABAY TOWN,HOMABAY TOWN
HOMABAY,NDHIWA,SOUTH KANYAMWA,KADWET
HOMABAY,NDHIWA,WEST KWABWAI,RACHAR
HOMABAY,NDHIWA,NORTH KANYAMWA,KAKAETA
IGEMBE,IGEMBE CENTRAL,NGUYUYU,KANJOO
IGEMBE,IGEMBE NORTH,NTUNENE,KIRINDARA
IGEMBE,IGEMBE SOUTH,KABULINE,AMUNGENTI
IGEMBE,IGEMBE CENTRAL,KIENGU,KALINGENE
IGEMBE,IGEMBE CENTRAL,ANTUBEIGA,RUUNGU
IGEMBE,IGEMBE CENTRAL,KANGETA,KANGETA
IGEMBE,IGEMBE SOUTH,AKACHIU,AMWAMBA
IGEMBE,IGEMBE NORTH,NAATU,NKANDONE
IGEMBE,IGEMBE CENTRAL,KANGETA,KILIMBENE
IGEMBE,IGEMBE SOUTH,KANUNI,ATHIMBA
IGEMBE,IGEMBE SOUTH,ANTUBOCHIU,BUREMARIA
IGEMBE,IGEMBE CENTRAL,MUKULULU,NTURUBA
IGEMBE,IGEMBE CENTRAL,MURINGENE,THUURU
IGEMBE,IGEMBE NORTH,KABACHI,AMWATHI I
IGEMBE,IGEMBE CENTRAL,AKIRANG'ONDU,KATHELWA
IGEMBE,IGEMBE NORTH,NAATU,NAATHU
IGEMBE,IGEMBE CENTRAL,AKIRANG'ONDU,MUCHUNGULU
IGEMBE,IGEMBE CENTRAL,KAWIRU,BAIBARIU
IGEMBE,IGEMBE NORTH,ANTUBETWE,NDOLELI
IGEMBE,IGEMBE SOUTH,ATHI,NCEEME
IGEMBE,IGEMBE SOUTH,ANTUBOCHIU,ANCHENGE
IGEMBE,IGEMBE CENTRAL,ATHIRURUNJINE,THITHA
IGEMBE,IGEMBE NORTH,ANTUAMBUI,ANTUAMBUI
IGEMBE,IGEMBE CENTRAL,ANTUBEIGA,BURIERURI
IGEMBE,IGEMBE NORTH,ANTUAMBUI,NKANDA
IGEMBE,IGEMBE NORTH,ANTUBETWE,RUONGO
IGEMBE,IGEMBE SOUTH,MAUA,AMWATHI
IGEMBE,IGEMBE SOUTH,NDUGUTO,TIIRA
IGEMBE,IGEMBE NORTH,KABACHI,AMWATHI II
IGEMBE,IGEMBE SOUTH,AKACHIU,AUKI
IGEMBE,IGEMBE NORTH,LUGUTI,ANJALU
IGEMBE,IGEMBE NORTH,NTUNENE,NTUNENE (LINJOKA)
IGEMBE,IGEMBE SOUTH,KANTHIARI,KINYANKA
IGEMBE,IGEMBE SOUTH,ATHIRUGAITI,ANJARU
IGEMBE,IGEMBE CENTRAL,MIORI,KAURINE
IGEMBE,IGEMBE SOUTH,GUKA,UGOTI
IGEMBE,IGEMBE CENTRAL,NGUYUYU,NTHAMBIRU
IGEMBE,IGEMBE CENTRAL,NJIA,NJIA CIA MWENDWA
IGEMBE,IGEMBE SOUTH,KITHETU,KATHIMA
IGEMBE,IGEMBE SOUTH,ATHI,KIRINDINE
IGEMBE,IGEMBE SOUTH,KIGURU,ANTUAMBULI
IGEMBE,IGEMBE SOUTH,KIEGOI,MBOONE KIEGONI
IGEMBE,IGEMBE SOUTH,KIGURU,KIANDA
IGEMBE,IGEMBE SOUTH,KANTHIARI,ITUUMI
IGEMBE,IGEMBE SOUTH,NDUGUTO,AMUNJU
IGEMBE,IGEMBE SOUTH,KIRIMAMPIO,BWETHAA
IGEMBE,IGEMBE CENTRAL,NJIA,ITULU
IGEMBE,IGEMBE CENTRAL,MUKULULU,LIBURU
IGEMBE,IGEMBE CENTRAL,MIORI,NTHARE
IGEMBE,IGEMBE SOUTH,MAUA,GITURA
IGEMBE,IGEMBE SOUTH,KINDANI,THAICU
IGEMBE,IGEMBE CENTRAL,NJIA,KIOLU KIA MUUTI
IGEMBE,IGEMBE SOUTH,LULUMA,GITERETU
IGEMBE,IGEMBE NORTH,LUGUTI,MIRIKI
IGEMBE,IGEMBE NORTH,ANTUBETWE,KIANI
IGEMBE,IGEMBE NORTH,ANTUBETWE,KARICHU
IGEMBE,IGEMBE SOUTH,KITHETU,ANKURANI
IGEMBE,IGEMBE CENTRAL,NKINYANGA,LILIABA
IGEMBE,IGEMBE CENTRAL,MURINGENE,KITHARE
IGEMBE,IGEMBE SOUTH,KABULINE,ANTUANTHAMA
IGEMBE,IGEMBE SOUTH,KIEGOI,NGUNDUNE
IGEMBE,IGEMBE SOUTH,KABULINE,IKUU
IGEMBE,IGEMBE CENTRAL,KAWIRU,KAENE
IGEMBE,IGEMBE SOUTH,KANUNI,KIUNYENE
IGEMBE,IGEMBE SOUTH,KIGURU,NKIENE
IGEMBE,IGEMBE SOUTH,MIORI,ANDIALA
IGEMBE,IGEMBE SOUTH,ATHIRUGAITI,NTUBAKIIRU
IGEMBE,IGEMBE CENTRAL,NKINYANGA,LAIKUMUKUMU
IGEMBE,IGEMBE NORTH,LUGUTI,KIROMWATI
IGEMBE,IGEMBE CENTRAL,NGUYUYU,KITHEO
IGEMBE,IGEMBE SOUTH,KIENGU,ANTUBETWE NJOUNE
IGEMBE,IGEMBE SOUTH,MAUA,KAIBU
IGEMBE,IGEMBE SOUTH,KITHETU,KITHAENI
IGEMBE,IGEMBE SOUTH,GUKA,MAREGA
IGEMBE,IGEMBE SOUTH,LULUMA,MAKIRI
IGEMBE,IGEMBE CENTRAL,KIRIMAMPIO,THUURIA
IGEMBE,IGEMBE SOUTH,KIENGU,AMAKUU
IJARA,IJARA,KOTILE,ABALATIRO
IJARA,IJARA,MASALANI,MASALANI
IJARA,IJARA,HADI,HADI
IJARA,IJARA,IJARA,IJARA
IJARA,IJARA,KOTILE,KOTILE
IJARA,IJARA,RUQA,RUQA
IJARA,IJARA,HARA,QURAMADHA
IJARA,IJARA,HULUGHO,HULUGHO
IJARA,IJARA,MASALANI,GABABA
IJARA,IJARA,HULUGHO,ELKAMBERE
IJARA,IJARA,MASALANI,MUHUMED DAHIR
IJARA,IJARA,HARA,HARA
IJARA,IJARA,BODHAI,BODHAI
IJARA,IJARA,HULUGHO,GARABEY
IJARA,IJARA,BODHAI,JALISH
IJARA,IJARA,SANGAILU,SANGAILU
IJARA,IJARA,GERILLE,GERILLE
IMENTI NORTH,NORTH IMENTI,NTIMA,UPPER IGOKI
IMENTI NORTH,BUURI,NGUSISHI,MARITATI
IMENTI NORTH,BUURI,NTIRIMITI,SUBUIGA
IMENTI NORTH,BUURI,KIRIMARA,KITHITHINA
IMENTI NORTH,BUURI,RWARERA,KIRWIRO
IMENTI NORTH,BUURI,NTIRIMITI,MUTUNYI
IMENTI NORTH,NORTH IMENTI,MUNITHU,KAMBITI
IMENTI NORTH,NORTH IMENTI,NKABUNE,KATHITA
IMENTI NORTH,NORTH IMENTI,MUNITHU,KIRIMENE
IMENTI NORTH,BUURI,KISIMA,NGARE NDARE
IMENTI NORTH,BUURI,RWARERA,KATHWENE
IMENTI NORTH,NORTH IMENTI,MULATHANKARI,NJOKA
IMENTI NORTH,BUURI,NTIRIMITI,NTIRIMITI
IMENTI NORTH,NORTH IMENTI,NKABUNE,KANYUANGO
IMENTI NORTH,NORTH IMENTI,NTAKIRA,NGONYI
IMENTI NORTH,BUURI,KIIRUA,NKANDO
IMENTI NORTH,NORTH IMENTI,KIBURINE,CIOTHIRAI
IMENTI NORTH,NORTH IMENTI,GIAKI,KAMBEREU
IMENTI NORTH,NORTH IMENTI,NTAKIRA,GITUGU
IMENTI NORTH,BUURI,NAARI,MAITEI
IMENTI NORTH,NORTH IMENTI,MULATHANKARI,MUKUA
IMENTI NORTH,BUURI,NAARI,MICHOGOMONE
IMENTI NORTH,BUURI,NAARI,RUNKURU
IMENTI NORTH,NORTH IMENTI,NTHIMBIRI,MPURI
IMENTI NORTH,BUURI,NAARI,GITIMENE
IMENTI NORTH,BUURI,RUIRI,NCOROIBORO
IMENTI NORTH,BUURI,KIRIMARA,KIAMBOGO
IMENTI NORTH,NORTH IMENTI,KIBURINE,MBIRIKENE
IMENTI NORTH,BUURI,KIIRUA,KIIRUA
IMENTI NORTH,NORTH IMENTI,GIAKI,KIRIMAITUNE
IMENTI NORTH,BUURI,NTIRIMITI,MARANYA
IMENTI NORTH,BUURI,NGUSISHI,MUTARAKWA
IMENTI NORTH,NORTH IMENTI,GIAKI,KANJAGI
IMENTI NORTH,BUURI,ONTULILI,KATHERI
IMENTI NORTH,BUURI,KIIRUA,KITHIMA
IMENTI NORTH,BUURI,KISIMA,BUURI
IMENTI NORTH,BUURI,RUIRI,MUTUMA
IMENTI NORTH,NORTH IMENTI,NTAKIRA,MAGUNDU
IMENTI NORTH,NORTH IMENTI,THUURA,RWANYANGE
IMENTI NORTH,NORTH IMENTI,IGOKI,LOWER IGOKI
IMENTI NORTH,NORTH IMENTI,MULATHANKARI,KAAGA
IMENTI NORTH,BUURI,ONTULILI,KANGAITA
IMENTI NORTH,BUURI,ONTULILI,ANTU BAMWITU
IMENTI NORTH,NORTH IMENTI,NTAKIRA,KIRUGUA
IMENTI NORTH,NORTH IMENTI,THUURA,KIAMWITARI
IMENTI NORTH,NORTH IMENTI,GIAKI,MBEU
IMENTI NORTH,NORTH IMENTI,KIBURINE,GACHUA
IMENTI NORTH,NORTH IMENTI,NTHIMBIRI,NTHIMBIRI
IMENTI NORTH,NORTH IMENTI,CHUGU,KITHOKA
IMENTI NORTH,NORTH IMENTI,CHUGU,CHUNGARI
IMENTI NORTH,NORTH IMENTI,IGOKI,GACHANKA
IMENTI NORTH,NORTH IMENTI,NTAKIRA,NCHAURE
IMENTI NORTH,NORTH IMENTI,MUNICIPALITY,KAAGA I
IMENTI NORTH,NORTH IMENTI,NTHIMBIRI,KAING'INYO
IMENTI NORTH,BUURI,RUIRI,KAMUTUNE
IMENTI NORTH,NORTH IMENTI,MUNITHU,GANKERE
IMENTI NORTH,BUURI,RWARERA,MUGAE
IMENTI NORTH,NORTH IMENTI,MUNICIPALITY,TOWNSHIP
IMENTI NORTH,NORTH IMENTI,IGOKI,MURINGOMBUGI
IMENTI NORTH,NORTH IMENTI,MUNICIPALITY,GAKOROMONE
IMENTI NORTH,NORTH IMENTI,CHUGU,RUNOGONE
IMENTI NORTH,NORTH IMENTI,NTIMA,TUNTU
IMENTI SOUTH,SOUTH IMENTI,KIANJOGU,MIRURIIRI
IMENTI SOUTH,SOUTH IMENTI,MITUNGUU,NG'ONYI
IMENTI SOUTH,SOUTH IMENTI,IGOKI,UPPER CHURE
IMENTI SOUTH,SOUTH IMENTI,ABOGETA,UPPER KIUNGONE
IMENTI SOUTH,SOUTH IMENTI,KANYAKINE,KANYAKINE
IMENTI SOUTH,SOUTH IMENTI,IGOJI,GIKUI
IMENTI SOUTH,SOUTH IMENTI,KARIA,KARIA
IMENTI SOUTH,SOUTH IMENTI,MWERU,KIATHATHI
IMENTI SOUTH,SOUTH IMENTI,KATHERA,MARIMBA
IMENTI SOUTH,SOUTH IMENTI,KARIA,KIANGUA
IMENTI SOUTH,SOUTH IMENTI,IGOJI,GAKIIRI
IMENTI SOUTH,SOUTH IMENTI,KITHANGARI,UPPER KITHANGARI
IMENTI SOUTH,SOUTH IMENTI,IGOKI,KOTHINE
IMENTI SOUTH,SOUTH IMENTI,KIANJOGU,KIANJOGU
IMENTI SOUTH,SOUTH IMENTI,KIRINGA,IGOKINE
IMENTI SOUTH,SOUTH IMENTI,URUKU,UKUU
IMENTI SOUTH,SOUTH IMENTI,KIANJOGU,MITUNE
IMENTI SOUTH,SOUTH IMENTI,KITHANGARI,BARANGA
IMENTI SOUTH,SOUTH IMENTI,KITHANGARI,NTHARENE
IMENTI SOUTH,SOUTH IMENTI,MITUNGUU,KIRENDENE
IMENTI SOUTH,SOUTH IMENTI,KATHERA,TAITA
IMENTI SOUTH,SOUTH IMENTI,KINORO,KINORO
IMENTI SOUTH,SOUTH IMENTI,KIRINGA,KITHATU
IMENTI SOUTH,SOUTH IMENTI,MWERU,MWERU
IMENTI SOUTH,SOUTH IMENTI,MIKUMBUNE,KIGANE
IMENTI SOUTH,SOUTH IMENTI,IGOKI,MWICHIUNE
IMENTI SOUTH,SOUTH IMENTI,MIKUMBUNE,MIKUMBUNE
IMENTI SOUTH,SOUTH IMENTI,IGOJI,KUIRI
IMENTI SOUTH,SOUTH IMENTI,KATHERA,KATHERA
IMENTI SOUTH,SOUTH IMENTI,KIRINGA,KAIRAA
IMENTI SOUTH,SOUTH IMENTI,URUKU,URUKU
IMENTI SOUTH,SOUTH IMENTI,KARIA,NKUNJUMU
IMENTI SOUTH,SOUTH IMENTI,MWERU,MWOROGA
IMENTI SOUTH,SOUTH IMENTI,KINORO,KIROONE
IMENTI SOUTH,SOUTH IMENTI,NKACHIE,KITHAKANANO
IMENTI SOUTH,SOUTH IMENTI,URUKU,BAITIGETU
IMENTI SOUTH,SOUTH IMENTI,KINORO,KIAMWERI
IMENTI SOUTH,SOUTH IMENTI,NKACHIE,MARAA
ISIOLO,ISIOLO NORTH,CENTRAL,ODHA
ISIOLO,ISIOLO NORTH,CENTRAL,BULA PESA
ISIOLO,ISIOLO NORTH,EAST,WABERA
ISIOLO,ISIOLO NORTH,EAST,KIWANJANI
ISIOLO,ISIOLO NORTH,WEST,BURAT
ISIOLO,ISIOLO NORTH,MERTI,MERTI NORTH
ISIOLO,ISIOLO NORTH,BULESA,BULESA
ISIOLO,ISIOLO NORTH,NGARE MARA,GOTU
ISIOLO,ISIOLO NORTH,NGARE MARA,NGARE MARA
ISIOLO,ISIOLO NORTH,BISAN BILIKU,BISAN BILIQU
ISIOLO,ISIOLO NORTH,MERTI,MERTI SOUTH
ISIOLO,ISIOLO NORTH,KORBESA,KORBESA
ISIOLO,ISIOLO NORTH,BULESA,GODA
ISIOLO,ISIOLO NORTH,WEST,ISIOLO WEST
ISIOLO,ISIOLO NORTH,MALKA GALLA,MALKA GALLA
ISIOLO,ISIOLO NORTH,OLDONYIRO,OLDONYIRO
ISIOLO,ISIOLO NORTH,OLDONYIRO,LONKOPITO
ISIOLO,ISIOLO NORTH,KIPSING,KIPSING
ISIOLO,ISIOLO NORTH,KIPSING,LENGURUMA
ISIOLO,ISIOLO NORTH,YAMICHA,YAMICHA
ISIOLO,ISIOLO NORTH,KORBESA,MATAARBA
KAJIADO CENTRAL,KAJIADO CENTRAL,BISSIL,BISSIL
KAJIADO CENTRAL,KAJIADO CENTRAL,TOWNSHIP,MAJENGO
KAJIADO CENTRAL,KAJIADO CENTRAL,NAMANGA,NAMANGA
KAJIADO CENTRAL,KAJIADO EAST,POKA,EMALI
KAJIADO CENTRAL,KAJIADO EAST,ARROI,LESONKOYO
KAJIADO CENTRAL,KAJIADO EAST,ILMUNKUSH,ERANKAU
KAJIADO CENTRAL,KAJIADO EAST,IMARORO,KILOH
KAJIADO CENTRAL,KAJIADO CENTRAL,TOWNSHIP,MARKET
KAJIADO CENTRAL,KAJIADO CENTRAL,ILDAMAT,ESOKOTA
KAJIADO CENTRAL,KAJIADO CENTRAL,ENKORIKA,ENKORIKA
KAJIADO CENTRAL,KAJIADO CENTRAL,ILDAMAT,OLOYIANKALANI
KAJIADO CENTRAL,KAJIADO CENTRAL,ILDAMAT,OLKILORITI
KAJIADO CENTRAL,KAJIADO CENTRAL,SAJILONI,SAJILONI
KAJIADO CENTRAL,KAJIADO EAST,MERUESHI,IMBUKO
KAJIADO CENTRAL,KAJIADO EAST,IMARORO,MASHURU
KAJIADO CENTRAL,KAJIADO CENTRAL,MAILWA,MAILWA
KAJIADO CENTRAL,KAJIADO CENTRAL,SAJILONI,IMPIRO
KAJIADO CENTRAL,KAJIADO WEST,LOODOKILANI,TOROKA
KAJIADO CENTRAL,KAJIADO CENTRAL,SAJILONI,ISEURI
KAJIADO CENTRAL,KAJIADO CENTRAL,NKOILE,NKOILE
KAJIADO CENTRAL,KAJIADO CENTRAL,MAPARASHA,OLMOLELIAN
KAJIADO CENTRAL,KAJIADO CENTRAL,MAPARASHA,EMOTOROKI
KAJIADO CENTRAL,KAJIADO CENTRAL,LORNG'OSWA,RUANCHE
KAJIADO CENTRAL,KAJIADO CENTRAL,METO,METO
KAJIADO CENTRAL,KAJIADO CENTRAL,BISSIL,ILPARTIMARO
KAJIADO CENTRAL,KAJIADO EAST,MERUESHI,MERUESHI
KAJIADO CENTRAL,KAJIADO CENTRAL,ENKARONI,ENKARONI
KAJIADO CENTRAL,KAJIADO CENTRAL,OSILALEI,OLKERIAI
KAJIADO CENTRAL,KAJIADO CENTRAL,METO,KUMPA
KAJIADO CENTRAL,KAJIADO EAST,KENYEWE,KIBOKO
KAJIADO CENTRAL,KAJIADO CENTRAL,ENKORIKA,ORINIE
KAJIADO CENTRAL,KAJIADO CENTRAL,BISSIL,OLEPOLOS
KAJIADO CENTRAL,KAJIADO CENTRAL,OLOONTULUGUM,OLGIRRA
KAJIADO CENTRAL,KAJIADO EAST,ARROI,ARROI
KAJIADO CENTRAL,KAJIADO WEST,KISERIAN,OLTEYANI
KAJIADO CENTRAL,KAJIADO EAST,NKAMA,SULTAN HAMUD
KAJIADO CENTRAL,KAJIADO CENTRAL,ENKARONI,ISIAIT
KAJIADO CENTRAL,KAJIADO CENTRAL,MAILWA,ELUANATA
KAJIADO CENTRAL,KAJIADO CENTRAL,ENKARONI,NALEPO
KAJIADO CENTRAL,KAJIADO EAST,NKAMA,NKAMA
KAJIADO CENTRAL,KAJIADO EAST,KENYEWE,MASIMBA
KAJIADO CENTRAL,KAJIADO CENTRAL,LORNG'OSWA,LORNG'OSWA
KAJIADO CENTRAL,KAJIADO CENTRAL,NAMANGA,OLDONYOROK
KAJIADO CENTRAL,KAJIADO CENTRAL,OLOBELIBEL,PELEWA
KAJIADO CENTRAL,KAJIADO EAST,POKA,IMBILIN
KAJIADO CENTRAL,KAJIADO EAST,OLTUROTO,OLTUROTO
KAJIADO CENTRAL,KAJIADO CENTRAL,SAJILONI,INKIWANCHANI
KAJIADO CENTRAL,KAJIADO CENTRAL,OLOBELIBEL,OLEMURKAT
KAJIADO CENTRAL,KAJIADO EAST,KITENGELA,KITENGELA
KAJIADO CENTRAL,KAJIADO EAST,ILMUNKUSH,EMARTI
KAJIADO CENTRAL,KAJIADO CENTRAL,OLOONTULUGUM,OLOONTULUGUM
KAJIADO CENTRAL,KAJIADO EAST,ISINYA,ENKIRIGIRRI
KAJIADO CENTRAL,KAJIADO CENTRAL,TOWNSHIP,HOSPITAL
KAJIADO CENTRAL,KAJIADO WEST,LOODOKILANI,KARERO
KAJIADO CENTRAL,KAJIADO CENTRAL,NKOILE,KUMPA
KAJIADO CENTRAL,KAJIADO WEST,NGONG,KIBIKO
KAJIADO CENTRAL,KAJIADO WEST,SOUTH KEEKONYOKIE,KISAJU-NGONG
KAJIADO CENTRAL,KAJIADO WEST,ELANGATA-WUAS,SINGIRAINE
KAJIADO NORTH,KAJIADO WEST,OLKIRAMATIAN,NKURUMANI
KAJIADO NORTH,KAJIADO EAST,OLTUROTO,OLTUROTO
KAJIADO NORTH,KAJIADO NORTH,ONGATA RONGAI,ONGATA RONGAI
KAJIADO NORTH,KAJIADO NORTH,OLKERI,UPPER NKOROI
KAJIADO NORTH,KAJIADO EAST,KITENGELA,OLOOLOITIKOSHI
KAJIADO NORTH,KAJIADO NORTH,OLKERI,OLOOSURUTIA
KAJIADO NORTH,KAJIADO NORTH,OLOOLUA,OLEPOLOS
KAJIADO NORTH,KAJIADO EAST,KITENGELA,KITENGELA
KAJIADO NORTH,KAJIADO NORTH,OLOOLUA,BULBUL
KAJIADO NORTH,KAJIADO NORTH,OLOOLUA,OLOOLUA
KAJIADO NORTH,KAJIADO WEST,NGONG,KIBIKO
KAJIADO NORTH,KAJIADO WEST,KISERIAN,NASERIAN
KAJIADO NORTH,KAJIADO WEST,OLDONYO-NYOIKE,OLDONYO-NYOKIE
KAJIADO NORTH,KAJIADO NORTH,KISERIAN,UPPER MATASIA
KAJIADO NORTH,KAJIADO NORTH,OLKERI,OLKERI
KAJIADO NORTH,KAJIADO WEST,SHOMPOLE,PAKASE
KAJIADO NORTH,KAJIADO WEST,KISERIAN,OLTEYANI
KAJIADO NORTH,KAJIADO EAST,OLOOSIRKON,SHOLINKE
KAJIADO NORTH,KAJIADO EAST,ISINYA,ENKIRIGIRRI
KAJIADO NORTH,KAJIADO NORTH,NGONG,NGONG TOWNSHIP
KAJIADO NORTH,KAJIADO EAST,IMARORO,MASHURU
KAJIADO NORTH,KAJIADO NORTH,NKAIMURUNYA,KANDISI
KAJIADO NORTH,KAJIADO WEST,ENTASHART,OLOSHO-OIBOR
KAJIADO NORTH,KAJIADO NORTH,LEMELEPO,LOWER NKOROI
KAJIADO NORTH,KAJIADO NORTH,NKAIMURUNYA,KWARE
KAJIADO NORTH,KAJIADO NORTH,LEMELEPO,KAHUHO
KAJIADO NORTH,KAJIADO NORTH,OLKERI,LOWER MATASIA
KAJIADO NORTH,KAJIADO EAST,OLTUROTO,KISAJU
KAJIADO NORTH,KAJIADO NORTH,NKAIMURUNYA,MOSOI RANGE
KAJIADO NORTH,KAJIADO NORTH,OLOOLUA,KERARAPON
KAJIADO NORTH,KAJIADO WEST,OLKIRAMATIAN,ENTASOPIA
KAJIADO NORTH,KAJIADO WEST,OLCHORRO-ONYOR,OLCHORRO-ONYORE
KAJIADO NORTH,KAJIADO WEST,LOODOKILANI,TOROKA
KAJIADO NORTH,KAJIADO WEST,CENTRAL KEEKONYOKIE,EREMIT
KAJIADO NORTH,KAJIADO WEST,ELANGATA-WUAS,ELANGATA-WUAS
KAJIADO NORTH,KAJIADO WEST,CENTRAL KEEKONYOKIE,KISAMIS
KAJIADO NORTH,KAJIADO EAST,OLOOSIRKON,OLOOSIRKON
KAJIADO NORTH,KAJIADO WEST,LOODOKILANI,LOODOKILANI
KAJIADO NORTH,KAJIADO WEST,NORTH KEEKONYOKIE,OLGUMI
KAJIADO NORTH,KAJIADO EAST,ISINYA,ILPOLOSAT
KAJIADO NORTH,KAJIADO WEST,CENTRAL KEEKONYOKIE,OLTEPESI
KAJIADO NORTH,KAJIADO WEST,SOUTH KEEKONYOKIE,OLOYIANKALANI
KAJIADO NORTH,KAJIADO NORTH,ONGATA RONGAI,OLEKASASI
KAJIADO NORTH,KAJIADO WEST,SOUTH KEEKONYOKIE,KISAJU-NGONG
KAJIADO NORTH,KAJIADO WEST,CENTRAL KEEKONYOKIE,LOODARIAK
KAJIADO NORTH,KAJIADO NORTH,NKAIMURUNYA,EMBAKASI
KAJIADO NORTH,KAJIADO WEST,ENTASHART,SAIKERI
KAJIADO NORTH,KAJIADO WEST,OLDONYO-NYOIKE,KOORA
KAJIADO NORTH,KAJIADO WEST,SHOMPOLE,OLOIKA
KAJIADO NORTH,KAJIADO WEST,KILONITO,KILONITO
KAJIADO NORTH,KAJIADO WEST,MAGADI,OLKERI-MAGADI
KAJIADO NORTH,KAJIADO WEST,SHOMPOLE,SHOMPOLE
KAJIADO NORTH,KAJIADO WEST,NORTH KEEKONYOKIE,NAJILE
KAJIADO NORTH,KAJIADO WEST,MOSIRO,EMBARBAL
KAJIADO NORTH,KAJIADO WEST,MOSIRO,OLDORKO
KAJIADO NORTH,KAJIADO WEST,LOODOKILANI,KARERO
KAJIADO NORTH,KAJIADO WEST,OLCHORRO-ONYOR,KIPETO
KAJIADO NORTH,KAJIADO WEST,ELANGATA-WUAS,ILOSHON
KAJIADO NORTH,KAJIADO WEST,MOSIRO,OLDEPE
KAJIADO NORTH,KAJIADO WEST,NORTH KEEKONYOKIE,INKIUSHIN
KAJIADO NORTH,KAJIADO WEST,MAGADI,MAGADI
KAJIADO NORTH,KAJIADO WEST,NORTH KEEKONYOKIE,KISHARU
KAJIADO NORTH,KAJIADO WEST,OLKIRAMATIAN,OLKIRAMATIAN
KAJIADO NORTH,KAJIADO WEST,OLKIRAMATIAN,MUSENGE
KAJIADO NORTH,KAJIADO WEST,OLKIRAMATIAN,OLDORKO
KAJIADO NORTH,KAJIADO WEST,TOROSEI,TOROSEI
KAJIADO NORTH,KAJIADO WEST,SHOMPOLE,ENDOINYO-OLASHO
KAJIADO NORTH,KAJIADO WEST,ESONORUA,ESONORUA
KAJIADO NORTH,KAJIADO WEST,SHOMPOLE,LENKOBEI
KAJIADO NORTH,KAJIADO WEST,ENTASHART,KIMUKA
KAJIADO NORTH,KAJIADO WEST,NORTH KEEKONYOKIE,ENKORIKA
KAJIADO NORTH,KAJIADO WEST,OLKIRAMATIAN,LORNGOSUA
KAJIADO NORTH,KAJIADO EAST,ILMUNKUSH,EMARTI
KAJIADO NORTH,KAJIADO WEST,KILONITO,INDUPA
KAJIADO NORTH,KAJIADO WEST,ELANGATA-WUAS,SINGIRAINE
KAJIADO NORTH,KAJIADO WEST,OLDONYO-NYOIKE,NKEEK-PUSI
KAJIADO NORTH,KAJIADO WEST,TOROSEI,EMUKUTAN
KAKAMEGA CENTRAL,LURAMBI,SOUTH BUTSOTSO,MATIOLI
KAKAMEGA CENTRAL,LURAMBI,BUKHUNGU,SHIRERE
KAKAMEGA CENTRAL,NAVAKHOLO,BUNYALA WEST,LUSUMU
KAKAMEGA CENTRAL,LURAMBI,SOUTH BUTSOTSO,EMUKAYA
KAKAMEGA CENTRAL,NAVAKHOLO,NAMBACHA,BUCHANGU
KAKAMEGA CENTRAL,LURAMBI,CENTRAL BUTSOTSO,SHIBULI
KAKAMEGA CENTRAL,NAVAKHOLO,NORTH BUTSOTSO,MATIHA
KAKAMEGA CENTRAL,LURAMBI,CENTRAL BUTSOTSO,SHIYUNZU
KAKAMEGA CENTRAL,NAVAKHOLO,NORTH BUTSOTSO,ESUMEYIA
KAKAMEGA CENTRAL,NAVAKHOLO,BUNYALA EAST,NAMIRAMA
KAKAMEGA CENTRAL,NAVAKHOLO,NAMBACHA,NAMBACHA
KAKAMEGA CENTRAL,LURAMBI,EAST BUTSOTSO,INDANGALASIA
KAKAMEGA CENTRAL,NAVAKHOLO,NORTH BUTSOTSO,INGOTSE
KAKAMEGA CENTRAL,NAVAKHOLO,BUNYALA WEST,KOCHWA
KAKAMEGA CENTRAL,LURAMBI,SOUTH BUTSOTSO,ESHIBEYE
KAKAMEGA CENTRAL,NAVAKHOLO,BUNYALA EAST,SIVILIE
KAKAMEGA CENTRAL,NAVAKHOLO,BUNYALA WEST,SIDIKHO
KAKAMEGA CENTRAL,NAVAKHOLO,NORTH BUTSOTSO,SHINOYI
KAKAMEGA CENTRAL,NAVAKHOLO,BUNYALA WEST,BUDONGA
KAKAMEGA CENTRAL,LURAMBI,CENTRAL BUTSOTSO,ESHISIRU
KAKAMEGA CENTRAL,NAVAKHOLO,NAMBACHA,SIRIGOI
KAKAMEGA CENTRAL,LURAMBI,SHIEYWE,SICHILAYI
KAKAMEGA CENTRAL,LURAMBI,EAST BUTSOTSO,SHIRAKALU
KAKAMEGA CENTRAL,LURAMBI,EAST BUTSOTSO,MURUMBA
KAKAMEGA CENTRAL,LURAMBI,BUKHUNGU,MAHIAKALO
KAKAMEGA CENTRAL,LURAMBI,SHIEYWE,TOWNSHIP
KAKAMEGA CENTRAL,NAVAKHOLO,NAMBACHA,MUKWESO
KAKAMEGA CENTRAL,NAVAKHOLO,NORTH BUTSOTSO,SHIKOMARI
KAKAMEGA EAST,SHINYALU,KHAYEGA,SHIRULU
KAKAMEGA EAST,SHINYALU,KHAYEGA,SHIDODO
KAKAMEGA EAST,SHINYALU,KAMBIRI,LUBAO
KAKAMEGA EAST,SHINYALU,ILESI,MALIMILI
KAKAMEGA EAST,SHINYALU,IVIHIGA,LUKUSI
KAKAMEGA EAST,SHINYALU,SHIBUYE,SHIASABA
KAKAMEGA EAST,SHINYALU,MURHANDA,ITENYI
KAKAMEGA EAST,SHINYALU,SHIBUYE,MUKANGO
KAKAMEGA EAST,SHINYALU,SHIBUYE,SHINGODO
KAKAMEGA EAST,SHINYALU,KHAYEGA,MUSENO
KAKAMEGA EAST,SHINYALU,ILESI,MUKHONJE
KAKAMEGA EAST,SHINYALU,MURHANDA,SHISEMBE
KAKAMEGA EAST,SHINYALU,IVIHIGA,LUNYU
KAKAMEGA EAST,SHINYALU,SHIBUYE,VIRHEMBE
KAKAMEGA EAST,SHINYALU,MURHANDA,MUKULUSU
KAKAMEGA EAST,SHINYALU,KAMBIRI,BUYANGU
KAKAMEGA EAST,SHINYALU,KHAYEGA,SHITOCHI
KAKAMEGA EAST,SHINYALU,MURHANDA,SHISWA
KAKAMEGA EAST,SHINYALU,KAMBIRI,BULOVI
KAKAMEGA EAST,SHINYALU,KHAYEGA,LUGOSE
KAKAMEGA EAST,SHINYALU,ILESI,MUGOMARI
KAKAMEGA EAST,SHINYALU,KAMBIRI,IVAKALE
KAKAMEGA EAST,SHINYALU,IVIHIGA,IKUYWA
KAKAMEGA NORTH,MALAVA,BURUNDU,MUTSUMA
KAKAMEGA NORTH,MALAVA,CHEGULO,NAMUSHIYA
KAKAMEGA NORTH,MALAVA,SIRUNGAI,MANDA
KAKAMEGA NORTH,MALAVA,CHESERO,FUVALE
KAKAMEGA NORTH,MALAVA,LUKUME,W. LUKALA
KAKAMEGA NORTH,MALAVA,SHIRUGU,SAMITSI
KAKAMEGA NORTH,MALAVA,MAHIRA,MUTINGONGO
KAKAMEGA NORTH,MALAVA,LUKUME,SHIKUTSE
KAKAMEGA NORTH,MALAVA,CHEMUSE,KIMANGETI
KAKAMEGA NORTH,MALAVA,BURUNDU,SHIMULI
KAKAMEGA NORTH,MALAVA,CHEMUSE,MUSINGU
KAKAMEGA NORTH,MALAVA,MATIOLI,MUKAVAKAVA
KAKAMEGA NORTH,MALAVA,BURUNDU,SAWAWA
KAKAMEGA NORTH,MALAVA,CHEGULO,MATSAKHA
KAKAMEGA NORTH,MALAVA,MATIOLI,BUTALI
KAKAMEGA NORTH,MALAVA,CHEGULO,CHEBWAI
KAKAMEGA NORTH,MALAVA,SIRUNGAI,TOMBO
KAKAMEGA NORTH,MALAVA,SHIVANGA,CHEPTULI
KAKAMEGA NORTH,MALAVA,SHIRUGU,MALEKHA
KAKAMEGA NORTH,MALAVA,SHIANDA,SASALA
KAKAMEGA NORTH,MALAVA,CHEGULO,MAHUSI
KAKAMEGA NORTH,MALAVA,MAHIRA,SHILONGO
KAKAMEGA NORTH,MALAVA,MUGAI,MUSUNGU
KAKAMEGA NORTH,MALAVA,SHIRUGU,SHEYWE
KAKAMEGA NORTH,MALAVA,SHIANDA,SHAMBRERE
KAKAMEGA NORTH,MALAVA,MATIOLI,TANDE
KAKAMEGA NORTH,MALAVA,SHIANDA,LUNYINYA
KAKAMEGA NORTH,MALAVA,MUGAI,SUNDULO
KAKAMEGA NORTH,MALAVA,CHESERO,IKOLI
KAKAMEGA NORTH,MALAVA,MAHIRA,MUKHONJE
KAKAMEGA NORTH,MALAVA,CHESERO,LWANDA
KAKAMEGA NORTH,MALAVA,SHIANDA,CHEVOSO
KAKAMEGA NORTH,MALAVA,MAHIRA,MWERA
KAKAMEGA NORTH,MALAVA,SHIVANGA,MURIOLA
KAKAMEGA NORTH,MALAVA,MATIOLI,SHIPALA
KAKAMEGA NORTH,MALAVA,TOWNSHIP,MALANGA
KAKAMEGA NORTH,MALAVA,CHESERO,KAKUNGA
KAKAMEGA NORTH,MALAVA,MUGAI,LUKALA
KAKAMEGA NORTH,MALAVA,CHEMUSE,TUMBENI
KAKAMEGA NORTH,MALAVA,SHIVANGA,TERESIA
KAKAMEGA NORTH,MALAVA,CHEMUSE,CHIMORONI
KAKAMEGA NORTH,MALAVA,SIRUNGAI,SHIANDICHE
KAKAMEGA NORTH,MALAVA,LUKUME,LUKUME
KAKAMEGA NORTH,MALAVA,BURUNDU,BURUNDU
KAKAMEGA NORTH,MALAVA,CHEMUSE,LUKHOKHO
KAKAMEGA NORTH,MALAVA,TOWNSHIP,SHIVIKHWA
KAKAMEGA NORTH,MALAVA,SHIVANGA,FUVUYE
KAKAMEGA NORTH,MALAVA,SHIANDA,IFWETERE
KAKAMEGA NORTH,MALAVA,SHIANDA,SHAMONI
KAKAMEGA NORTH,MALAVA,CHEMUSE,MASUNGUTSA
KAKAMEGA NORTH,MALAVA,TOWNSHIP,ISANJIRO
KAKAMEGA SOUTH,IKOLOMANI,SHIRUMBA,SHITOLI
KAKAMEGA SOUTH,IKOLOMANI,ISULU,MUKONGOLO
KAKAMEGA SOUTH,IKOLOMANI,ISULU,LUNERERE
KAKAMEGA SOUTH,IKOLOMANI,CHISERE,SHISESO
KAKAMEGA SOUTH,IKOLOMANI,SHIKUMU,MADIVINI
KAKAMEGA SOUTH,IKOLOMANI,CHISERE,SHIKULU
KAKAMEGA SOUTH,IKOLOMANI,SHIKUMU,SHABWALI
KAKAMEGA SOUTH,IKOLOMANI,ISULU,SHIBUNAME
KAKAMEGA SOUTH,IKOLOMANI,SHIRUMBA,SHIVAGALA
KAKAMEGA SOUTH,IKOLOMANI,CHISERE,SHIMANYIRO
KAKAMEGA SOUTH,IKOLOMANI,SHIRUMBA,MALINYA
KAKAMEGA SOUTH,IKOLOMANI,CHISERE,MUTAHO
KAKAMEGA SOUTH,IKOLOMANI,IGUHU,MAKHOKHO
KAKAMEGA SOUTH,IKOLOMANI,ISULU,MUSOLI
KAKAMEGA SOUTH,IKOLOMANI,SHIKUMU,KALUNI
KAKAMEGA SOUTH,IKOLOMANI,IGUHU,IVONDA
KAKAMEGA SOUTH,IKOLOMANI,IGUHU,SAVANE
KAKAMEGA SOUTH,IKOLOMANI,EREGI,SHISHEJERI
KAKAMEGA SOUTH,IKOLOMANI,EREGI,SHANJETSO
KAKAMEGA SOUTH,IKOLOMANI,IGUHU,SHIVEYE
KAKAMEGA SOUTH,IKOLOMANI,IGUHU,LIRHEMBE
KAKAMEGA SOUTH,IKOLOMANI,EREGI,LUKOSE
KALOLENI,RABAI,RABAI,MGUMO WA PATSA/MAZERAS
KALOLENI,KALOLENI,KALOLENI,KALOLENI/VISHAKANI
KALOLENI,RABAI,RIBE,CHAURINGO
KALOLENI,KALOLENI,JIBANA,KWALE
KALOLENI,RABAI,KAMBE,MBWAKA/KIKOMANI
KALOLENI,RABAI,RABAI,KALIANGOMBE
KALOLENI,RABAI,RURUMA,JIMBA
KALOLENI,KALOLENI,KAYAFUNGO,MRIMANI
KALOLENI,KALOLENI,MARIAKANI,MARIAKANI/MITANGONI
KALOLENI,KALOLENI,KALOLENI,MIHINGONI CHALANI
KALOLENI,RABAI,RABAI,KISURUTINI/MWELE/SIMAK
KALOLENI,RABAI,KAMBE,PANGANI/MAERENI
KALOLENI,KALOLENI,MWANAMWINGA,KITHENGWANI/MAZIACHEND
KALOLENI,KALOLENI,MWANAMWINGA,VIRAGONI
KALOLENI,KALOLENI,MARIAKANI,KAWALA/KADZONZO
KALOLENI,RABAI,RURUMA,MLEJI
KALOLENI,KALOLENI,KALOLENI,BIRINI/MWAMULETA
KALOLENI,KALOLENI,KALOLENI,MAKOMBOANI/KINANI
KALOLENI,RABAI,MWAWESA,BWAGAMOYO
KALOLENI,KALOLENI,KALOLENI,MIKIRIANI
KALOLENI,KALOLENI,JIBANA,NYALANI
KALOLENI,KALOLENI,KAYAFUNGO,KINAGONI
KALOLENI,RABAI,RURUMA,MIYUNI
KALOLENI,KALOLENI,KAYAFUNGO,MBALAMWENI
KALOLENI,RABAI,MWAWESA,MWAMTSUNGA
KALOLENI,RABAI,MWAWESA,MIKAHANI
KALOLENI,KALOLENI,JIBANA,TSAGWA
KALOLENI,KALOLENI,MWANAMWINGA,KIBWABWANI
KALOLENI,KALOLENI,JIBANA,CHILULU
KALOLENI,RABAI,RABAI,BUNI/KISIMANI
KALOLENI,KALOLENI,KAYAFUNGO,MIYANI
KALOLENI,KALOLENI,TSANGATSINI,TSANGATSINI
KALOLENI,KALOLENI,TSANGATSINI,MNYENZENI
KANGUNDO,MATUNGULU,MATUNGULU,MATHEINI
KANGUNDO,MATUNGULU,KYELENI,KYELENI
KANGUNDO,KANGUNDO,KIVAANI,IIA-ITUNE
KANGUNDO,MATUNGULU,KOMA ROCK,KWALE
KANGUNDO,KANGUNDO,KIVAANI,MIU
KANGUNDO,KANGUNDO,KAWETHEI,MUKUNIKE
KANGUNDO,MATUNGULU,KALANDINI,MBUNI
KANGUNDO,MATUNGULU,TALA,SENGANI
KANGUNDO,KANGUNDO,KANZALU,MBILINI
KANGUNDO,KANGUNDO,KAKUYUNI,KAVILINGUNI
KANGUNDO,MATUNGULU,TALA,KYAUME
KANGUNDO,KANGUNDO,KANGUNDO,ISINGA
KANGUNDO,KANGUNDO,KAKUYUNI,KATHOME
KANGUNDO,MATUNGULU,KYANZAVI,KIBOKO
KANGUNDO,MATUNGULU,MATUNGULU,KAMBUSU
KANGUNDO,KANGUNDO,KIVAANI,KATITU
KANGUNDO,KANGUNDO,KANGUNDO,MATETANI
KANGUNDO,MATUNGULU,NGULUNI,NGULUNI
KANGUNDO,KANGUNDO,KANZALU,KITWII
KANGUNDO,MATUNGULU,TALA,KATINE
KANGUNDO,KANGUNDO,KANGUNDO,MUISUNI
KANGUNDO,MATUNGULU,KYELENI,NZAMBANI
KANGUNDO,MATUNGULU,MATUNGULU,KATHEKA
KANGUNDO,MATUNGULU,KALANDINI,KALANDINI
KANGUNDO,MATUNGULU,MATUNGULU,MWATATI
KANGUNDO,KANGUNDO,KAKUYUNI,KAKUYUNI
KANGUNDO,KANGUNDO,KIVAANI,NGUMUTI
KANGUNDO,KANGUNDO,KANGUNDO,MAIUNI
KANGUNDO,MATUNGULU,NGULUNI,KITHIMANI
KANGUNDO,MATUNGULU,KYANZAVI,KIANZABE
KANGUNDO,KANGUNDO,KAWETHEI,MBUSYANI
KANGUNDO,MATUNGULU,KYELENI,KWOSAU
KANGUNDO,MATUNGULU,KYELENI,KITULUNI
KANGUNDO,MATUNGULU,KOMA ROCK,KOMA
KANGUNDO,KANGUNDO,KAKUYUNI,KYEVALUKI
KANGUNDO,MATUNGULU,MATUNGULU,KINGOTI
KANGUNDO,MATUNGULU,KYANZAVI,KAYATA
KANGUNDO,MATUNGULU,KOMA ROCK,MATUU
KANGUNDO,KANGUNDO,KAWETHEI,KATHAANA
KANGUNDO,MATUNGULU,NGULUNI,KWANGII
KANGUNDO,KANGUNDO,KANGUNDO,NDUNDUNI
KANGUNDO,KANGUNDO,KANZALU,KIKAMBUANI
KANGUNDO,MATUNGULU,KYANZAVI,UAMANI
KANGUNDO,KANGUNDO,KAWETHEI,KAWETHEI
KANGUNDO,MATUNGULU,KOMA ROCK,MUKENGESYA
KANGUNDO,KANGUNDO,KANZALU,KAWAUNI
KANGUNDO,MATUNGULU,KYANZAVI,KWA KUMBU
KEIYO,KEIYO SOUTH,SOY,TURESIA
KEIYO,KEIYO NORTH,KAPCHEMUTWA,KORKITONY
KEIYO,KEIYO SOUTH,KABIEMIT,KABIEMIT
KEIYO,KEIYO NORTH,IRONG,KIPTABUS
KEIYO,KEIYO NORTH,MUTEI,KAPTEREN
KEIYO,KEIYO NORTH,MUTEI,KAPKOI
KEIYO,KEIYO NORTH,KIPTUILONG,SETEK
KEIYO,KEIYO NORTH,MUTEI,CHELINGWA
KEIYO,KEIYO SOUTH,KITANY,KITANY
KEIYO,KEIYO SOUTH,KAPTARAKWA,KAPTARAKWA
KEIYO,KEIYO SOUTH,MAOI,KAPKITONY
KEIYO,KEIYO NORTH,KAPCHEMUTWA,KAPKATUI
KEIYO,KEIYO SOUTH,NYARU,KIPSAINA
KEIYO,KEIYO SOUTH,KABIEMIT,KAPKOMA
KEIYO,KEIYO SOUTH,SOY,MOROP
KEIYO,KEIYO SOUTH,KIBARGOI,CHANGACH
KEIYO,KEIYO SOUTH,CHEMOIBON,TUMEIYO
KEIYO,KEIYO NORTH,KAMOGICH,KESSUP
KEIYO,KEIYO SOUTH,MARICHOR,LELBOINET
KEIYO,KEIYO SOUTH,MARICHOR,FLAX
KEIYO,KEIYO SOUTH,MOSOP,KAPKENDA
KEIYO,KEIYO SOUTH,KAMSWOROR,KOMBATICH
KEIYO,KEIYO SOUTH,KIBARGOI,CHEPTEBO
KEIYO,KEIYO SOUTH,KAPTARAKWA,MOKWO
KEIYO,KEIYO SOUTH,MARICHOR,CHEPKORIO
KEIYO,KEIYO SOUTH,NYARU,MWEN
KEIYO,KEIYO NORTH,KIPTUILONG,KAPTERIK
KEIYO,KEIYO SOUTH,KABIEMIT,KAPCHEBER
KEIYO,KEIYO SOUTH,MAOI,KIPKOMWO
KEIYO,KEIYO SOUTH,SOY,KAPSOKOM
KEIYO,KEIYO SOUTH,TUMEIYO,TAMBUL
KEIYO,KEIYO SOUTH,TUMEIYO,TUMEIYO
KEIYO,KEIYO SOUTH,SOY,SEGO
KEIYO,KEIYO SOUTH,KAMSWOROR,KIMAMET
KEIYO,KEIYO SOUTH,MARICHOR,CHEROTA
KEIYO,KEIYO NORTH,KOKWAO,EMSO
KEIYO,KEIYO SOUTH,METKEI,TUGUMOI
KEIYO,KEIYO NORTH,KAMOI,SINGORE
KEIYO,KEIYO NORTH,KEU,KOBULWO
KEIYO,KEIYO SOUTH,CHEMOIBON,KOIMUR
KEIYO,KEIYO NORTH,IRONG,ITEN TOWNSHIP
KEIYO,KEIYO SOUTH,KAMSWOROR,KAPTENGWER
KEIYO,KEIYO SOUTH,NYARU,KAPCHETEK
KEIYO,KEIYO SOUTH,KITANY,CHEBIOR
KEIYO,KEIYO SOUTH,KOCHOLWO,KAPKOSOM
KEIYO,KEIYO NORTH,IRONG,SERGOIT
KEIYO,KEIYO SOUTH,KAPKWONY,KIPSAOS
KEIYO,KEIYO SOUTH,KIBARGOI,EMSEA
KEIYO,KEIYO SOUTH,KOCHOLWO,MOLOL
KEIYO,KEIYO NORTH,MUTEI,KIPSOEN
KEIYO,KEIYO SOUTH,KOCHOLWO,SALAWA
KEIYO,KEIYO SOUTH,KAMSWOROR,KAPCHORWA
KEIYO,KEIYO NORTH,KAMOGICH,ANIN
KEIYO,KEIYO SOUTH,SOY,MUSKUT
KEIYO,KEIYO NORTH,KIPTUILONG,KIPKAA
KEIYO,KEIYO SOUTH,KABIEMIT,CHEBOEN
KEIYO,KEIYO SOUTH,KOCHOLWO,KOCHOLWO
KEIYO,KEIYO NORTH,IRONG,CHESITEK
KEIYO,KEIYO NORTH,CHEBOROR,CHEBOKORWO
KEIYO,KEIYO SOUTH,MAOI,KETIGOI
KEIYO,KEIYO SOUTH,KAPTARAKWA,KAPTAGAT
KEIYO,KEIYO NORTH,IRONG,KATALEL
KEIYO,KEIYO SOUTH,CHEPSIGOT,CHEBINYINY
KEIYO,KEIYO SOUTH,CHEMOIBON,CHEPSIREI
KEIYO,KEIYO NORTH,KAMOI,KAPKONGA
KEIYO,KEIYO SOUTH,KAMSWOROR,KAMWOSOR
KEIYO,KEIYO NORTH,KAMOGICH,RIMOI
KEIYO,KEIYO NORTH,KOKWAO,KAPCHELAL
KEIYO,KEIYO SOUTH,MARICHOR,SAMICH
KEIYO,KEIYO NORTH,KAPCHEMUTWA,KENDUR
KEIYO,KEIYO SOUTH,TUMEIYO,CHEPKURMUM
KEIYO,KEIYO NORTH,KAPCHEMUTWA,BUGAR
KEIYO,KEIYO NORTH,KOKWAO,KIBENDO
KEIYO,KEIYO SOUTH,MARICHOR,KAMELIL
KEIYO,KEIYO SOUTH,TUMEIYO,CHEPKOSOM
KEIYO,KEIYO SOUTH,METKEI,KABIRSUS
KEIYO,KEIYO SOUTH,MOSOP,KIPTULOS
KEIYO,KEIYO SOUTH,CHEPSIGOT,KABITO
KEIYO,KEIYO NORTH,KOKWAO,KAPTUM
KEIYO,KEIYO NORTH,CHEBOROR,MINDILILWO
KEIYO,KEIYO NORTH,KEU,KOMOIGON
KEIYO,KEIYO SOUTH,KIBARGOI,ROKOCHO
KEIYO,KEIYO NORTH,KAMOGICH,SIROCH
KEIYO,KEIYO SOUTH,EPKE,EPKE
KEIYO,KEIYO NORTH,KOKWAO,NYALIL
KEIYO,KEIYO SOUTH,SOY,CHOP
KEIYO,KEIYO NORTH,KEU,CHEGILET
KEIYO,KEIYO SOUTH,KAPKWONY,CHEBOGE
KEIYO,KEIYO NORTH,IRONG,KAPLAMAI
KEIYO,KEIYO SOUTH,KOCHOLWO,ENEGO
KEIYO,KEIYO SOUTH,EPKE,CHEPSIGOT
KEIYO,KEIYO NORTH,CHEBOROR,KIPKESSUM
KERICHO,SIGOWET/SOIN,SIGOWET,SIGOWET
KERICHO,AINAMOI,TENDWET,TENDWET
KERICHO,AINAMOI,TELANET,KETITUI
KERICHO,AINAMOI,TELANET,CHEPKURBET
KERICHO,SIGOWET/SOIN,KIPTERE,KIPTERE
KERICHO,BELGUT,KIPKOIYAN,BORBORWET
KERICHO,BELGUT,KIPKOIYAN,KIPKOIYAN
KERICHO,BELGUT,WALDAI,SOSIOT
KERICHO,SIGOWET/SOIN,KALYONGWET,KALYONGWET
KERICHO,AINAMOI,TOWNSHIP,TOWNSHIP
KERICHO,SIGOWET/SOIN,KAPLELARTET,CHEPKEMEL
KERICHO,AINAMOI,KIPCHEBOR,CHEPKOLON
KERICHO,SIGOWET/SOIN,CHEPTUIYET,CHEPTUIYET
KERICHO,AINAMOI,TENDWET,BUCHENGE
KERICHO,SIGOWET/SOIN,CHEPTUIYET,MINDILILWET
KERICHO,AINAMOI,POIYWEK,POIYWEK
KERICHO,BELGUT,KABIANGA,KIBINGEI
KERICHO,BELGUT,KABIANGA,KAPCHELUCH
KERICHO,BELGUT,KABOROK,KABOROK
KERICHO,BELGUT,CHEMAMUL,CHEMAMUL
KERICHO,AINAMOI,TOWNSHIP,KAPKUGERWET
KERICHO,AINAMOI,KAPSAOS,MASO
KERICHO,SIGOWET/SOIN,SOIN,KAPTALAMWA
KERICHO,AINAMOI,KAPSOIT,KAPSOIT
KERICHO,SIGOWET/SOIN,KEBENETI,KAMAGET
KERICHO,BELGUT,MOBEGO,MOBEGO
KERICHO,BELGUT,KIPTOME,KIPTOME
KERICHO,SIGOWET/SOIN,KIPTERE,KAPKEBURU
KERICHO,BELGUT,SERETUT,SERETUT
KERICHO,AINAMOI,AINAMOI,KIPCHIMCHIM
KERICHO,AINAMOI,SITOTWET,SITOTWET
KERICHO,AINAMOI,TOWNSHIP,MOTOBO
KERICHO,SIGOWET/SOIN,KEBENETI,KEBENETI
KERICHO,AINAMOI,AINAMOI,AINAMOI
KERICHO,AINAMOI,SITOTWET,SAMUTET
KERICHO,SIGOWET/SOIN,SOIN,SIMBI
KERICHO,BELGUT,CHEMAMUL,CHEBIRIRBEI
KERICHO,AINAMOI,POIYWEK,LALIAT
KERICHO,BELGUT,KIPSOLU,KIPSOLU
KERICHO,AINAMOI,KENEGUT,KENEGUT
KERICHO,BELGUT,KAPTOBOIT,KAPTOBOITI
KERICHO,BELGUT,KAPSUSER,KAPSUSER
KERICHO,BELGUT,WALDAI,KEBEN
KERICHO,BELGUT,KAPTOBOIT,CHERONGET
KERICHO,SIGOWET/SOIN,SOLIAT,KONGEREN
KERICHO,BELGUT,KIPTOME,KAPKITONY
KERICHO,SIGOWET/SOIN,KOITABUROT,KOITABUROT
KERICHO,SIGOWET/SOIN,SOLIAT,KAMASEGA
KERICHO,SIGOWET/SOIN,KAPLELARTET,KAPLELARTET
KERICHO,SIGOWET/SOIN,KOITABUROT,KAPCHEBWAI
KERICHO,SIGOWET/SOIN,KAPLELARTET,TABAITA
KERICHO,BELGUT,MOBEGO,KABIANGA
KERICHO,BELGUT,KIPSOLU,AINAPKOI
KERICHO,BELGUT,CHEMAMUL,KOIWALELACH
KERICHO,AINAMOI,KAPSOIT,KAPKITONY
KERICHO,BELGUT,SERETUT,CHEPKOSILEN
KERICHO,SIGOWET/SOIN,KOITABUROT,KAPKKORMOM
KERICHO,SIGOWET/SOIN,KAITUI,KAITUI
KERICHO,SIGOWET/SOIN,SOLIAT,MOTERO
KERICHO,SIGOWET/SOIN,KAITUI,SOMBICHO
KERICHO,SIGOWET/SOIN,KAITUI,KIPTUGUMO
KERICHO,SIGOWET/SOIN,KOITABUROT,KEJIRIET
KERICHO,SIGOWET/SOIN,KAPSEGUT,KAPSEGUT
KERICHO,SIGOWET/SOIN,SOIN,KIPSITET
KERICHO,BELGUT,WALDAI,KOITALEL
KERICHO,SIGOWET/SOIN,SIGOWET,KAPTEBENGWO
KERICHO,SIGOWET/SOIN,SOLIAT,SOLIAT
KERICHO,SIGOWET/SOIN,SOLIAT,MOGONJET
KERICHO,SIGOWET/SOIN,KAITUI,BAREGEIWET
KERICHO,AINAMOI,KAPSAOS,KAPSAOS
KERICHO,SIGOWET/SOIN,KAPSOROK,LEKWENYI
KERICHO,SIGOWET/SOIN,SOIN,KAPLELACH
KERICHO,SIGOWET/SOIN,KAPSEGUT,CHESICHE
KERICHO,AINAMOI,TOWNSHIP,TAIYWET
KERICHO,SIGOWET/SOIN,KAPLELARTET,KAPSOMBOCH
KERICHO,AINAMOI,KENEGUT,CHEPLEL
KERICHO,SIGOWET/SOIN,IRAA,IRAA
KERICHO,SIGOWET/SOIN,KAPSOROK,KAPKARA
KERICHO,AINAMOI,KIPCHEBOR,CHEBOCHO
KERICHO,BELGUT,KAPSUSER,KAKIPTUI
KERICHO,SIGOWET/SOIN,KALYONGWET,KAPKOCHEI
KERICHO,SIGOWET/SOIN,KAPSEGUT,KABOKYEK
KERICHO,BELGUT,KABOROK,KAPKOKWON
KERICHO,AINAMOI,CHEPKOINIK,CHEPSOO
KERICHO,AINAMOI,CHEPKOINIK,CHEPKOINIK
KERICHO,SIGOWET/SOIN,KAPSOROK,KAPSOROK
KERICHO,SIGOWET/SOIN,IRAA,SINGORONIK
KIAMBU,KIAMBU,KIAMBAA,TOWNSHIP
KIAMBU,KIAMBU,TING'ANG'A,KAGONGO
KIAMBU,KIAMBAA,KIAMBAA,KARURI
KIAMBU,KIAMBU,NDUMBERI,NDUMBERI
KIAMBU,KIAMBU,TING'ANG'A,TING'ANG'A
KIAMBU,KIAMBAA,WAGUTHU,GATHANGA
KIAMBU,KIAMBAA,KIHARA,GACHIE
KIAMBU,KIAMBAA,KIAMBAA,MUCHATHA
KIAMBU,KIAMBAA,KIHARA,WANGUNYU
KIAMBU,KIAMBU,RIABAI,RIABAI
KIAMBU,KIAMBU,WAGUTHU,KANUNGA
KIAMBU,KIAMBAA,RUAKA,NDENDERU
KIAMBU,KIAMBU,WAGUTHU,NGEGU
KIAMBU,KIAMBAA,KIAMBAA,KIAMBAA
KIAMBU,KIAMBU,KAMITI,KAMITI
KIAMBU,KIAMBU,KIAMBAA,KIAMUMBI
KIAMBU,KIAMBAA,RUAKA,RUAKA
KIAMBU,KIAMBU,KIAMBAA,THINDIGUA
KIAMBU,KIAMBAA,KIHARA,KIHARA
KIAMBU,KIAMBAA,CIANDA,CIANDA
KIAMBU,KIAMBAA,CIANDA,KAWAIDA
KIAMBU,KIAMBAA,KIAMBAA,NJIKU
KIAMBU,KIAMBAA,KIHARA,KARURA
KIAMBU,KIAMBAA,KIHARA,MAHINDI
KIAMBU,KIAMBU,NDUMBERI,KARUNGA
KIAMBU,KIAMBU,KAMITI,ANMER
KIAMBU,KIAMBU,RIABAI,KIHINGO
KIAMBU,KIAMBAA,KIAMBAA,NJORO
KIBWEZI,KIBWEZI EAST,UTITHI,UTITHI
KIBWEZI,KIBWEZI WEST,KIKUMBULYU,MIKUYUNI
KIBWEZI,KIBWEZI EAST,UTITHI,THANGE
KIBWEZI,KIBWEZI EAST,MASONGALENI,ULILINZI
KIBWEZI,KIBWEZI WEST,MAKINDU,KISINGO
KIBWEZI,KIBWEZI WEST,TWAANDU,NGAKAA
KIBWEZI,KIBWEZI WEST,KIKUMBULYU,NGULU
KIBWEZI,KIBWEZI EAST,NGWATA,MUKAANGE
KIBWEZI,KIBWEZI EAST,MTITO ANDEI,MTITO ANDEI
KIBWEZI,KIBWEZI WEST,KIKUMBULYU,KATHYAKA
KIBWEZI,KIBWEZI WEST,MAKINDU,KIU
KIBWEZI,KIBWEZI WEST,MAKINDU,KAI
KIBWEZI,KIBWEZI EAST,KAMBU,KITENGEI
KIBWEZI,KIBWEZI WEST,KIBOKO,MULILI
KIBWEZI,KIBWEZI EAST,MASONGALENI,MASONGALENI
KIBWEZI,KIBWEZI WEST,NGUUMO,MUUNI
KIBWEZI,KIBWEZI EAST,MASONGALENI,MASIMBANI
KIBWEZI,KIBWEZI WEST,KIBOKO,KAASUVI
KIBWEZI,KIBWEZI EAST,KATHEKANI,KATHEKANI
KIBWEZI,KIBWEZI EAST,NTHONGONI,MANGELETE
KIBWEZI,KIBWEZI WEST,KINYAMBU,KINYAMBU
KIBWEZI,KIBWEZI WEST,KIBOKO,KYALE
KIBWEZI,KIBWEZI WEST,TWAANDU,MITENDEU
KIBWEZI,KIBWEZI EAST,NZAMBANI,MUTHINGIINI
KIBWEZI,KIBWEZI WEST,TWAANDU,KALII
KIBWEZI,KIBWEZI WEST,MAKINDU,MANYATA
KIBWEZI,KIBWEZI EAST,KAMBU,KAMBU
KIBWEZI,KIBWEZI WEST,KIKUMBULYU,KALUNGU
KIBWEZI,KIBWEZI WEST,NGUUMO,KAUNGUNI
KIBWEZI,KIBWEZI EAST,MASONGALENI,KYANGULI
KIBWEZI,KIBWEZI WEST,KIKUMBULYU,NDETANI
KIBWEZI,KIBWEZI WEST,NGUUMO,NDOVOINI
KIBWEZI,KIBWEZI WEST,NGUUMO,SYUMILE
KIBWEZI,KIBWEZI WEST,KIKUMBULYU,NGANDANI
KIBWEZI,KIBWEZI WEST,KIKUMBULYU,MBUI NZAU
KIBWEZI,KIBWEZI WEST,MAKINDU,KAMBOO
KIKUYU,KIKUYU,KARAI,LUSEGETI
KIKUYU,KABETE,KABETE,CHURA
KIKUYU,KIKUYU,KARAI,NACHU
KIKUYU,KABETE,KABETE,KIBICHIKU
KIKUYU,KIKUYU,KINOO,KINOO
KIKUYU,KABETE,MUGUGA,KAHUHO
KIKUYU,KABETE,MUGUGA,KANYARIRI
KIKUYU,KABETE,MUGUGA,MUGUGA
KIKUYU,KIKUYU,KIKUYU,SIGONA
KIKUYU,KIKUYU,KIKUYU,KIKUYU TOWNSHIP
KIKUYU,KABETE,NYATHUNA,NYATHUNA
KIKUYU,KABETE,KINOO,UTHIRU
KIKUYU,KIKUYU,KARAI,GIKAMBURA
KIKUYU,KABETE,MUGUGA,GITARU
KIKUYU,KABETE,KABETE,RUKU
KIKUYU,KIKUYU,KINOO,THOGOTO
KIKUYU,KABETE,NYATHUNA,KIRANGARI
KIKUYU,KIKUYU,KIKUYU,KERWA
KIKUYU,KABETE,KABETE,LOWER KABETE
KIKUYU,KABETE,NYATHUNA,GATHIGA
KIKUYU,KIKUYU,KARAI,RENGUTI
KIKUYU,KABETE,NYATHUNA,KARURA
KIKUYU,KIKUYU,KINOO,GITIBA
KIKUYU,KIKUYU,KARAI,KARAI
KILIFI,KILIFI NORTH,TOWNSHIP,MNARANI
KILIFI,KILIFI NORTH,TAKAUNGU,TAKAUNGU
KILIFI,KILIFI SOUTH,JUNJU,KURUWITU
KILIFI,KILIFI SOUTH,MTWAPA,SHIMO LA TEWA
KILIFI,KILIFI SOUTH,MTWAPA,KANAMAI
KILIFI,KILIFI NORTH,TOWNSHIP,SOKONI
KILIFI,KILIFI SOUTH,JUNJU,JUNJU
KILIFI,KILIFI NORTH,TOWNSHIP,KONJORA
KILIFI,GANZE,JARIBUNI,MARERE
KILIFI,KILIFI SOUTH,BANDARA SALAMA,PINGILIKANI
KILIFI,KILIFI SOUTH,MTWAPA,KIDUTANI/MAWAMBA
KILIFI,GANZE,BANDARI,MITSEMERINI
KILIFI,KILIFI NORTH,NGERENYA,ZOWERANI
KILIFI,KILIFI SOUTH,CHASIMBA,MWAKAMBI
KILIFI,KILIFI SOUTH,CHASIMBA,KITSOENI
KILIFI,KILIFI SOUTH,JUNJU,VIPINGO/GONGONI
KILIFI,GANZE,VITENGENI,MADAMANI
KILIFI,KILIFI NORTH,TEZO,MTONDIA/ MAJAONI
KILIFI,KILIFI SOUTH,ZIANI,ZIANI
KILIFI,KILIFI NORTH,TOWNSHIP,HOSPITAL
KILIFI,KILIFI SOUTH,MWARAKAYA,KIZINGO
KILIFI,KILIFI NORTH,NGERENYA,NGERENYA
KILIFI,KILIFI SOUTH,ZIANI,NGOMBENI
KILIFI,GANZE,KAUMA,VINAGONI
KILIFI,KILIFI SOUTH,BANDARA SALAMA,MWEMBE KATI
KILIFI,KILIFI SOUTH,MWARAKAYA,MWARAKAYA
KILIFI,GANZE,MTSARA WA TSATSU,MTSARA WA TSATSU
KILIFI,KILIFI SOUTH,MTWAPA,KIJIPWA
KILIFI,KILIFI NORTH,MATSANGONI,MKONGANI
KILIFI,GANZE,GANZE,GANZE/TSANGALAWENI
KILIFI,KILIFI NORTH,NGERENYA,EZAMOYO
KILIFI,KILIFI NORTH,TEZO,KIBARANI
KILIFI,KILIFI NORTH,ROKA,ROKA
KILIFI,GANZE,DUNGICHA,MWEZA/MIGODOMANI
KILIFI,KILIFI SOUTH,CHASIMBA,CHASIMBA
KILIFI,KILIFI NORTH,ROKA,CHUMANI
KILIFI,GANZE,DIDA,DIDA
KILIFI,GANZE,MWAHERA,MWAHERA
KILIFI,GANZE,BAMBA,MWAKALA
KILIFI,GANZE,MRIMA WA NDEGE,DULUKIZA
KILIFI,GANZE,GANZE,PETANGUO
KILIFI,GANZE,SOKOKE,MAGOGONI
KILIFI,GANZE,PALAKUMI,PALAKUMI
KILIFI,GANZE,MWAHERA,NDUGUMANI
KILIFI,KILIFI SOUTH,VYAMBANI,VYAMBANI
KILIFI,GANZE,DIDA,BALE
KILIFI,GANZE,NDIGIRIA,NDIGIRIA/MAPOTEA
KILIFI,GANZE,BAMBA,PAZIANI
KILIFI,GANZE,BANDARI,MIKAMINI
KILIFI,GANZE,KAUMA,MAGOGONI
KILIFI,GANZE,MITANGANI,GOSHI
KILIFI,GANZE,MITANGANI,MNAGONI
KILIFI,GANZE,PALAKUMI,MARIAKANI/VITSAPUNI
KILIFI,GANZE,MWAHERA,KAEMBENI
KILIFI,KILIFI SOUTH,VYAMBANI,NGAMANI
KILIFI,GANZE,SOKOKE,RARE
KILIFI,KILIFI NORTH,TAKAUNGU,MAVUENI
KILIFI,GANZE,MWAHERA,DZIKUNZE
KILIFI,KILIFI NORTH,GEDE,DABASO
KILIFI,GANZE,JARIBUNI,MWAPULA
KILIFI,GANZE,VITENGENI,VITENGENI
KILIFI,GANZE,DUNGICHA,DUNGICHA
KILIFI,GANZE,NDIGIRIA,MIRIHINI
KILIFI,GANZE,MRIMA WA NDEGE,MILORE
KILIFI,GANZE,BANDARI,KIDEMU
KILIFI,GANZE,MWAHERA,MWANGEA
KILIFI,GANZE,NDIGIRIA,MWAMBANI
KILIFI,GANZE,BANDARI,KARIMANI
KILIFI,KILIFI NORTH,MATSANGONI,MATSANGONI
KILIFI,KILIFI NORTH,MATSANGONI,UYOMBO
KILIFI,KILIFI NORTH,TAKAUNGU,MKWAJUNI/MKOMANI
KILIFI,KILIFI NORTH,TAKAUNGU,KIRIBA/WANGWANI
KILIFI,GANZE,MITANGANI,DANGARANI
KILIFI,GANZE,MRIMA WA NDEGE,MRIMA WA NDEGE
KILIFI,GANZE,VITENGENI,MITSEDZINI
KILIFI,GANZE,MITANGANI,GEDE
KILIFI,GANZE,MITANGANI,MIGUNJINI
KILIFI,GANZE,MITANGANI,MIDOINA
KILIFI,GANZE,DIDA,KAHINGONI
KILIFI,KILIFI NORTH,WATAMU,JIMBA
KILIFI,GANZE,JARIBUNI,CHIVARA
KILIFI,KILIFI NORTH,GEDE,MIJOMBONI
KILIFI,KILIFI NORTH,GEDE,MIDA
KILIFI,KILIFI NORTH,WATAMU,MBARAKA CHEMBE
KILIFI,KILIFI NORTH,WATAMU,WATAMU
KILINDINI,LIKONI,SHIKA ADABU,VIJIWENI
KILINDINI,LIKONI,LIKONI,BOFU
KILINDINI,CHANGAMWE,CHAANI,CHAANI
KILINDINI,CHANGAMWE,PORT REITZ,PORT REITZ
KILINDINI,LIKONI,MTONGWE,MTONGWE
KILINDINI,LIKONI,LIKONI,LIKONI
KILINDINI,LIKONI,LIKONI,TIMBWANI
KILINDINI,JOMVU,MIRITINI,JOMVU KUU
KILINDINI,JOMVU,MIKINDANI,BIRIKANI
KILINDINI,LIKONI,SHIKA ADABU,VYEMANI
KILINDINI,JOMVU,MIKINDANI,KWA SHEE
KILINDINI,CHANGAMWE,MIRITINI,MIRITINI
KINANGO,KINANGO,TARU,DUPHARU
KINANGO,KINANGO,MWATATE,MWATATE
KINANGO,KINANGO,KASEMENI,MAZERAS
KINANGO,KINANGO,MAKAMINI,MAKAMINI
KINANGO,KINANGO,MWAVUMBO,KALALANI
KINANGO,KINANGO,KASEMENI,MNYENZENI
KINANGO,KINANGO,KASEMENI,CHIGATO
KINANGO,KINANGO,MACKINNON ROAD,MACKINNON ROAD
KINANGO,KINANGO,GANDINI,GANDINI
KINANGO,KINANGO,VIGURUNGANI,BUSA
KINANGO,KINANGO,MTAA,MTAA
KINANGO,KINANGO,PUMA,MAZOLA
KINANGO,KINANGO,SAMBURU SOUTH,KINAGONI
KINANGO,KINANGO,NDAVAYA,KIFYONZO
KINANGO,KINANGO,KINANGO,DUMBULE
KINANGO,KINANGO,CHENGONI,SILALONI
KINANGO,KINANGO,MACKINNON ROAD,KILIBASI
KINANGO,KINANGO,MWAVUMBO,MWABILA
KINANGO,KINANGO,SAMBURU SOUTH,MATOPE
KINANGO,KINANGO,MTAA,BOFU
KINANGO,KINANGO,MTAA,MABESHENI
KINANGO,KINANGO,MAKAMINI,VINYUNDUNI
KINANGO,KINANGO,KINANGO,KINANGO
KINANGO,KINANGO,VIGURUNGANI,VIGURUNGANI
KINANGO,KINANGO,NDAVAYA,GULANZE
KINANGO,KINANGO,MWATATE,MATUMBI
KINANGO,KINANGO,KINANGO,KIBANDAONGO
KINANGO,KINANGO,KASEMENI,MWAMDUDU
KINANGO,KINANGO,NDAVAYA,NDAVAYA
KINANGO,KINANGO,CHENGONI,CHENGONI
KINANGO,KINANGO,NDAVAYA,MWANDIMU
KINANGO,KINANGO,CHENGONI,MAJI YA CHUMVI
KIPKELION,KIPKELION WEST,KAPKWEN,KAPKWEN
KIPKELION,KIPKELION WEST,LELOCH,NYAIROBI
KIPKELION,KIPKELION WEST,KAMASIAN,BARTERA
KIPKELION,KIPKELION WEST,TOROTO,MAGIRE
KIPKELION,KIPKELION WEST,KIPTERIS,SONGONYET
KIPKELION,KIPKELION WEST,CHILCHILA,KOISAGAT
KIPKELION,KIPKELION EAST,MASAITA,MASAITA
KIPKELION,KIPKELION EAST,CHEBOSWAN,CHEYMEN
KIPKELION,KIPKELION EAST,MASAITA,BENDITAI
KIPKELION,KIPKELION EAST,KAPSEGER,CHEPCHOLIET
KIPKELION,KIPKELION WEST,LELOCH,MTARAGON
KIPKELION,KIPKELION EAST,CHEPSEON,MOMONIAT
KIPKELION,KIPKELION EAST,SORGET,SORGET
KIPKELION,KIPKELION WEST,SIWOT,SIWOT
KIPKELION,KIPKELION EAST,KAPSEGER,TUGUNON
KIPKELION,KIPKELION WEST,KAPKOROS,CHESONOI
KIPKELION,KIPKELION EAST,KIMUGUL,KIMUGUL
KIPKELION,KIPKELION WEST,MACHEISOK,MATARMAT
KIPKELION,KIPKELION EAST,CHEPSEON,CHESINENDE
KIPKELION,KIPKELION EAST,MASAITA,KAMWINGI
KIPKELION,KIPKELION EAST,SORGET,TUIYOBEI
KIPKELION,KIPKELION WEST,SIWOT,SERENG
KIPKELION,KIPKELION WEST,KIPTERIS,CHEPKECHEI
KIPKELION,KIPKELION WEST,BOROWET,KAPKURES
KIPKELION,KIPKELION WEST,KAPKOROS,TIMBILIL
KIPKELION,KIPKELION EAST,KAPSEGER,CHEPSIR
KIPKELION,KIPKELION EAST,KIPYEMIT,KIPYEMIT
KIPKELION,KIPKELION EAST,LEMOTIT,SARAMEK
KIPKELION,KIPKELION EAST,LONDIAN,CHEPKONGONY
KIPKELION,KIPKELION EAST,KAPSEGER,KIPKEREMWO
KIPKELION,KIPKELION EAST,KIPSIRICHET,JAGOROR
KIPKELION,KIPKELION WEST,LEMOTIT,KALYET
KIPKELION,KIPKELION WEST,MACHEISOK,KAPKWEN
KIPKELION,KIPKELION WEST,BARSIELE,TINGORO
KIPKELION,KIPKELION EAST,TENDENO,TENDENO
KIPKELION,KIPKELION EAST,KIPSIRICHET,KIPSIRICHET
KIPKELION,KIPKELION EAST,KEDOWA,KEDOWA
KIPKELION,KIPKELION WEST,KIPCHORIAN,KIPKELION NORTH
KIPKELION,KIPKELION WEST,CHILCHILA,SOMBO
KIPKELION,KIPKELION EAST,MASAITA,KIPLOKYI
KIPKELION,KIPKELION WEST,KOKWET,CHERARA
KIPKELION,KIPKELION WEST,KIPCHORIAN,KIPKELION TOWN
KIPKELION,KIPKELION WEST,KAPKWEN,CHELELE
KIPKELION,KIPKELION WEST,KUNYAK,CHEMOGOCH
KIPKELION,KIPKELION EAST,KIPYEMIT,KIPRENGWE
KIPKELION,KIPKELION EAST,LONDIAN,TEGUNOT
KIPKELION,KIPKELION EAST,SUBUKIA,SUBUKIA
KIPKELION,KIPKELION WEST,LESIRWA,LESIRWA
KIPKELION,KIPKELION WEST,BARSIELE,SEGETET
KIPKELION,KIPKELION WEST,KAMASIAN,KUTUNG
KIPKELION,KIPKELION WEST,SIWOT,MENTERA
KIPKELION,KIPKELION WEST,TOROTO,TULWOPMOI
KIPKELION,KIPKELION WEST,MACHEISOK,MACHEISOK
KIPKELION,KIPKELION EAST,KIMASIAN,CHEPTANGULGEI
KIPKELION,KIPKELION WEST,KUNYAK,KAPKEMOI
KIPKELION,KIPKELION EAST,KIMUGUL,KISABO
KIPKELION,KIPKELION WEST,KIPSEGI,LELDET
KIPKELION,KIPKELION WEST,BOROWET,LELU
KIPKELION,KIPKELION WEST,LESIRWA,SIRET
KIPKELION,KIPKELION EAST,KAPSEGER,KAPLAMBOI
KIPKELION,KIPKELION WEST,BARSIELE,BARSIELE
KIPKELION,KIPKELION WEST,KOKWET,KOKWET
KIPKELION,KIPKELION EAST,SUBUKIA,CHEMARE
KIPKELION,KIPKELION EAST,MASAITA,KONGONI
KIPKELION,KIPKELION WEST,KIPSEGI,TUIYOBEI
KIPKELION,KIPKELION EAST,TENDENO,MALAGET
KIPKELION,KIPKELION EAST,KIMASIAN,KIMASIAN
KIRINYAGA,NDIA,KARITI,THIGIRICHI
KIRINYAGA,NDIA,KARITI,SAGANA
KIRINYAGA,MWEA,KUTUS,KITHIRITI
KIRINYAGA,GICHUGU,BARAGWI,THIMU
KIRINYAGA,GICHUGU,NGARIAMA,THIRIKWA
KIRINYAGA,NDIA,MWERUA,GITAKU
KIRINYAGA,MWEA,MUTITHI,KIANDEGWA
KIRINYAGA,MWEA,MUTITHI,KABIRIRI
KIRINYAGA,KIRINYAGA CENTRAL,MUTIRA,KABARI
KIRINYAGA,MWEA,TEBERE,KIARUKUNGU
KIRINYAGA,MWEA,THIBA,NGUKA
KIRINYAGA,MWEA,MUTITHI,KINYAGA
KIRINYAGA,NDIA,KIINE NORTH,KIANGAI
KIRINYAGA,GICHUGU,NJUKI-INI,MIRICHI
KIRINYAGA,MWEA,NYANGATI,KIRIMARA
KIRINYAGA,MWEA,MURINDUKO,KAMUNYANGE
KIRINYAGA,MWEA,KANGAI,KOMBOINI
KIRINYAGA,NDIA,KIINE NORTH,NGUGUINI
KIRINYAGA,GICHUGU,KARUMANDI,THUMAITA
KIRINYAGA,GICHUGU,KABARE,RUKENYA
KIRINYAGA,GICHUGU,KARUMANDI,GUAMA
KIRINYAGA,GICHUGU,KIRIMA,GACHIGI
KIRINYAGA,NDIA,KIINE NORTH,KIBINGOTI
KIRINYAGA,KIRINYAGA CENTRAL,INOI,KARIKO
KIRINYAGA,GICHUGU,NGARIAMA,NYANGENI
KIRINYAGA,GICHUGU,NJUKI-INI,NGIRIAMBU
KIRINYAGA,NDIA,MWERUA,KITHUMBU
KIRINYAGA,NDIA,KARITI,MUKUI
KIRINYAGA,NDIA,MUKURE,KANYOKORA
KIRINYAGA,KIRINYAGA CENTRAL,KANYEKI-INI,KIAGA
KIRINYAGA,GICHUGU,KIRIMA,NJUKU
KIRINYAGA,GICHUGU,KABARE,MIKARARA
KIRINYAGA,MWEA,MURINDUKO,RIAGICHERU
KIRINYAGA,GICHUGU,KABARE,NGIROCHE
KIRINYAGA,GICHUGU,BARAGWI,RAIMU
KIRINYAGA,GICHUGU,NGARIAMA,KABARI
KIRINYAGA,MWEA,MURINDUKO,MUGAMBA-CIURA
KIRINYAGA,MWEA,NYANGATI,MATHANGAUTA
KIRINYAGA,GICHUGU,BARAGWI,RWAMBITI
KIRINYAGA,GICHUGU,BARAGWI,GATU
KIRINYAGA,MWEA,THIBA,WAMUMU
KIRINYAGA,GICHUGU,NGARIAMA,RUNGETO
KIRINYAGA,MWEA,TEBERE,GATHIGIRIRI
KIRINYAGA,GICHUGU,NJUKI-INI,NGERWE
KIRINYAGA,NDIA,MWERUA,MAITHARUI
KIRINYAGA,NDIA,KARITI,GACHARU
KIRINYAGA,GICHUGU,NJUKI-INI,KANJUU
KIRINYAGA,KIRINYAGA CENTRAL,KOROMA,KARIA
KIRINYAGA,MWEA,MURINDUKO,MIUU
KIRINYAGA,KIRINYAGA CENTRAL,KANYEKI-INI,KATHARE
KIRINYAGA,MWEA,NYANGATI,NYANGATI
KIRINYAGA,NDIA,KIINE NORTH,RUIRU
KIRINYAGA,KIRINYAGA CENTRAL,KOROMA,NDUINI
KIRINYAGA,KIRINYAGA CENTRAL,MUTIRA,KAGUYU
KIRINYAGA,KIRINYAGA CENTRAL,KANYEKI-INI,KANYEI
KIRINYAGA,MWEA,MUTITHI,RUKANGA
KIRINYAGA,MWEA,TEBERE,MAHIGAINI
KIRINYAGA,KIRINYAGA CENTRAL,KERUGOYA,KAGUYU
KIRINYAGA,GICHUGU,KARUMANDI,KIARURI
KIRINYAGA,MWEA,KANGAI,KATHIGA
KIRINYAGA,NDIA,MUKURE,MUKURE
KIRINYAGA,KIRINYAGA CENTRAL,KANYEKI-INI,KIANJEGE
KIRINYAGA,KIRINYAGA CENTRAL,INOI,THAITA
KIRINYAGA,NDIA,MWERUA,KIANJANGA
KIRINYAGA,MWEA,THIBA,KIRATINA
KIRINYAGA,GICHUGU,KIRIMA,MUTIGE
KIRINYAGA,KIRINYAGA CENTRAL,INOI,NDIMI
KIRINYAGA,NDIA,KARITI,NYANGIO
KIRINYAGA,KIRINYAGA CENTRAL,KERUGOYA,KIMANDI
KIRINYAGA,MWEA,KUTUS,KAMIIGUA
KIRINYAGA,GICHUGU,KABARE,KIRITINI
KIRINYAGA,GICHUGU,KARUMANDI,KARIRU
KIRINYAGA,KIRINYAGA CENTRAL,MUTIRA,KIRUNDA
KIRINYAGA,KIRINYAGA CENTRAL,MUTIRA,KAGUMO
KIRINYAGA,MWEA,KUTUS,KANGU
KIRINYAGA,KIRINYAGA CENTRAL,INOI,MBETI
KIRINYAGA,MWEA,KANGAI,MATHIGAINI
KIRINYAGA,KIRINYAGA CENTRAL,KOROMA,NGARU
KIRINYAGA,KIRINYAGA CENTRAL,KERUGOYA,KAITHERI
KIRINYAGA,NDIA,MUKURE,KAGIOINI
KISII CENTRAL,KITUTU CHACHE SOUTH,TOWNSHIP,MWAMOSIOMA
KISII CENTRAL,KITUTU CHACHE NORTH,MWAGICHANA,IGEMO
KISII CENTRAL,KITUTU CHACHE NORTH,SENSI,SENSI
KISII CENTRAL,NYARIBARI CHACHE,IBENO,KABOSI
KISII CENTRAL,NYARIBARI CHACHE,KEUMBU,TARACHA
KISII CENTRAL,NYARIBARI CHACHE,IBENO,NYAMAGWA
KISII CENTRAL,KITUTU CHACHE NORTH,KEGOGI,METEMBE
KISII CENTRAL,KITUTU CHACHE NORTH,NGENYI,MATONGO
KISII CENTRAL,KITUTU CHACHE NORTH,MWAMONARI,RIOMA
KISII CENTRAL,NYARIBARI CHACHE,IBENO,KERERA
KISII CENTRAL,KITUTU CHACHE SOUTH,NYAKOE,BONYAGATANYI
KISII CENTRAL,KITUTU CHACHE NORTH,NGENYI,IKURUMA
KISII CENTRAL,NYARIBARI CHACHE,KEUMBU,BIRONGO
KISII CENTRAL,NYARIBARI CHACHE,KEUMBU,NYAMWARE
KISII CENTRAL,KITUTU CHACHE SOUTH,NYATIEKO,MWANANWA
KISII CENTRAL,KITUTU CHACHE NORTH,NGENYI,GESANGERO
KISII CENTRAL,KITUTU CHACHE SOUTH,NYATIEKO,MWAMOSIOMA
KISII CENTRAL,NYARIBARI CHACHE,KIOGORO,NYAGUTA
KISII CENTRAL,KITUTU CHACHE NORTH,KEGOGI,NGOKORO
KISII CENTRAL,NYARIBARI CHACHE,BOSONGO,NYAURA
KISII CENTRAL,NYARIBARI CHACHE,BOSONGO,BOBARACHO
KISII CENTRAL,NYARIBARI CHACHE,KIOGORO,MATUNWA
KISII CENTRAL,NYARIBARI CHACHE,KEGATI,KEGATI
KISII CENTRAL,NYARIBARI CHACHE,KEGATI,NYANGURU
KISII CENTRAL,NYARIBARI CHACHE,KEGATI,NYAMEMISO
KISII CENTRAL,KITUTU CHACHE NORTH,SENSI,KIONGANYO
KISII CENTRAL,KITUTU CHACHE SOUTH,NYAKOE,IRANDA
KISII CENTRAL,KITUTU CHACHE SOUTH,NYANGURU,RIETEBA
KISII CENTRAL,NYARIBARI CHACHE,KIOGORO,MASONGO
KISII CENTRAL,KITUTU CHACHE SOUTH,BOGUSERO NORTH,MATIEKO
KISII CENTRAL,NYARIBARI CHACHE,IBENO,CHIRICHIRO
KISII CENTRAL,NYARIBARI CHACHE,KIOGORO,BORONYI
KISII CENTRAL,KITUTU CHACHE SOUTH,BOGUSERO SOUTH,RAGANGA
KISII CENTRAL,KITUTU CHACHE SOUTH,BOGEKA,MOGUSI
KISII CENTRAL,NYARIBARI CHACHE,BOSONGO,NYANCHWA
KISII CENTRAL,NYARIBARI CHACHE,KEUMBU,BOMWAGI
KISII CENTRAL,KITUTU CHACHE NORTH,MWAKIBAGENDI,ONYWERE
KISII CENTRAL,KITUTU CHACHE NORTH,MWAGICHANA,KIOMONCHA
KISII CENTRAL,KITUTU CHACHE NORTH,MWAMONARI,NYAKEIRI
KISII CENTRAL,NYARIBARI CHACHE,IBENO,KIRWA
KISII CENTRAL,KITUTU CHACHE SOUTH,BOGUSERO NORTH,SANTA
KISII CENTRAL,KITUTU CHACHE SOUTH,BOGEKA,GESONI
KISII CENTRAL,KITUTU CHACHE SOUTH,BOGUSERO SOUTH,BIGEGE
KISII CENTRAL,KITUTU CHACHE NORTH,MWAKIBAGENDI,NYAMAGE
KISII CENTRAL,NYARIBARI CHACHE,TOWNSHIP,TOWNSHIP
KISII CENTRAL,KITUTU CHACHE SOUTH,NYANGURU,NYAGISAI
KISII SOUTH,BONCHARI,BOMARIBA,BOMARIBA
KISII SOUTH,BONCHARI,RIANA,BOGITAA
KISII SOUTH,BONCHARI,BOMARIBA,BOROKO
KISII SOUTH,BONCHARI,BOMORENDA,BOMAKOMBI
KISII SOUTH,BONCHARI,IYABE,BOKEIRE
KISII SOUTH,BONCHARI,IYABE,BOMOKORA
KISII SOUTH,BONCHARI,BOGIAKUMU,BOGIAKUMU
KISII SOUTH,BONCHARI,BOMORENDA,BONYAORO
KISII SOUTH,BONCHARI,BOGIAKUMU,BOMWANDA
KISII SOUTH,BONCHARI,BOMORENDA,BONYANCHAIRE
KISII SOUTH,BONCHARI,BOGIAKUMU,BONYANDO
KISII SOUTH,BONCHARI,BOMARIBA,KEBOYE
KISII SOUTH,BONCHARI,RIANA,NYAMWARI
KISII SOUTH,BONCHARI,BOMORENDA,BOMWANCHA
KISUMU EAST,KISUMU CENTRAL,TOWN,BANDARI
KISUMU EAST,KISUMU CENTRAL,KONDELE,NYAWITA
KISUMU EAST,KISUMU CENTRAL,TOWN,NORTHERN
KISUMU EAST,KISUMU EAST,KOLWA CENTRAL,KASULE
KISUMU EAST,KISUMU EAST,KAJULU EAST,OKOK
KISUMU EAST,KISUMU EAST,KOLWA EAST,CHIGA
KISUMU EAST,KISUMU EAST,KAJULU EAST,KADERO
KISUMU EAST,KISUMU EAST,KAJULU WEST,WATHOREGO
KISUMU EAST,KISUMU EAST,KAJULU WEST,KONYA
KISUMU EAST,KISUMU EAST,KOLWA CENTRAL,NYALUNYA
KISUMU EAST,KISUMU CENTRAL,TOWN,KALOLENI
KISUMU EAST,KISUMU EAST,KAJULU EAST,GOT NYABONDO
KISUMU EAST,KISUMU CENTRAL,KISUMU EAST,KANYAKWAR
KISUMU EAST,KISUMU EAST,KOLWA EAST,BUOYE
KISUMU EAST,MUHORONI,MIWANI,MIWANI CENTRAL
KISUMU EAST,MUHORONI,NYANGOMA,SIDHO EAST II
KISUMU EAST,KISUMU CENTRAL,TOWN,SOUTHERN
KISUMU EAST,KISUMU CENTRAL,KONDELE,MANYATTA 'A'
KISUMU EAST,KISUMU CENTRAL,KOLWA WEST,NYALENDA 'B'
KISUMU EAST,KISUMU EAST,KOLWA EAST,MAYENYA
KISUMU EAST,MUHORONI,TAMU,UPPER TAMU
KISUMU EAST,KISUMU EAST,KOLWA WEST,NYALENDA 'A'
KISUMU EAST,KISUMU EAST,KOLWA WEST,MANYATTA 'B'
KISUMU EAST,MUHORONI,MIWANI,MIWANI WEST
KISUMU EAST,KISUMU CENTRAL,KONDELE,MIGOSI
KISUMU EAST,MUHORONI,CHEMELIL,CHEMELIL
KISUMU EAST,MUHORONI,MIWANI,MIWANI EAST
KISUMU EAST,MUHORONI,NYANGOMA,WANGA'YA I
KISUMU EAST,MUHORONI,NORTH EAST KANO,CENTRAL KABAR
KISUMU EAST,NYANDO,KANYAGWAL,ANYURO
KISUMU EAST,MUHORONI,NYANGOMA,KAMSWA SOUTH
KISUMU EAST,MUHORONI,TAMU,GOD ABUORO
KISUMU EAST,MUHORONI,TAMU,EAST SONGHOR
KISUMU EAST,MUHORONI,CHEMELIL,WEST SONGHOR
KISUMU EAST,MUHORONI,TAMU,LOWER TAMU
KISUMU EAST,MUHORONI,OMBEYI,KANG'O
KISUMU EAST,NYANDO,KOCHIENG EAST,OKANA
KISUMU EAST,MUHORONI,MUHORONI,MUHORONI EAST
KISUMU EAST,MUHORONI,CHEMELIL,KIBIGORI
KISUMU WEST,SEME,NORTH CENTRAL,WEST KATIENO
KISUMU WEST,SEME,SOUTH CENTRAL,WEST OTHANY
KISUMU WEST,SEME,EAST SEME,KOKER/KAJULU
KISUMU WEST,SEME,EAST SEME,KAILA
KISUMU WEST,SEME,WEST SEME,EAST RERU
KISUMU WEST,KISUMU WEST,NORTH WEST KISUMU,EAST KARATENG
KISUMU WEST,SEME,SOUTH CENTRAL,UPPER KOMBEWA
KISUMU WEST,SEME,WEST SEME,WEST RERU
KISUMU WEST,SEME,OTWENYA,EAST KOLUNJE
KISUMU WEST,SEME,SOUTH CENTRAL,EAST KANYADWERA
KISUMU WEST,SEME,NORTH CENTRAL,KADERO
KISUMU WEST,SEME,WEST SEME,EAST NGERE
KISUMU WEST,KISUMU WEST,WEST KISUMU,UPPER KADONGO
KISUMU WEST,SEME,SOUTH WEST SEME,ANG'OGA
KISUMU WEST,SEME,NORTH CENTRAL,SOUTH KOWE
KISUMU WEST,SEME,OTWENYA,NORTH RATA
KISUMU WEST,KISUMU WEST,KISUMU EAST,DAGO
KISUMU WEST,SEME,SOUTH CENTRAL,WEST KANYADWERA
KISUMU WEST,KISUMU WEST,KISUMU CENTRAL,KORANDO 'A'
KISUMU WEST,KISUMU WEST,KISUMU NORTH,NYAHERA
KISUMU WEST,KISUMU WEST,NORTH WEST KISUMU,MARERA
KISUMU WEST,SEME,OTWENYA,WEST KOLUNJE
KISUMU WEST,SEME,WEST SEME,WEST NGERE
KISUMU WEST,SEME,SOUTH CENTRAL,EAST OTHANY
KISUMU WEST,KISUMU WEST,WEST KISUMU,NORTH KAPUONJA
KISUMU WEST,KISUMU WEST,KISUMU NORTH,BAR 'B'
KISUMU WEST,SEME,NORTH CENTRAL,EAST KATIENO
KISUMU WEST,KISUMU WEST,WEST KISUMU,NEWA
KISUMU WEST,SEME,EAST SEME,KIT MIKAYI
KISUMU WEST,SEME,SOUTH CENTRAL,LOWER KOMBEWA
KISUMU WEST,KISUMU WEST,NORTH WEST KISUMU,WEST KARATENG
KISUMU WEST,KISUMU WEST,WEST KISUMU,SOUTH KAPUONJA
KISUMU WEST,KISUMU WEST,KISUMU NORTH,BAR 'A'
KISUMU WEST,SEME,SOUTH WEST SEME,ALWALA
KISUMU WEST,SEME,NORTH CENTRAL,NORTH KOWE
KISUMU WEST,KISUMU WEST,KISUMU SOUTH WEST,OSIRI
KISUMU WEST,SEME,SOUTH WEST SEME,KADINGA WEST
KISUMU WEST,KISUMU WEST,KISUMU SOUTH WEST,KANYAWEGI
KISUMU WEST,KISUMU WEST,WEST KISUMU,LOWER KADONGO
KISUMU WEST,SEME,OTWENYA,SOUTH RATA
KISUMU WEST,KISUMU WEST,NORTH WEST KISUMU,SUNGA
KISUMU WEST,KISUMU WEST,KISUMU SOUTH WEST,OJOLLA
KISUMU WEST,SEME,SOUTH WEST SEME,EAST KADINGA
KISUMU WEST,KISUMU WEST,KISUMU CENTRAL,KORANDO 'B'
KISUMU WEST,KISUMU WEST,KISUMU EAST,KOGONY
KISUMU WEST,SEME,SOUTH WEST SEME,NORTH ALUNGO
KISUMU WEST,SEME,SOUTH WEST SEME,SOUTH ALUNGO
KISUMU WEST,KISUMU WEST,KISUMU EAST,MKENDWA
KITUI,KITUI EAST,ENDAU,KATUMBI
KITUI,KITUI CENTRAL,TOWNSHIP,MANYENGO
KITUI,KITUI CENTRAL,TOWNSHIP,TOWNSHIP
KITUI,KITUI CENTRAL,MIAMBANI,MUNGANGA
KITUI,KITUI EAST,ZOMBE,THUA
KITUI,KITUI RURAL,KANYANGI,MANDONGOI
KITUI,KITUI RURAL,MALIKU,MALIKU
KITUI,KITUI WEST,MUSENGO,MUSENGO
KITUI,KITUI RURAL,KANYANGI,SYOMUNYU
KITUI,KITUI CENTRAL,KYANGWITHYA EAST,MISEWANI
KITUI,KITUI WEST,MUTONGUNI,KAIMU
KITUI,KITUI RURAL,KISASI,KITUNGATI
KITUI,KITUI CENTRAL,MIAMBANI,KAMANDIO/MALILI
KITUI,KITUI CENTRAL,KYANGWITHYA EAST,MULUNDI
KITUI,KITUI EAST,MUTITU,MUSUKINI
KITUI,KITUI WEST,KAKEANI,KANGII
KITUI,KITUI CENTRAL,KATULANI,KATULANI
KITUI,KITUI EAST,NZANGATHI,KALUVA
KITUI,KITUI WEST,MUTULU,MASEKI
KITUI,KITUI RURAL,MBITINI,MBITINI
KITUI,KITUI WEST,MUTONGUNI,MITHINI
KITUI,KITUI WEST,KATUTU,NZALAE
KITUI,KITUI CENTRAL,KYANGWITHYA WEST,TUNGUTU
KITUI,KITUI RURAL,NTHONGONI,KAWONGO/KATHOME
KITUI,KITUI RURAL,MBUSYANI,MBUSYANI
KITUI,KITUI EAST,MWITIKA,KILAA
KITUI,KITUI CENTRAL,MULANGO,KYAMBITI
KITUI,KITUI RURAL,NTHONGONI,MUVITHA/KATHIMBONI
KITUI,KITUI RURAL,KANYANGI,MASIMBA
KITUI,KITUI CENTRAL,ITOLEKA,KAVUTA
KITUI,KITUI EAST,ZOMBE,KASUNGUNI
KITUI,KITUI RURAL,KISASI,MASIMBINI
KITUI,KITUI WEST,KWA MUTONGA,MITHIKWANI
KITUI,KITUI CENTRAL,KYANGWITHYA EAST,MUSEVE
KITUI,KITUI RURAL,MBUSYANI,NGILUNI
KITUI,KITUI RURAL,MBUSYANI,NGUUNI
KITUI,KITUI WEST,KAUWI,KAUWI
KITUI,KITUI CENTRAL,ITOLEKA,ITOLEKA
KITUI,KITUI RURAL,MBITINI,KATWALA
KITUI,KITUI WEST,KATUTU,KATUTU
KITUI,KITUI CENTRAL,MULANGO,WIKILILYE
KITUI,KITUI RURAL,KWA-VONZA,MIKUYUNI
KITUI,KITUI EAST,ZOMBE,MALATANI
KITUI,KITUI CENTRAL,KYANGWITHYA EAST,MUTUNE
KITUI,KITUI WEST,KAUMA,MUSOSYA
KITUI,KITUI WEST,KAUMA,KAUMA
KITUI,KITUI WEST,KAUWI,KATHEKA
KITUI,KITUI WEST,KIVAINI,KIVAINI
KITUI,KITUI CENTRAL,KYANGWITHYA WEST,NDUMONI
KITUI,KITUI WEST,KALIMANI,NZAKAME
KITUI,KITUI RURAL,YATTA,NDUNGUNI
KITUI,KITUI RURAL,KWA-VONZA,KANYONYONI
KITUI,KITUI WEST,KAKEANI,KAKEANI
KITUI,KITUI EAST,NZAMBANI,MALUMA
KITUI,KITUI RURAL,KISASI,NGANGANI
KITUI,KITUI CENTRAL,MULANGO,WII
KITUI,KITUI EAST,NZAMBANI,KYANIKA
KITUI,KITUI CENTRAL,KYANGWITHYA WEST,UTOONI
KITUI,KITUI WEST,KALIMANI,KAVUVUU
KITUI,KITUI WEST,USIANI,YALATANI
KITUI,KITUI RURAL,MBITINI,MOSA
KITUI,KITUI CENTRAL,KYANGWITHYA EAST,IVAINI
KITUI,KITUI WEST,MATINYANI,KALIA
KITUI,KITUI WEST,KITHUMULA,KITHUMULA
KITUI,KITUI EAST,MALALANI,MALALANI
KITUI,KITUI WEST,MUSENGO,KAKUMUTI
KITUI,KITUI CENTRAL,KATULANI,KWA MULI
KITUI,KITUI EAST,KALIKU,KYAIMU
KITUI,KITUI RURAL,MALIKU,KAVISUNI
KITUI,KITUI CENTRAL,KYANGWITHYA WEST,MULUTU
KITUI,KITUI EAST,MWITIKA,MAKONGO
KITUI,KITUI WEST,KITHUMULA,KASAINI
KITUI,KITUI EAST,MUTITU,ITIKO
KITUI,KITUI WEST,MATINYANI,KYONDONI
KITUI,KITUI RURAL,YATTA,MAKUSYA
KITUI,KITUI RURAL,MBITINI,KANZAU
KITUI,KITUI RURAL,KANYONGONYO,KANYONGONYO
KITUI,KITUI EAST,ENDAU,YIUKU
KITUI,KITUI WEST,MUTANDA,MUTANDA
KITUI,KITUI WEST,MUTULU,KATHUMA
KITUI,KITUI WEST,KATUTU,KASAKINI
KITUI,KITUI EAST,VOO,NZUNGUNI
KITUI,KITUI WEST,KALIMANI,KYAMBUSYA
KITUI,KITUI EAST,VOO,KASASI
KITUI,KITUI WEST,KATUTU,KISAYANI
KITUI,KITUI CENTRAL,KYANGWITHYA WEST,MBUSYANI
KITUI,KITUI EAST,MALALANI,TWAMBUI
KITUI,KITUI EAST,THUA,KENZE
KITUI,KITUI CENTRAL,KYANGWITHYA EAST,KAVETA
KITUI,KITUI CENTRAL,MULANGO,KYANGUNGA
KITUI,KITUI WEST,KWA MUTONGA,MUTONGA
KITUI,KITUI EAST,KALIKU,MANYOENI
KITUI,KITUI RURAL,YATTA,NYANYAA
KITUI,KITUI RURAL,MBUSYANI,MUKAMENI
KITUI,KITUI EAST,MUTITU,MASASINI
KITUI,KITUI EAST,KYAMATU,MUTHUNGUE
KITUI,KITUI EAST,MUTITU,KITOO
KITUI,KITUI WEST,KWA MULUNGU,MASELELE
KITUI,KITUI WEST,KATUTU,KYENGE
KITUI,KITUI EAST,MWITIKA,KIKUU
KITUI,KITUI RURAL,KISEUNI,KISEUNI
KITUI,KITUI WEST,KWA MUTONGA,SYOKITHUMBI
KITUI,KITUI EAST,ZOMBE,NGUNGI
KITUI,KITUI EAST,THUA,NGUNGI
KITUI,KITUI WEST,KIVAINI,KANGUNGI
KITUI,KITUI EAST,NZAMBANI,ITHUMILA
KITUI,KITUI CENTRAL,MALIKU,KATHUNGI
KITUI,KITUI CENTRAL,TOWNSHIP,KALUNDU
KITUI,KITUI EAST,KYAMATU,KYAMATU
KITUI,KITUI WEST,MATINYANI,KATHEUNI
KITUI,KITUI EAST,VOO,KYANGINI
KITUI,KITUI WEST,KAUWI,KISEVENI
KITUI,KITUI EAST,KYAMATU,NZANZU
KITUI,KITUI EAST,VOO,KYANGO
KITUI,KITUI EAST,KALIKU,KAWALA
KITUI,KITUI EAST,MWITIKA,KATIKONI
KITUI,KITUI EAST,ENDAU,NDETANI
KITUI,KITUI EAST,MWITIKA,KAVINGO
KITUI,KITUI EAST,VOO,IMALE
KITUI,KITUI WEST,MUTULU,KITUMBI
KITUI,KITUI CENTRAL,USIANI,USIANI
KITUI,KITUI RURAL,KISEUNI,KITHIANI
KITUI,KITUI RURAL,KANYONGONYO,NZAMBIA
KITUI,KITUI EAST,ENDAU,KATHUA
KITUI,KITUI WEST,KATHIVO,KATHIVO
KITUI,KITUI RURAL,YATTA,ILIKA
KITUI,KITUI WEST,KWA MULUNGU,KWA MULUNGU
KITUI,KITUI EAST,MALALANI,MAKUKA
KITUI,KITUI EAST,KALIKU,KAVUTEI
KITUI,KITUI WEST,KATHIVO,KALINDILO
KITUI,KITUI WEST,MUTANDA,SANGALA
KITUI,KITUI CENTRAL,MIAMBANI,NZAAYA
KITUI,KITUI EAST,MALALANI,SYOU
KITUI,KITUI CENTRAL,MIAMBANI,MUTULA
KOIBATEK,ELDAMA RAVINE,LEMBUS-MOSOP,TINET
KOIBATEK,MOGOTIO,LEMBUS-MOGOTIO,CHEMOGOCH
KOIBATEK,MOGOTIO,EMINING,EMINING
KOIBATEK,ELDAMA RAVINE,RAVINE,RAVINE
KOIBATEK,ELDAMA RAVINE,SABATIA,SOLIAN
KOIBATEK,ELDAMA RAVINE,LEMBUS-MOSOP,TIMBOROA
KOIBATEK,MOGOTIO,NGUBERETI,NGUBERETI
KOIBATEK,MOGOTIO,LEMBUS-MOGOTIO,MOGOTIO
KOIBATEK,ELDAMA RAVINE,MAJI MAZURI,MAKUTANO
KOIBATEK,MOGOTIO,LEMBUS-KIPTOIM,KIPTOIM
KOIBATEK,ELDAMA RAVINE,LEMBUS CENTRAL,POROR ARAMA
KOIBATEK,ELDAMA RAVINE,PERKERRA,TONIOK
KOIBATEK,ELDAMA RAVINE,KABIYET,KABIYET
KOIBATEK,MOGOTIO,KOITEBES,KOITEBES
KOIBATEK,ELDAMA RAVINE,MAJI MAZURI,MAJI MAZURI
KOIBATEK,ELDAMA RAVINE,SABATIA,LEBOLOS
KOIBATEK,ELDAMA RAVINE,TORONGO,MWACHON
KOIBATEK,MOGOTIO,LEMBUS-KIPTOIM,SAGASAGIK
KOIBATEK,MOGOTIO,EMINING,OTERIT
KOIBATEK,ELDAMA RAVINE,MUMBERES,EQUATOR
KOIBATEK,ELDAMA RAVINE,MUMBERES,MUMBERES
KOIBATEK,ELDAMA RAVINE,TUGUMOI,TUGUMOI
KOIBATEK,MOGOTIO,LEMBUS-KIPTOIM,NDANAI
KOIBATEK,MOGOTIO,LEMBUS-MOGOTIO,KIPSOGON
KOIBATEK,MOGOTIO,ROSOGA,KIPROTA
KOIBATEK,ELDAMA RAVINE,SAOS-KABIAS,CHERAIK
KOIBATEK,ELDAMA RAVINE,KIPLOMBE,KAPLELACH
KOIBATEK,MOGOTIO,SIRWA,KAPKEIN
KOIBATEK,ELDAMA RAVINE,LEMBUS/KABIMOI,KABIMOI
KOIBATEK,ELDAMA RAVINE,KABIYET,BENONIN
KOIBATEK,MOGOTIO,KOIBOS SOI,RADAD
KOIBATEK,ELDAMA RAVINE,KIPLOMBE,ORINIE
KOIBATEK,ELDAMA RAVINE,KIPTUNO,LELAITICH
KOIBATEK,MOGOTIO,SINENDE,NYALILBUCH
KOIBATEK,MOGOTIO,KOIBOS,MAJI MOTO
KOIBATEK,MOGOTIO,KOIBOS,KOITUIMET
KOIBATEK,MOGOTIO,EMINING,KABOGOR
KOIBATEK,MOGOTIO,KAPKECHUI,MUGUYUNI
KOIBATEK,MOGOTIO,SIRWA,SORE
KOIBATEK,ELDAMA RAVINE,SAOS-KABIAS,SAOS
KOIBATEK,MOGOTIO,KIMOSE,CHEMOINOI
KOIBATEK,ELDAMA RAVINE,PERKERRA,PERKERRA
KOIBATEK,MOGOTIO,MOLO SIRWE,MOLO/SIRWE
KOIBATEK,MOGOTIO,MOLO SIRWE,CHEPYUAN
KOIBATEK,MOGOTIO,ROSOGA,ROSOGA
KOIBATEK,ELDAMA RAVINE,KIPTUNO,TULWOB-LEMBUS
KOIBATEK,ELDAMA RAVINE,PERKERRA,TUIYOTICH
KOIBATEK,MOGOTIO,NGENDALEL,KIPNYUNGUNY
KOIBATEK,MOGOTIO,SIMOTWE,MUGURIN
KOIBATEK,MOGOTIO,OLDEBES,CHOMIEK
KOIBATEK,MOGOTIO,OLDEBES,OLDEBES
KOIBATEK,MOGOTIO,NGENDALEL,NGENDALEL
KOIBATEK,ELDAMA RAVINE,LEMBUS/KABIMOI,ORONGAI
KOIBATEK,MOGOTIO,SIRWA,KABURGEI
KOIBATEK,ELDAMA RAVINE,TORONGO,TORONGO
KOIBATEK,ELDAMA RAVINE,SAOS-KABIAS,TOLMO
KOIBATEK,ELDAMA RAVINE,SABATIA,KIROBON
KOIBATEK,MOGOTIO,KIMOSE,KIMOSE
KOIBATEK,ELDAMA RAVINE,KOISAMO,KEWANGOI
KOIBATEK,ELDAMA RAVINE,CHEMORGONG,SIGORO
KOIBATEK,ELDAMA RAVINE,TUGUMOI,TIRIPKATOI
KOIBATEK,ELDAMA RAVINE,SABATIA,KIPKABER
KOIBATEK,MOGOTIO,LEMBUS-KIPTOIM,OLBAT
KOIBATEK,ELDAMA RAVINE,KIPLOMBE,KIPLOMBE
KOIBATEK,MOGOTIO,SIRWA,SIRWA
KOIBATEK,MOGOTIO,KAPKECHUI,TURKULU
KOIBATEK,MOGOTIO,KISANANA,KISANANA
KOIBATEK,MOGOTIO,CHEBEREN,CHEBEREN
KOIBATEK,MOGOTIO,KAMAR,KAMAR
KOIBATEK,MOGOTIO,NGUBERETI,LEGETETWET
KOIBATEK,MOGOTIO,OLKOKWE,OLKOKWE
KOIBATEK,MOGOTIO,KAPKECHUI,KIBOMOI
KOIBATEK,MOGOTIO,SINENDE,WASEGES
KOIBATEK,MOGOTIO,KIMNGOROM,KIMNGOROM
KOIBATEK,MOGOTIO,KAMAR,MOLOS
KOIBATEK,MOGOTIO,KOIBOS SOI,KAPLELWO
KOIBATEK,MOGOTIO,OLKOKWE,KABERGEI
KOIBATEK,MOGOTIO,KABUSWO,KIRIBOT
KOIBATEK,ELDAMA RAVINE,LEMBUS/KABIMOI,SAGAT
KOIBATEK,MOGOTIO,KISANANA,KOISARAM
KOIBATEK,MOGOTIO,KABUSWO,KABUSWO
KOIBATEK,MOGOTIO,KAPNOSGEI,KAMASAI
KOIBATEK,MOGOTIO,SINENDE,CHEBIREBEI
KOIBATEK,MOGOTIO,KAPNOSGEI,KAPNOSGEI
KOIBATEK,MOGOTIO,OLKOKWE,TINOSIEK
KURIA EAST,KURIA EAST,BWIREGE WEST,NTIMARU
KURIA EAST,KURIA EAST,NYABASI WEST,NYAROHA
KURIA EAST,KURIA EAST,NYABASI WEST,NYABIKONGORI
KURIA EAST,KURIA EAST,KEBAROTI,TEBESI
KURIA EAST,KURIA EAST,MAETA,MAETA\ SACHWA
KURIA EAST,KURIA EAST,SIABAI,SIABAI
KURIA EAST,KURIA EAST,NYABASI EAST,SAKURI
KURIA EAST,KURIA EAST,KEBAROTI,KEBAROTI
KURIA EAST,KURIA EAST,NYABASI NORTH,NYAMAGENGA
KURIA EAST,KURIA EAST,MAETA,NYAITARA
KURIA EAST,KURIA EAST,NGURUMA,GIRIGIRI
KURIA EAST,KURIA EAST,BWIREGE EAST,GWITEMBE
KURIA EAST,KURIA EAST,WANGIRABOSE,WANGIRABOSE
KURIA EAST,KURIA EAST,BWIREGE WEST,MAKARARANGWE
KURIA EAST,KURIA EAST,BUGUMBE NORTH,NYAMAGAGANA
KURIA EAST,KURIA EAST,WANGIRABOSE,ITONGO
KURIA EAST,KURIA EAST,NYABASI NORTH,KUGITIMO
KURIA EAST,KURIA EAST,NYABASI EAST,KEGONGA
KURIA EAST,KURIA EAST,NGURUMA,GETONGOROMA
KURIA EAST,KURIA EAST,BWIREGE EAST,MASANGARA
KURIA EAST,KURIA EAST,BUKIRA NORTH,KARUTIYANGE
KURIA EAST,KURIA EAST,KOMBE,SAGEGI
KURIA WEST,KURIA WEST,BUGUMBE CENTRAL,GETONGANYA
KURIA WEST,KURIA EAST,KOMBE,SAGEGI
KURIA WEST,KURIA WEST,BUGUMBE NORTH,MASABA
KURIA WEST,KURIA WEST,BUKIRA EAST,IGENA
KURIA WEST,KURIA WEST,BUGUMBE WEST,NGOCHONI
KURIA WEST,KURIA WEST,BUGUMBE EAST,NYANKORE
KURIA WEST,KURIA WEST,BUKIRA WEST,NYABIKAYE
KURIA WEST,KURIA WEST,BUGUMBE SOUTH,ISIBANIA
KURIA WEST,KURIA WEST,TAGARE,MABERA
KURIA WEST,KURIA WEST,GOKEHARAKA,IHORE
KURIA WEST,KURIA WEST,BUGUMBE SOUTH,KOMOSOKO
KURIA WEST,KURIA EAST,BUGUMBE NORTH,NYAMAGAGANA
KURIA WEST,KURIA WEST,BUKIRA WEST,NYAMAHARAGA
KURIA WEST,KURIA WEST,BUGUMBE EAST,NYAGOGE
KURIA WEST,KURIA WEST,BUKIRA SOUTH,NYAMOTAMBE
KURIA WEST,KURIA WEST,BUKIRA EAST,TARANGANYA
KURIA WEST,KURIA WEST,BUKIRA NORTH,IKEREGE
KURIA WEST,KURIA WEST,GOKEHARAKA,NYAMARANYA
KURIA WEST,KURIA WEST,BUGUMBE WEST,MOHETO
KURIA WEST,KURIA WEST,TAGARE,NGISIRU
KURIA WEST,KURIA EAST,KOMBE,KOMBE
KURIA WEST,KURIA WEST,BUKIRA WEST,NYANGITI
KURIA WEST,KURIA WEST,BUKIRA CENTRAL,GWIKONGE
KURIA WEST,KURIA WEST,BUKIRA CENTRAL,KOMOMANGE
KURIA WEST,KURIA WEST,BUKIRA SOUTH,MASANGORA
KURIA WEST,KURIA EAST,BUKIRA NORTH,KARUTIYANGE
KURIA WEST,KURIA WEST,BUKIRA WEST,NYAMETABURO
KURIA WEST,KURIA WEST,BUGUMBE CENTRAL,NYANCHABO
KWALE,MATUGA,TIWI,SIMKUMBE
KWALE,MATUGA,TIWI,MKOYO
KWALE,MATUGA,NGOMBENI,PUNGU
KWALE,MATUGA,MKONGANI,TIRIBE
KWALE,MATUGA,WAA,MATUGA
KWALE,MATUGA,MKONGANI,MKOMBA
KWALE,MATUGA,WAA,KOMBANI
KWALE,MATUGA,MKONGANI,MTSAMVIANI
KWALE,MATUGA,MWALUPHAMBA,MLAFYENI
KWALE,MATUGA,TSIMBA,KUNDUTSI
KWALE,MATUGA,NGOMBENI,NGOMBENI
KWALE,MATUGA,WAA,KITIVO
KWALE,MATUGA,LUKORE,LUKORE
KWALE,MATUGA,MWALUVANGA,MANYATTA
KWALE,MATUGA,TSIMBA,MAZUMALUME
KWALE,MATUGA,MANGAWANI,MANGAWANI
KWALE,MATUGA,MAJIMBONI,MAKOBE
KWALE,MATUGA,GOLINI,GOLINI
KWALE,MATUGA,MWALUPHAMBA,KIZIBE
KWALE,MATUGA,NGOMBENI,KITEJE
KWALE,MATUGA,MAJIMBONI,MAJIMBONI
KWALE,MATUGA,MWALUVANGA,MWALUVANGA
KWALE,MATUGA,MBUGUNI,MBUGUNI
KWALE,MATUGA,MAJIMBONI,BOYANI
KWALE,MATUGA,MAJIMBONI,MSULWA
KWALE,MATUGA,MAJIMBONI,SHIMBA HILLS
KWALE,MATUGA,SHIMBA HILLS,SHIMBA HILLS N. PARK
KWALE,MATUGA,MAJIMBONI,KIPAMBANI
KWANZA,KWANZA,KAPOMBOI,KAPOMBOI
KWANZA,KWANZA,KWANZA,KWANZA
KWANZA,KWANZA,KWANZA,KEIYO
KWANZA,ENDEBESS,CHEPCHOINA,TWIGA
KWANZA,KWANZA,KAISAGAT,AMUKA
KWANZA,ENDEBESS,KAIBEI,MATUMBEI
KWANZA,KWANZA,KAPOMBOI,KOLONGOLO
KWANZA,KWANZA,KIBOMET,BIDII
KWANZA,KWANZA,KAISAGAT,KAISAGAT
KWANZA,KWANZA,NAMANJALALA,NAMANJALALA
KWANZA,KWANZA,KAPSITWET,LIYAVO
KWANZA,KWANZA,KAPSITWET,KAPSITWET
KWANZA,ENDEBESS,CHEPCHOINA,KIPTOGOT
KWANZA,ENDEBESS,KAIBEI,MUBERE
KWANZA,KWANZA,KAPOMBOI,KOBOS
KWANZA,KWANZA,KAPOMBOI,KAPKOI
KWANZA,ENDEBESS,CHEPCHOINA,KAPTEGA
KWANZA,ENDEBESS,ENDEBES,ENDEBES
KWANZA,ENDEBESS,ENDEBES,CHORLIM
KWANZA,KWANZA,KAISAGAT,KARAUS
KYUSO,MWINGI NORTH,KIMANGAO,KIMU
KYUSO,MWINGI NORTH,MIVUKONI,TWIMYUA
KYUSO,MWINGI NORTH,NGOMENI,KALWA
KYUSO,MWINGI NORTH,MIVUKONI,KATUKA
KYUSO,MWINGI NORTH,MIVUKONI,KAMULA
KYUSO,MWINGI NORTH,NGOMENI,IKIME
KYUSO,MWINGI NORTH,KATSE,KAMATHIITU
KYUSO,MWINGI NORTH,KIMANGAO,KIMANGAO
KYUSO,MWINGI NORTH,KYUSO,GAI
KYUSO,MWINGI NORTH,KIMANGAO,MASEKI
KYUSO,MWINGI NORTH,TSEIKURU,KAIVIRYA
KYUSO,MWINGI NORTH,MITAMISYI,MITAMISYI
KYUSO,MWINGI NORTH,NGUUKU,KATHIANI
KYUSO,MWINGI NORTH,KANTHUNGU,KAMAINDI
KYUSO,MWINGI NORTH,MITAMISYI,KIMELA
KYUSO,MWINGI NORTH,MUTANDA,MUTANDA
KYUSO,MWINGI NORTH,KAKUYU,TYAA KAMUTHALE
KYUSO,MWINGI NORTH,KAMUWONGO,KAMUWONGO
KYUSO,MWINGI NORTH,KATSE,MBARANI
KYUSO,MWINGI NORTH,NGOMENI,KAVAANI
KYUSO,MWINGI NORTH,NGUUKU,MUSOSYA
KYUSO,MWINGI NORTH,MUTANDA,KALIWA
KYUSO,MWINGI NORTH,TSEIKURU,NGALENGE
KYUSO,MWINGI NORTH,KAKUYU,KAKUYU
KYUSO,MWINGI NORTH,MASYUNGWA,KITOVOTO
KYUSO,MWINGI NORTH,THARAKA,GAKOMBE
KYUSO,MWINGI NORTH,NGOMENI,KAVUTI
KYUSO,MWINGI NORTH,TSEIKURU,KASYATHYUNI
KYUSO,MWINGI NORTH,TSEIKURU,NZIITU
KYUSO,MWINGI NORTH,KATSE,KONYU
KYUSO,MWINGI NORTH,MIVUKONI,MATAKA
KYUSO,MWINGI NORTH,MUKONG'A,IKONGO
KYUSO,MWINGI NORTH,KAMUWONGO,ITIVA-NZOU
KYUSO,MWINGI NORTH,MITAMISYI,KAMUSILIU
KYUSO,MWINGI NORTH,MUKONG'A,MUKONG'A
KYUSO,MWINGI NORTH,KYUSO,NGAIE
KYUSO,MWINGI NORTH,KAKUYU,NGUNGANI
KYUSO,MWINGI NORTH,THARAKA,GACIGONGO
KYUSO,MWINGI NORTH,KANTHUNGU,KANTHUNGU
KYUSO,MWINGI NORTH,KAKUYU,KYANDALI
KYUSO,MWINGI NORTH,THARAKA,KANYENGYA
KYUSO,MWINGI NORTH,KANTHUNGU,GATORONI
KYUSO,MWINGI NORTH,MASYUNGWA,KATHIANI
KYUSO,MWINGI NORTH,NGUUKU,KATIA
KYUSO,MWINGI NORTH,TSEIKURU,NGONGONI
KYUSO,MWINGI NORTH,KIMANGAO,KISEUNI
KYUSO,MWINGI NORTH,MASYUNGWA,KYANDANI
KYUSO,MWINGI NORTH,MUTANDA,WANGUTU
KYUSO,MWINGI NORTH,MITAMISYI,NDATANI
KYUSO,MWINGI NORTH,MUSAVANI,KYENINI
LAGDERA,DADAAB,DAMAJALE,DAMAJALE
LAGDERA,DADAAB,DADAAB,DADAAB
LAGDERA,LAGDERA,MODOGASHE,MODOGASHE
LAGDERA,DADAAB,LABISIGALE,LABISIGALE
LAGDERA,LAGDERA,GARUFA,GARUFA
LAGDERA,DADAAB,LIBOI,LIBOI
LAGDERA,LAGDERA,BARAKI,BARAKI
LAGDERA,DADAAB,DERTU,DERTU
LAGDERA,LAGDERA,GOREALE,GOREALE
LAGDERA,DADAAB,ABAKAILE,ABAKAILE
LAGDERA,LAGDERA,BENANE,BENANE
LAGDERA,DADAAB,KULAN,KULAN
LAGDERA,DADAAB,KUMAHUMATO,KUMAHUMATO
LAGDERA,DADAAB,DAGAHALEY,DAGAHALEY
LAGDERA,LAGDERA,MAALIMIN,MAALIMIN
LAGDERA,DADAAB,ALANGO ARBA,ALANGO ARBA
LAGDERA,DADAAB,DAMAJALE,KOKAR
LAIKIPIA EAST,LAIKIPIA WEST,NANYUKI,MAJENGO
LAIKIPIA EAST,LAIKIPIA WEST,WIYUMIRIRIE,WAMURA
LAIKIPIA EAST,LAIKIPIA WEST,MARURA,MARURA
LAIKIPIA EAST,LAIKIPIA NORTH,ETHI,CHUMVI
LAIKIPIA EAST,LAIKIPIA WEST,NGOBIT,KARIGUINI
LAIKIPIA EAST,LAIKIPIA WEST,MWITURIA,WITHARE
LAIKIPIA EAST,LAIKIPIA WEST,SIRIMA,MUTARO
LAIKIPIA EAST,LAIKIPIA WEST,NGOBIT,RUAI
LAIKIPIA EAST,LAIKIPIA WEST,WIYUMIRIRIE,NYAMBOGICHI
LAIKIPIA EAST,LAIKIPIA NORTH,NAIBOR,MUKIMA
LAIKIPIA EAST,LAIKIPIA WEST,NTURUKUMA,LIKII
LAIKIPIA EAST,LAIKIPIA WEST,SIRIMA,MUHONIA
LAIKIPIA EAST,LAIKIPIA WEST,WIYUMIRIRIE,WIYUMIRIRIE
LAIKIPIA EAST,LAIKIPIA WEST,LAMURIA,LAMURIA
LAIKIPIA EAST,LAIKIPIA WEST,TIGITHI,MATANYA
LAIKIPIA EAST,LAIKIPIA WEST,NANYUKI,THINGITHU
LAIKIPIA EAST,LAIKIPIA WEST,NTURUKUMA,NTURUKUMA
LAIKIPIA EAST,LAIKIPIA NORTH,UMANDE,NYARIGINU
LAIKIPIA EAST,LAIKIPIA NORTH,IMPALA,RUGUTU
LAIKIPIA EAST,LAIKIPIA NORTH,ETHI,NGENIA
LAIKIPIA EAST,LAIKIPIA WEST,MWITURIA,NJOGUINI
LAIKIPIA EAST,LAIKIPIA NORTH,UMANDE,KALALU
LAIKIPIA EAST,LAIKIPIA NORTH,UMANDE,UMANDE
LAIKIPIA EAST,LAIKIPIA WEST,SEGERA,NGARENGIRO
LAIKIPIA EAST,LAIKIPIA NORTH,NAIBOR,NAIBOR
LAIKIPIA EAST,LAIKIPIA NORTH,SEGERA,SEGERA
LAIKIPIA NORTH,LAIKIPIA NORTH,SOSIAN,SOSIAN
LAIKIPIA NORTH,LAIKIPIA NORTH,SEGERA,SEGERA
LAIKIPIA NORTH,LAIKIPIA NORTH,OLOIBORSOT,EWASO
LAIKIPIA NORTH,LAIKIPIA NORTH,ILDIGIRI,TURA
LAIKIPIA NORTH,LAIKIPIA NORTH,KIRIMA,NDONYO LOIP
LAIKIPIA NORTH,LAIKIPIA NORTH,UMANDE,UMANDE
LAIKIPIA NORTH,LAIKIPIA NORTH,UMANDE,KALALU
LAIKIPIA NORTH,LAIKIPIA NORTH,ETHI,NGENIA
LAIKIPIA NORTH,LAIKIPIA NORTH,NAIBOR,MUKIMA
LAIKIPIA NORTH,LAIKIPIA NORTH,UMANDE,NYARIGINU
LAIKIPIA NORTH,LAIKIPIA NORTH,NAIBOR,NAIBOR
LAIKIPIA NORTH,LAIKIPIA NORTH,SOSIAN,MAUNDU NI MERI
LAIKIPIA NORTH,LAIKIPIA NORTH,ETHI,CHUMVI
LAIKIPIA NORTH,LAIKIPIA NORTH,KIRIMA,GITHIMA
LAIKIPIA NORTH,LAIKIPIA NORTH,MUMONYOT,MUMONYOT
LAIKIPIA NORTH,LAIKIPIA NORTH,MUKOGONDO,KURIKURI
LAIKIPIA NORTH,LAIKIPIA NORTH,ILPOLEI,ILPOLEI
LAIKIPIA NORTH,LAIKIPIA NORTH,ETHI,ETHI
LAIKIPIA NORTH,LAIKIPIA NORTH,NAIBOR,KIMUGANDURA
LAIKIPIA NORTH,LAIKIPIA NORTH,MAKURIAN,MAKURIAN
LAIKIPIA NORTH,LAIKIPIA NORTH,IMPALA,RUGUTU
LAIKIPIA NORTH,LAIKIPIA NORTH,ILNGWESI,NGARENDARE
LAIKIPIA NORTH,LAIKIPIA NORTH,MUMONYOT,SEEK
LAIKIPIA NORTH,LAIKIPIA NORTH,MAKURIAN,ARJIJO
LAIKIPIA NORTH,LAIKIPIA NORTH,ILNGWESI,SANGAA
LAIKIPIA NORTH,LAIKIPIA NORTH,OLOIBORSOT,KIRIMON
LAIKIPIA NORTH,LAIKIPIA NORTH,SIEKU,SIEKU
LAIKIPIA NORTH,LAIKIPIA NORTH,ILMOTIOK,ILMOTIOK
LAIKIPIA WEST,LAIKIPIA EAST,SALAMA,LORIAN
LAIKIPIA WEST,LAIKIPIA EAST,RUMURUTI,TOWNSHIP
LAIKIPIA WEST,LAIKIPIA EAST,MUTITU,NGORU
LAIKIPIA WEST,LAIKIPIA EAST,MARMANET,SIRON
LAIKIPIA WEST,LAIKIPIA EAST,MUTHENGERA,KAITI
LAIKIPIA WEST,LAIKIPIA EAST,MARMANET,MELWA
LAIKIPIA WEST,LAIKIPIA EAST,NYAHURURU,MANGUO
LAIKIPIA WEST,LAIKIPIA EAST,MARMANET,OL-JABET
LAIKIPIA WEST,LAIKIPIA EAST,RUMURUTI,NDURUMO
LAIKIPIA WEST,LAIKIPIA EAST,KINAMBA,MWENJE
LAIKIPIA WEST,LAIKIPIA EAST,SALAMA,SALAMA
LAIKIPIA WEST,LAIKIPIA EAST,MUTARA,MUTARA
LAIKIPIA WEST,LAIKIPIA EAST,MAINA,MAINA
LAIKIPIA WEST,LAIKIPIA EAST,SALAMA,MURUKU
LAIKIPIA WEST,LAIKIPIA EAST,SIPILI,DIM-COM
LAIKIPIA WEST,LAIKIPIA EAST,KINAMBA,MITHIGA
LAIKIPIA WEST,LAIKIPIA EAST,SALAMA,PESI
LAIKIPIA WEST,LAIKIPIA EAST,OL-MORAN,OL-MORAN
LAIKIPIA WEST,LAIKIPIA EAST,MUTHENGERA,MUTHENGERA
LAIKIPIA WEST,LAIKIPIA EAST,MAGADI,MAGADI
LAIKIPIA WEST,LAIKIPIA EAST,MUHOTETU,MUHOTETU
LAIKIPIA WEST,LAIKIPIA EAST,NYAHURURU,NDUNYU
LAIKIPIA WEST,LAIKIPIA EAST,MUTARA,THOME
LAIKIPIA WEST,LAIKIPIA EAST,KARABA,KABAGE
LAIKIPIA WEST,LAIKIPIA EAST,GITUAMBA,KIAMBOGO
LAIKIPIA WEST,LAIKIPIA EAST,KARABA,KARABA
LAIKIPIA WEST,LAIKIPIA EAST,IGWAMITI,LOSOGWA
LAIKIPIA WEST,LAIKIPIA EAST,MUTARA,KIAMARIGA
LAIKIPIA WEST,LAIKIPIA EAST,IGWAMITI,SHAMANEI
LAIKIPIA WEST,LAIKIPIA NORTH,UMANDE,UMANDE
LAIKIPIA WEST,LAIKIPIA NORTH,UMANDE,NYARIGINU
LAIKIPIA WEST,LAIKIPIA EAST,GITUAMBA,THIGIO
LAIKIPIA WEST,LAIKIPIA NORTH,SEGERA,SEGERA
LAIKIPIA WEST,LAIKIPIA NORTH,UMANDE,KALALU
LAIKIPIA WEST,LAIKIPIA EAST,OL-MORAN,KAHUHO
LAISAMIS,LAISAMIS,LOIYANGALANI,LOIYANGALANI
LAISAMIS,LAISAMIS,KARGI,KARGI
LAISAMIS,LAISAMIS,KORR,KORR
LAISAMIS,LAISAMIS,KORR,HAFARE
LAISAMIS,LAISAMIS,LOIYANGALANI,ELMOLO BAY
LAISAMIS,LAISAMIS,NGURUNIT,NGURUNIT
LAISAMIS,LAISAMIS,LAISAMIS,LAISAMIS
LAISAMIS,LAISAMIS,LOIYANGALANI,GAS
LAISAMIS,LAISAMIS,KARGI,KURKUM
LAISAMIS,LAISAMIS,LONTOLIO,LONTOLIO
LAISAMIS,LAISAMIS,LOGOLOGO,LOGOLOGO
LAISAMIS,LAISAMIS,MERILLE,MERILLE
LAISAMIS,LAISAMIS,LOGOLOGO,GUDAS/SORIAD
LAISAMIS,LAISAMIS,SOUTH HORR,ARGE
LAISAMIS,LAISAMIS,LOGOLOGO,KAMBOE
LAISAMIS,LAISAMIS,KARGI,KAMBINYE
LAISAMIS,LAISAMIS,LAISAMIS,KOYA
LAISAMIS,LAISAMIS,MT KULAL,MT KULAL
LAISAMIS,LAISAMIS,MT KULAL,ARAPAL
LAISAMIS,LAISAMIS,LONTOLIO,NDIKIR
LAISAMIS,LAISAMIS,SOUTH HORR,SOUTH HORR
LAISAMIS,LAISAMIS,SOUTH HORR,KURUNGU
LAISAMIS,LAISAMIS,MERILLE,IRIR
LAISAMIS,LAISAMIS,KORR,HALISURWA
LAMU,LAMU WEST,DIDE WARIDE,CHALALUMA
LAMU,LAMU WEST,LANGONI,LANGONI
LAMU,LAMU WEST,HINDI/MAGOGONI,HINDI/MAGOGONI
LAMU,LAMU WEST,MATONDONI,MATONDONI
LAMU,LAMU WEST,MKUNUMBI,MKUNUMBI
LAMU,LAMU EAST,MBWAJUMALI,MYABOGI
LAMU,LAMU WEST,MKOMANI,MKOMANI
LAMU,LAMU WEST,MOKOWE,MOKOWE
LAMU,LAMU WEST,BAHARI,BAHARI
LAMU,LAMU WEST,MPEKETONI,KIONGWE
LAMU,LAMU WEST,HONGWE,HONGWE
LAMU,LAMU EAST,NDAU,NDAU
LAMU,LAMU EAST,FAZA,KWATONGANI
LAMU,LAMU EAST,KIZINGITINI,KIZINGITINI
LAMU,LAMU WEST,NDAMBWE,NDAMBWE
LAMU,LAMU WEST,DIDE WARIDE,MOA
LAMU,LAMU WEST,MAPENYA,MAPENYA
LAMU,LAMU WEST,HONGWE,BOMANI
LAMU,LAMU WEST,SHELLA-MANDA,SHELLA
LAMU,LAMU EAST,PATE,PATE
LAMU,LAMU WEST,HINDI/MAGOGONI,BARGONI
LAMU,LAMU WEST,MAPENYA,UZIWA
LAMU,LAMU EAST,SIYU,SIYU
LAMU,LAMU EAST,FAZA,KWATINI
LAMU,LAMU WEST,MPEKETONI,CENTRAL
LAMU,LAMU EAST,BASUBA,MILIMANI
LAMU,LAMU EAST,TCHUNDWA,TCHUNDWA
LAMU,LAMU EAST,KIUNGA,MKOKONI
LAMU,LAMU WEST,BAHARI,TEWE
LAMU,LAMU WEST,WITU,WITU
LAMU,LAMU WEST,MOKOWE,KILIMANI
LAMU,LAMU EAST,SIYU,SHANGA
LAMU,LAMU WEST,SHELLA-MANDA,MANDA
LAMU,LAMU EAST,NDAU,KIWAYUU
LAMU,LAMU EAST,BASUBA,MANGAI
LARI,LARI,KAMBURU,KAMBURU
LARI,LARI,KIJABE,BATHI
LARI,LARI,KAMBURU,KAGAA
LARI,LARI,NYANDUMA,NYANDUMA
LARI,LARI,NYANDUMA,GACHOIRE
LARI,LARI,KAMBURU,MITIMBEI
LARI,LARI,GITITHIA,NYAMBARI
LARI,LARI,KIJABE,KIJABE
LARI,LARI,GATAMAIYU,KAMUCHEGE
LARI,LARI,KAMAE,KAMAE
LARI,LARI,KINALE,KINALE
LARI,LARI,KIRENGA,KIRENGA
LARI,LARI,KIRENGA,KAMBAA
LARI,LARI,KIRENGA,ESCARPMENT
LARI,LARI,LARI,LARI SCHEME
LARI,LARI,KIRENGA,GITUAMBA
LARI,LARI,KINALE,MUKEU
LARI,LARI,GATAMAIYU,KAGWE
LARI,LARI,GITITHIA,GITITHIA
LARI,LARI,LARI,GITHIRIONI
LARI,LARI,KAMAE,KAMUKOMBI-INI
LARI,LARI,KIJABE,MAGINA
LARI,LARI,KIJABE,MBAI-INI
LIMURU,LIMURU,NGECHA,NGECHA
LIMURU,LIMURU,LIMURU,BIBIRIONI
LIMURU,LIMURU,TIGONI,REDHILL
LIMURU,LIMURU,RIRONI,RIRONI
LIMURU,LIMURU,NDEIYA,THIGIO
LIMURU,LIMURU,LIMURU,LIMURU
LIMURU,LIMURU,LIMURU,KAMIRITHU
LIMURU,LIMURU,NDEIYA,NDERU
LIMURU,LIMURU,NGECHA,KABUKU
LIMURU,LIMURU,NDEIYA,TIEKUN
LIMURU,LIMURU,TIGONI,ITHANJI
LIMURU,LIMURU,KARAMBAINI,KIAWAROGA
LIMURU,LIMURU,KARAMBAINI,KARAMBAINI
LIMURU,LIMURU,NDEIYA,NDIUNI
LIMURU,LIMURU,RIRONI,GATIMU
LIMURU,LIMURU,KARAMBAINI,MABROUKE
LOITOKITOK,KAJIADO SOUTH,KIMANA,KIMANA
LOITOKITOK,KAJIADO SOUTH,ENTONET,ENTONET
LOITOKITOK,KAJIADO SOUTH,LOOLOPON,LOOLOPON
LOITOKITOK,KAJIADO SOUTH,KUKU,KUKU
LOITOKITOK,KAJIADO SOUTH,ENKARIAK-RONGE,ENKARIAK-RONGENA
LOITOKITOK,KAJIADO SOUTH,ENTARARA,ENTARARA
LOITOKITOK,KAJIADO SOUTH,OLCHORRO,OLCHORRO
LOITOKITOK,KAJIADO SOUTH,NJUKINI,NJUKINI
LOITOKITOK,KAJIADO SOUTH,ROMBO,ROMBO
LOITOKITOK,KAJIADO SOUTH,OLGULULUI,OLGULULUI
LOITOKITOK,KAJIADO SOUTH,MBIRIKANI,MBIRIKANI
LOITOKITOK,KAJIADO SOUTH,ESSELENGEI,ESSELENGEI
LOITOKITOK,KAJIADO SOUTH,AMBOSELI,AMBOSELI
LOITOKITOK,KAJIADO SOUTH,OLTIASIKA,OLTIASIKA
LOITOKITOK,KAJIADO SOUTH,OLORIKA,OLORIKA
LOITOKITOK,KAJIADO SOUTH,LENGISM,LENGISM
LUGARI,LIKUYANI,LIKUYANI,SOY
LUGARI,LUGARI,MAUTUMA,MBAGARA
LUGARI,LUGARI,CHEVAYWA,KULUMBENI
LUGARI,LIKUYANI,SINOKO,NAMUNYIRI
LUGARI,LUGARI,LUGARI,MARAKUSI
LUGARI,LUGARI,MAUTUMA,MUKUYU
LUGARI,LIKUYANI,KONGONI,KONGONI
LUGARI,LUGARI,LUMAKANDA,MWAMBA
LUGARI,LUGARI,CHEVAYWA,KILIBOTI
LUGARI,LIKUYANI,KONGONI,MAWE TATU
LUGARI,LUGARI,CHEVAYWA,KIVAYWA
LUGARI,LIKUYANI,LIKUYANI,SERENGENYA
LUGARI,LIKUYANI,NZOIA,MATUNDA
LUGARI,LUGARI,CHEKALINI,KOROMAITI
LUGARI,LUGARI,LUANDETI,MABUYE
LUGARI,LUGARI,LUANDETI,MATURU
LUGARI,LIKUYANI,NZOIA,MUSEMWA
LUGARI,LUGARI,LUMAKANDA,MUNYUKI
LUGARI,LIKUYANI,NZOIA,MOI'S BRIDGE
LUGARI,LUGARI,LUANDETI,LUANDETI
LUGARI,LIKUYANI,NZOIA,VINYENYA
LUGARI,LUGARI,CHEKALINI,MUSEMBE
LUGARI,LIKUYANI,KONGONI,SANGO
LUGARI,LUGARI,LUGARI,LUGARI
LUGARI,LIKUYANI,SINOKO,NZOIA
LUGARI,LIKUYANI,SINOKO,MILIMANI
LUGARI,LUGARI,LUANDETI,MAHANGA
LUGARI,LIKUYANI,SINOKO,MWIBA
MAARA,MAARA,KIRERA,KAARE
MAARA,MAARA,MURUGI,KIRIANI
MAARA,MAARA,CHOGORIA,KIRARO
MAARA,MAARA,KIRERA,MAGUTINI
MAARA,NITHI,MITHERU,NDUMBINI
MAARA,MAARA,GANGA,MUGUMANGO
MAARA,MAARA,MITHERU,GATUA
MAARA,MAARA,CHOGORIA,CHOGORIA
MAARA,MAARA,MAARA,KIROO
MAARA,MAARA,GANGA,KIRUMI
MAARA,MAARA,GITIJE,CHAMUNGA
MAARA,MAARA,KIRERA,KARII
MAARA,MAARA,MAARA,IRUMA
MAARA,MAARA,GITIJE,KANDUNGU
MAARA,MAARA,MURUGI,KIANJAGI
MAARA,MAARA,MITHERU,KARIMBA
MAARA,MAARA,CHOGORIA,MUKWEGO
MAARA,MAARA,MAARA,THIGAA
MAARA,MAARA,MITHERU,RUGUTA
MAARA,MAARA,MURUGI,MUNGA
MAARA,MAARA,MURUGI,GITOMBANI
MAARA,MAARA,GANGA,NDUNGURI
MAARA,MAARA,CHOGORIA,GIANCHUKU
MAARA,MAARA,MURUGI,KITHARE
MAARA,MAARA,GANGA,KARIKOMO
MAARA,MAARA,MUTHAMBI,IGAMURATHI
MAARA,MAARA,MUTHAMBI,IRIGA
MAARA,MAARA,GITIJE,KAMWANGU
MAARA,MAARA,MURUGI,GANTARAKI
MAARA,MAARA,KIRERA,KATHINGITHU
MAARA,MAARA,MUTHAMBI,WERU
MAARA,NITHI,KAJUKI,MAKANYANGA
MACHAKOS,MACHAKOS TOWN,MUMBUNI,UPPER KIANDANI
MACHAKOS,MACHAKOS TOWN,TOWNSHIP,MJINI
MACHAKOS,MACHAKOS TOWN,MUA HILLS,MUA HILLS
MACHAKOS,KATHIANI,MITABONI,MITABONI
MACHAKOS,MACHAKOS TOWN,MUVUTI,KIVANDINI
MACHAKOS,MACHAKOS TOWN,KIMUTWA,KAATHI
MACHAKOS,KATHIANI,MITABONI,MATHUNYA
MACHAKOS,KATHIANI,IVETI,KAANI
MACHAKOS,KATHIANI,IVETI,KALILUNI
MACHAKOS,MACHAKOS TOWN,TOWNSHIP,EASTLEIGH
MACHAKOS,MACHAKOS TOWN,KIMUTWA,KIMUTWA
MACHAKOS,KATHIANI,MITABONI,NGIINI
MACHAKOS,MACHAKOS TOWN,NGELANI,NGELANI
MACHAKOS,MACHAKOS TOWN,KIIMA KIMWE,MWANYANI
MACHAKOS,MACHAKOS TOWN,MUA HILLS,KYANDA
MACHAKOS,KATHIANI,MITABONI,MIUMBUNI
MACHAKOS,MACHAKOS TOWN,MUTITUNI,NDUU
MACHAKOS,MACHAKOS TOWN,MUMBUNI,KASINGA
MACHAKOS,MACHAKOS TOWN,KOLA,IIUNI
MACHAKOS,MACHAKOS TOWN,MUMBUNI,MISAKWANI
MACHAKOS,KATHIANI,KAEWA,KAEWA
MACHAKOS,MACHAKOS TOWN,KYANGALA,KYANGALA
MACHAKOS,MACHAKOS TOWN,MUVUTI,MUVUTI
MACHAKOS,KATHIANI,KATHIANI,KAIANI
MACHAKOS,MAVOKO,ATHI RIVER,ATHI RIVER TOWNSHIP
MACHAKOS,MACHAKOS TOWN,KALAMA,KIITINI
MACHAKOS,KATHIANI,KATHIANI,MBEE
MACHAKOS,MAVOKO,KATANI,SYOKIMAU
MACHAKOS,KATHIANI,KATHIANI,LITA
MACHAKOS,MACHAKOS TOWN,KYANGALA,KAKAYUNI
MACHAKOS,MACHAKOS TOWN,KOLA,KATANGA
MACHAKOS,MACHAKOS TOWN,NGELANI,NZOWENI
MACHAKOS,MACHAKOS TOWN,KYANGALA,KINOI
MACHAKOS,MACHAKOS TOWN,MUMBUNI,MUNGALA
MACHAKOS,MACHAKOS TOWN,KALAMA,NZIUNI
MACHAKOS,KATHIANI,IVETI,IVETI
MACHAKOS,KATHIANI,KAEWA,KAUTI
MACHAKOS,MAVOKO,LUKENYA,MATHATANI
MACHAKOS,MACHAKOS TOWN,KIIMA KIMWE,MBILINI
MACHAKOS,KATHIANI,KAEWA,ITHAENI
MACHAKOS,KATHIANI,KATHIANI,NGOLENI
MACHAKOS,KATHIANI,IVETI,KITUNDUNI
MACHAKOS,KATHIANI,KATHIANI,KATHIANI
MACHAKOS,MACHAKOS TOWN,KATHEKA-KAI,KATELEMBO
MACHAKOS,MACHAKOS TOWN,KATHEKA-KAI,MIKUYU
MACHAKOS,KATHIANI,KAEWA,KALUNGA
MACHAKOS,MACHAKOS TOWN,MUMBUNI,LOWER KIANDANI
MACHAKOS,MACHAKOS TOWN,KIMUTWA,KYANZASU
MACHAKOS,KATHIANI,IVETI,KOMBU
MACHAKOS,MACHAKOS TOWN,KIIMA KIMWE,KIIMA KIMWE
MACHAKOS,MACHAKOS TOWN,MUA HILLS,KYAANI
MACHAKOS,KATHIANI,KAEWA,KITHIA
MACHAKOS,MACHAKOS TOWN,KIIMA KIMWE,MUTHINI
MACHAKOS,MAVOKO,LUKENYA,MUTHWANI
MACHAKOS,MACHAKOS TOWN,KIMUTWA,KONZA
MACHAKOS,KATHIANI,MITABONI,KINYAU
MACHAKOS,MACHAKOS TOWN,KATHEKA-KAI,KITANGA
MACHAKOS,MACHAKOS TOWN,KIIMA KIMWE,KATOLONI
MACHAKOS,MACHAKOS TOWN,MUTITUNI,KIVUTINI
MACHAKOS,MACHAKOS TOWN,KATHEKA-KAI,KATHEKA-KAI
MACHAKOS,MAVOKO,KATANI,KATANI
MACHAKOS,MAVOKO,LUKENYA,KINANIE
MACHAKOS,MACHAKOS TOWN,MUTITUNI,MUTITUNI
MACHAKOS,MAVOKO,KATANI,NGELANI
MACHAKOS,MAVOKO,ATHI RIVER,ATHI RIVER NORTH
MAKUENI,MAKUENI,KIKUMINI,KIKUMINI
MAKUENI,KAITI,UKIA,MUKUYUNI
MAKUENI,KAITI,IUANI,IUANI
MAKUENI,MAKUENI,KANTHUNI,IVINGANZIA
MAKUENI,KAITI,KITHEMBE,NDUU
MAKUENI,MAKUENI,KATHONZWENI,ITUKA
MAKUENI,MAKUENI,KWAKAVISI,KAVINGONI
MAKUENI,KAITI,ILIMA,KYAMUOSO
MAKUENI,MAKUENI,KITISE,KITISE
MAKUENI,KAITI,KEE,KYAMWALYE
MAKUENI,KAITI,ILIMA,NDOLO
MAKUENI,MAKUENI,KITISE,MWANIA
MAKUENI,KAITI,KIKOKO,KITHANGATHINI
MAKUENI,KAITI,KIKOKO,KISEKINI
MAKUENI,MAKUENI,KANTHUNI,KANTHUNI
MAKUENI,KAITI,KITHEMBE,KAUTI
MAKUENI,KAITI,KITHEMBE,NDIANI
MAKUENI,MAKUENI,WOTE,MUMBUNI
MAKUENI,KAITI,KIKOKO,KALONGO
MAKUENI,KAITI,UKIA,NZUUNI
MAKUENI,KAITI,ILIMA,WAUTU
MAKUENI,KAITI,KILALA,KAUMONI
MAKUENI,KAITI,UKIA,UTAATI
MAKUENI,MAKUENI,MBUVO,KIANGINI
MAKUENI,KAITI,WATEMA,NGULUNI
MAKUENI,KAITI,WATEMA,KASUNGUNI
MAKUENI,KAITI,UKIA,KYUASINI
MAKUENI,MAKUENI,KITHUKI,KITHUKI
MAKUENI,KAITI,KILUNGU,MUSALALA
MAKUENI,MAKUENI,KANTHUNI,YEKANGA
MAKUENI,KAITI,KILALA,KILALA
MAKUENI,MBOONI,KITETA,NGILUNI
MAKUENI,MAKUENI,MBUVO,KITULUNI
MAKUENI,MAKUENI,MAVINDINI,KATITHI
MAKUENI,MAKUENI,KANZOKEA,KIMUNDI
MAKUENI,MAKUENI,KWAKAVISI,KWAKAVISI
MAKUENI,MAKUENI,WOTE,UNOA
MAKUENI,MAKUENI,WOTE,KAMUNYOLO
MAKUENI,KAITI,KIVANI,KIVANI
MAKUENI,MAKUENI,NZIU,NZIU
MAKUENI,KAITI,WATEMA,KITANDI
MAKUENI,KAITI,KEE,IKALYONI
MAKUENI,MAKUENI,MUUSINI,MUUSINI
MAKUENI,MAKUENI,MUVAU,MUVAU
MAKUENI,MAKUENI,KATHONZWENI,THAVU
MAKUENI,MAKUENI,KANZOKEA,YINTHUNGU
MAKUENI,MAKUENI,MAVINDINI,MAVINDINI
MAKUENI,KAITI,KIVANI,MAKONGO
MAKUENI,MAKUENI,MUVAU,KITONYONI
MAKUENI,MAKUENI,ITHUMBA,MITHUMONI
MAKUENI,KAITI,WATEMA,MUTULANI
MAKUENI,MAKUENI,ITHUMBA,KAKILI
MAKUENI,MAKUENI,KALAMBA,KALAMBA
MAKUENI,MAKUENI,WOTE,ITAA
MAKUENI,MAKUENI,MUUSINI,KIUMONI
MAKUENI,MAKUENI,MUTYAMBUA,MUTYAMBUA
MAKUENI,KAITI,KILALA,NTHANGU
MAKUENI,MAKUENI,KITHUMBA,KITHUMBA
MAKUENI,MAKUENI,NZAUI,MATILIKU
MAKUENI,MAKUENI,KILILI,MULENYU
MAKUENI,MAKUENI,KILILI,WEE
MAKUENI,MAKUENI,NZAUI,KAWALA
MAKUENI,MAKUENI,KILILI,KILILI
MAKUENI,MAKUENI,KILILI,KATHATU
MAKUENI,MAKUENI,ITHUMBA,MASUMBA
MAKUENI,MBOONI,KALAWA,KIMEENI
MAKUENI,MAKUENI,KITHUMBA,NZEENI
MAKUENI,MAKUENI,MUTYAMBUA,MUTISWA
MAKUENI,MAKUENI,KAVUTHU,VULUENI
MAKUENI,MAKUENI,IKANGAVYA,IKANGAVYA
MAKUENI,MAKUENI,MULALA,MAATHA
MALINDI,MALINDI,GANDA,MSABAHA
MALINDI,KILIFI NORTH,WATAMU,WATAMU
MALINDI,MALINDI,MALINDI TOWN,BARANI
MALINDI,MALINDI,GOSHI,PAZIANI
MALINDI,MALINDI,MALINDI TOWN,SHELLA
MALINDI,MAGARINI,MALINDI TOWN,SABAKI
MALINDI,MAGARINI,MAGARINI,MAMBRUI
MALINDI,KILIFI NORTH,GEDE,DABASO
MALINDI,KILIFI NORTH,GEDE,MKENGE
MALINDI,MALINDI,GOSHI,KAKUYUNI
MALINDI,KILIFI NORTH,WATAMU,MBARAKA CHEMBE
MALINDI,MAGARINI,FUNDISSA,MARERENI
MALINDI,MAGARINI,GONGONI,GONGONI
MALINDI,MALINDI,LANGOBAYA,LANGOBAYA
MALINDI,MALINDI,GOSHI,MONGOTINI
MALINDI,MAGARINI,ADU,KAMALE
MALINDI,MALINDI,JILORE,KAKONENI
MALINDI,KILIFI NORTH,GEDE,MIDA
MALINDI,MAGARINI,MAGARINI,PUMWANI
MALINDI,MAGARINI,ADU,RAMADA
MALINDI,MAGARINI,FUNDISSA,FUNDISSA
MALINDI,KILIFI NORTH,GEDE,MIJOMBONI
MALINDI,MAGARINI,CHAKAMA,KISIKI
MALINDI,MAGARINI,BUNGALE,BARICHO
MALINDI,KILIFI NORTH,WATAMU,JIMBA
MALINDI,MALINDI,MALINDI TOWN,CENTRAL
MALINDI,MALINDI,GOSHI,MADUNGUNI
MALINDI,MALINDI,JILORE,JILORE/ZIANI
MALINDI,MAGARINI,MAGARINI,BOMANI
MALINDI,MALINDI,GOSHI,MALIMO
MALINDI,MAGARINI,DAGAMRA,BURA
MALINDI,MALINDI,GANDA,GANDA
MALINDI,MAGARINI,ADU,ADU
MALINDI,MAGARINI,MARAFA,BORE
MALINDI,MAGARINI,CHAKAMA,MAKONGENI
MALINDI,MAGARINI,DAGAMRA,BATE
MALINDI,MAGARINI,GARASHI,MIKUYUNI
MALINDI,MALINDI,LANGOBAYA,MAKOBENI
MALINDI,MAGARINI,MARAFA,MAMBASA
MALINDI,MALINDI,MALINDI TOWN,KIJIWETANGA
MALINDI,MAGARINI,GARASHI,SINGWAYA
MALINDI,MALINDI,GANDA,MERE
MALINDI,MAGARINI,GONGONI,NGOMENI
MALINDI,MAGARINI,ADU,KADZANDANI
MALINDI,MAGARINI,CHAKAMA,MATALONI
MALINDI,MAGARINI,BUNGALE,DAKACHA
MALINDI,MALINDI,LANGOBAYA,MKONDONI
MALINDI,MAGARINI,MAGARINI,MARIKEBUNI
MALINDI,MAGARINI,MARAFA,MADINA
MALINDI,MALINDI,JILORE,GIRIMACHA
MALINDI,MAGARINI,GONGONI,SHOMELA
MALINDI,KILIFI NORTH,WATAMU,CHEMBE KIBARAMCHE
MALINDI,MAGARINI,DAGAMRA,KAYA
MALINDI,MAGARINI,BUNGALE,GANDINI
MALINDI,MAGARINI,GARASHI,MASINDENI
MALINDI,GANZE,MITANGANI,DANGARANI
MANDERA CENTRAL,MANDERA NORTH,GIRISA,GIRISA
MANDERA CENTRAL,MANDERA NORTH,RHAMU,RHAMU
MANDERA CENTRAL,MANDERA NORTH,ASHABITO,ASHABITO
MANDERA CENTRAL,MANDERA NORTH,MAROTHILE,MAROTHILE
MANDERA CENTRAL,MANDERA SOUTH,SHIMBIR FATUMA,SHIMBIR FATUMA
MANDERA CENTRAL,MANDERA NORTH,OLLA,OLLA
MANDERA CENTRAL,MANDERA SOUTH,ELWAK SOUTH,ELWAK SOUTH
MANDERA CENTRAL,MANDERA NORTH,RHAMU DIMTU,RHAMU DIMTU
MANDERA CENTRAL,MANDERA SOUTH,KOTULO,LEHELE
MANDERA CENTRAL,MANDERA SOUTH,ELWAK,EL-ADI
MANDERA CENTRAL,MANDERA NORTH,MADO,MADO
MANDERA CENTRAL,MANDERA NORTH,MADO,KALICHA
MANDERA CENTRAL,MANDERA SOUTH,ELWAK,ELWAK TOWNSHIP
MANDERA CENTRAL,MANDERA NORTH,SHANTOLEY,SHANTOLEY
MANDERA CENTRAL,MANDERA SOUTH,BULLA AFYA,BULLA AFYA
MANDERA CENTRAL,MANDERA SOUTH,WARGADUD,WARGADUD
MANDERA CENTRAL,MANDERA SOUTH,WARGADUD,ELELE
MANDERA CENTRAL,MANDERA SOUTH,FINCHARO,FINCHARO
MANDERA CENTRAL,MANDERA SOUTH,BORE HOLE II,BORE HOLE II
MANDERA CENTRAL,MANDERA SOUTH,KUTAYU,KUTAYU
MANDERA CENTRAL,MANDERA SOUTH,KOTULO,KOTULO
MANDERA CENTRAL,MANDERA NORTH,YABICHO,YABICHO
MANDERA CENTRAL,MANDERA NORTH,GUTICHA,GUTICHA
MANDERA CENTRAL,MANDERA SOUTH,WANTE,WANTE
MANDERA CENTRAL,MANDERA SOUTH,WARGADUD EAST,WARGADUD EAST
MANDERA EAST,LAFEY,LAFEY,LAFEY
MANDERA EAST,MANDERA EAST,LIBEHIA,LIBEHIA
MANDERA EAST,MANDERA EAST,BULLA JAMHURIA,BULLA JAMHURIA
MANDERA EAST,MANDERA EAST,SHAF-SHEFY,SHAF-SHEFY
MANDERA EAST,MANDERA EAST,NEBOI,NEBOI
MANDERA EAST,LAFEY,GARI,GARI
MANDERA EAST,MANDERA EAST,BULLA JAMHURIA,BULLA POWER
MANDERA EAST,MANDERA EAST,BULLA MPYA,BULLA MPYA
MANDERA EAST,LAFEY,BAMBO,BAMBO
MANDERA EAST,MANDERA EAST,OMAR-JILLOW,OMAR-JILLOW
MANDERA EAST,MANDERA EAST,BULLA BARWAKO,BULLA BARWAKO
MANDERA EAST,LAFEY,WARANKARA,WARANKARA
MANDERA EAST,MANDERA EAST,TOWNSHIP,TOWNSHIP
MANDERA EAST,LAFEY,HARERI,QUMBISO
MANDERA EAST,MANDERA EAST,GARBA QOLEY,GARBA QOLEY
MANDERA EAST,MANDERA EAST,KAMOR,KAMOR
MANDERA EAST,MANDERA EAST,CENTRAL,CENTRAL
MANDERA EAST,MANDERA EAST,ARABIA,ARABIA
MANDERA EAST,LAFEY,WARANKARA,SAFO
MANDERA EAST,MANDERA EAST,BULLA JAMHURIA,BULLA NGUVU
MANDERA EAST,MANDERA EAST,HARERI,HARERI
MANDERA EAST,LAFEY,BAMBO,BARMILLA
MANDERA EAST,LAFEY,KABO,KABO
MANDERA EAST,LAFEY,ALANGO,ALANGO GOF
MANDERA EAST,MANDERA EAST,BORDER POINT I,BORDER POINT I
MANDERA EAST,LAFEY,FINO,HARERI-TUR
MANDERA EAST,LAFEY,FINO,FINO
MANDERA EAST,MANDERA EAST,KHALALIO,KHALALIO
MANDERA EAST,MANDERA EAST,ODA,ODA
MANDERA EAST,MANDERA EAST,SAROHINDI,SAROHINDI
MANDERA EAST,LAFEY,SALA,SALA
MANDERA WEST,BANISSA,BANISA,BANISA
MANDERA WEST,MANDERA WEST,GITHER,GITHER
MANDERA WEST,BANISSA,GUBA,GUBA
MANDERA WEST,BANISSA,EYMOLE,EYMOLE
MANDERA WEST,MANDERA WEST,GITHER,BURDURAS
MANDERA WEST,MANDERA WEST,DANDU,DANDU
MANDERA WEST,BANISSA,MALKAMARI,MALKAMARI
MANDERA WEST,MANDERA WEST,GITHER,SAKE
MANDERA WEST,BANISSA,KILIWAHERI,KILIWAHERI
MANDERA WEST,BANISSA,KILIWAHERI,GOLJO
MANDERA WEST,BANISSA,LULIS,LULIS
MANDERA WEST,MANDERA WEST,TAKABA,TAKABA
MANDERA WEST,MANDERA WEST,DIDKURO,DIDKURO
MANDERA WEST,BANISSA,DARKALE,DERKALE
MANDERA WEST,MANDERA WEST,LAGHSURE,LAGHSURE
MANDERA WEST,MANDERA WEST,DANDU,ELDANABA
MANDERA WEST,BANISSA,MALKARUKA,MALKARUKA
MANDERA WEST,MANDERA WEST,DUDUBLE,DUDUBLE
MANDERA WEST,MANDERA WEST,WANGAI DAHA,WANGAI DAHAN
MANDERA WEST,BANISSA,HULLOW,HULLOW
MANDERA WEST,MANDERA WEST,TAKABA,KUBDISHEN
MANDERA WEST,MANDERA WEST,KUBIHALO,KUBIHALO
MANGA,KITUTU MASABA,CENTRAL KITUTU,NYAKONGO
MANGA,KITUTU MASABA,CENTRAL KITUTU,MWABOSIRE
MANGA,KITUTU MASABA,CENTRAL KITUTU,MORAKO
MANGA,KITUTU MASABA,NORTH KITUTU,NYAMBARIA
MANGA,KITUTU MASABA,KEMERA,NYANGENA
MANGA,KITUTU MASABA,KEMERA,MOITUNYA
MANGA,KITUTU MASABA,KEMERA,KIANGOSO
MANGA,KITUTU MASABA,CENTRAL KITUTU,KIOGUTWA
MANGA,KITUTU MASABA,NORTH KITUTU,NYAGUKU
MANGA,KITUTU MASABA,KEMERA,NYACHICHI
MANGA,KITUTU MASABA,KEMERA,KIABIRAA
MANGA,KITUTU MASABA,GESIMA,RIAMONI
MANGA,KITUTU MASABA,KEMERA,IRIANYI
MANGA,KITUTU MASABA,NORTH KITUTU,SIRATE
MANGA,KITUTU MASABA,NORTH KITUTU,BOGWENDO
MANGA,KITUTU MASABA,NORTH KITUTU,GEKANO
MANGA,KITUTU MASABA,GACHUBA,RIGENA
MANGA,KITUTU MASABA,GACHUBA,MIRIRI
MANGA,KITUTU MASABA,MOCHENWA,NYAMAKOROTO
MANGA,KITUTU MASABA,GESIMA,NYATIENO
MARAKWET,MARAKWET EAST,MOKORO,OLOT
MARAKWET,MARAKWET WEST,CHERANGANY,CHEBAI
MARAKWET,MARAKWET WEST,KIPSAIYA,KIPSAIYA
MARAKWET,MARAKWET WEST,KAMOI,KAMOI
MARAKWET,MARAKWET WEST,KUSERWO,YEMIT
MARAKWET,MARAKWET WEST,KAPSOWAR,KAPSUMAI
MARAKWET,MARAKWET WEST,MOIBEN,NERKWO
MARAKWET,MARAKWET WEST,KAMOI,KIBUGA
MARAKWET,MARAKWET WEST,KOIBARAK,SANGURUR
MARAKWET,MARAKWET WEST,CHERANGANY,TENDEN
MARAKWET,MARAKWET WEST,SENGWER,KAPCHEROP
MARAKWET,MARAKWET WEST,KAPKOCHUR,CHORWO
MARAKWET,MARAKWET EAST,KOIBATEK,MAINA
MARAKWET,MARAKWET WEST,KAPKOCHUR,KAPKOCHUR
MARAKWET,MARAKWET EAST,KIPKANER,TUTURUNG
MARAKWET,MARAKWET WEST,KUSERWO,KIMNAI
MARAKWET,MARAKWET WEST,MOIBEN,KILIMA
MARAKWET,KEIYO NORTH,MUTEI,KAPTEREN
MARAKWET,MARAKWET WEST,KOIBARAK,KOBUSWA
MARAKWET,MARAKWET EAST,MURKUTWO,KISOKA
MARAKWET,MARAKWET EAST,KOIBATEK,NYIRAR
MARAKWET,MARAKWET WEST,KOISUNGUR,KIBIGOS
MARAKWET,MARAKWET WEST,KUSERWO,JEMUNADA
MARAKWET,MARAKWET EAST,KOIBIRIR,KISIWEI
MARAKWET,MARAKWET WEST,KAMOI,KAKISANGO
MARAKWET,MARAKWET WEST,CHERANGANY,KOITUGUM
MARAKWET,MARAKWET EAST,SAMBIRIR,CHEMWOROR
MARAKWET,MARAKWET EAST,KIBAIMWA,CHUGOR
MARAKWET,MARAKWET EAST,EMBOBUT,ENDUL
MARAKWET,MARAKWET EAST,KAPYEGO,KARARIA
MARAKWET,MARAKWET EAST,KAPTICH,SEGUT
MARAKWET,MARAKWET EAST,MURKUTWO,ENOU
MARAKWET,MARAKWET WEST,ARROR,ARROR
MARAKWET,MARAKWET EAST,MOKORO,KETUT
MARAKWET,MARAKWET WEST,LELAN,CHEMOSONG
MARAKWET,MARAKWET EAST,KAPTICH,KAMASIA
MARAKWET,MARAKWET WEST,MOIBEN,CHEBIEMIT
MARAKWET,MARAKWET WEST,KUSERWO,CHEPTONGEI
MARAKWET,MARAKWET EAST,SAMBIRIR,KAPKUTO
MARAKWET,MARAKWET WEST,CHESUMAN,RESSIM
MARAKWET,MARAKWET WEST,KIPSAIYA,SISIYA
MARAKWET,MARAKWET EAST,KABEN,KABEN
MARAKWET,MARAKWET EAST,ENDO,BARKELAT
MARAKWET,MARAKWET EAST,MON,MOGIL
MARAKWET,MARAKWET EAST,EMBOLOT,MUMOL
MARAKWET,MARAKWET EAST,EMBOLOT,KAITAMOI
MARAKWET,MARAKWET WEST,ARROR,KOITILIAL
MARAKWET,MARAKWET EAST,EMBOBUT,MARON
MARAKWET,MARAKWET EAST,KIPKANER,CHESIYO
MARAKWET,MARAKWET EAST,KIBAIMWA,KOMBASES
MARAKWET,MARAKWET WEST,KAPTERIT,KAPTERIT
MARAKWET,MARAKWET WEST,SENGWER,KORONGOI
MARAKWET,MARAKWET EAST,MURKUTWO,ROCHO
MARAKWET,MARAKWET EAST,KOIBATEK,METIPSOO
MARAKWET,MARAKWET WEST,CHESUMAN,CHEPKUM
MARAKWET,MARAKWET EAST,KAPYEGO,KAPYEGO
MARAKWET,MARAKWET WEST,SENGWER,KIPSERO
MARAKWET,MARAKWET EAST,KABEN,MARICH
MARAKWET,MARAKWET WEST,ARROR,NIWAI
MARAKWET,MARAKWET EAST,KOIBIRIR,SAGAT
MARAKWET,MARAKWET EAST,MON,KIPYEBO
MARAKWET,MARAKWET EAST,KAPTICH,CHEPTOBOT
MARAKWET,MARAKWET EAST,ENDO,TALAI
MARAKWET,MARAKWET EAST,EMBOLOT,KOROU
MARAKWET,MARAKWET WEST,MOIBEN,SUMBEIYWET
MARAKWET,MARAKWET WEST,CHESUMAN,KAPCHEMUTA
MARAKWET,MARAKWET EAST,SAMBIRIR,CHESOI
MARAKWET,MARAKWET WEST,KAPSOWAR,KAPSOWAR
MARAKWET,MARAKWET WEST,SENGWER,KAPCHEPSAR
MARAKWET,MARAKWET EAST,KIBAIMWA,LUKUGET
MARAKWET,MARAKWET EAST,KIPKANER,KIMUREN
MARAKWET,MARAKWET WEST,LELAN,KAPSAIT
MARAKWET,MARAKWET WEST,KOISUNGUR,KOKWONGOI
MARAKWET,MARAKWET EAST,KOIBIRIR,KASEMOI
MARAKWET,MARAKWET WEST,KAPKOCHUR,KAPTALAMWA
MARAKWET,MARAKWET EAST,MURKUTWO,MURUBER
MARAKWET,MARAKWET EAST,KIBAIMWA,CHESETAN
MARAKWET,MARAKWET EAST,KOIBIRIR,SIBOW
MARAKWET,MARAKWET EAST,EMBOBUT,KIPCHUMWA
MARAKWET,MARAKWET WEST,CHEBORORWA,KONDABILET
MARAKWET,MARAKWET EAST,KAPYEGO,KESSOM
MARAKWET,MARAKWET EAST,MOKORO,KAKIPTUL
MARAKWET,MARAKWET WEST,KAPTERIT,KIPSAMBACH
MARAKWET,MARAKWET WEST,CHEBORORWA,KABELIO
MARAKWET,MARAKWET EAST,MOKORO,KAPKONDOT
MARSABIT,SAKU,SAGANTE,RUKESA-QARSA
MARSABIT,SAKU,NAGAYO,MAJENGO
MARSABIT,SAKU,JIREME,JIREME
MARSABIT,SAKU,DIRIB GOMBO,DIRIB GOMBO
MARSABIT,SAKU,DIRIB GOMBO,QACHACHA
MARSABIT,SAKU,JALDESA,JALDESA
MARSABIT,SAKU,QILTA,QILTA
MARSABIT,SAKU,MOUNTAIN,TOWNSHIP
MARSABIT,SAKU,SAGANTE,SAGANTE
MARSABIT,SAKU,KARARE,KARARE
MARSABIT,SAKU,MOUNTAIN,WABERA
MARSABIT,SAKU,JALDESA,BADASA
MARSABIT,SAKU,HULA_HULA,HULA_HULA
MARSABIT,SAKU,QILTA,GAR-QARSA
MARSABIT,SAKU,NAGAYO,NYAYO RD
MARSABIT,SAKU,DAKABARICHA,DAKABARICHA
MARSABIT,SAKU,JIREME,MILIMA TATU
MARSABIT,SAKU,SONGA,SONGA
MARSABIT,SAKU,DAKABARICHA,MATA_ARBA
MARSABIT,SAKU,KARARE,SCHEME
MARSABIT,SAKU,HULA_HULA,OGICHO
MARSABIT,SAKU,SONGA,KITURUNI
MARSABIT,SAKU,SONGA,LEYAI
MASABA,NYARIBARI MASABA,NORTH MASABA,NYAMISIBI
MASABA,NYARIBARI MASABA,NYARIBARI CENTRAL,GETARE
MASABA,NYARIBARI MASABA,GESUSU,IKENYE
MASABA,NYARIBARI MASABA,NYARIBARI IRIANYI,BOGECHE
MASABA,KITUTU MASABA,GACHUBA,GIRANGO
MASABA,NYARIBARI MASABA,NYARIBARI CENTRAL,IBACHO
MASABA,KITUTU MASABA,GESIMA,NYATIENO
MASABA,KITUTU MASABA,EAST KITUTU,EMBARO
MASABA,NYARIBARI MASABA,NYARIBARI CENTRAL,MOBAMBA
MASABA,KITUTU MASABA,GACHUBA,RIGENA
MASABA,KITUTU MASABA,GESIMA,RIAMONI
MASABA,KITUTU MASABA,EAST KITUTU,BITICHA
MASABA,KITUTU MASABA,GACHUBA,MIRIRI
MASABA,NYARIBARI MASABA,RAMASHA,METEMBE
MASABA,NYARIBARI MASABA,GESUSU,GETERI
MASABA,NYARIBARI MASABA,IKORONGO,SOSERA
MASABA,NYARIBARI MASABA,IKORONGO,GEKONGE
MASABA,KITUTU MASABA,MOCHENWA,KARANTINI
MASABA,NYARIBARI MASABA,NYAMAGESA,NYANKONONI
MASABA,KITUTU MASABA,EAST KITUTU,NYANKOBA
MASABA,NYARIBARI MASABA,MOGONGA,MOGWEKO
MASABA,NYARIBARI MASABA,IKORONGO,NYASIKE
MASABA,NYARIBARI MASABA,RAMASHA,RIAMICHOKI
MASABA,NYARIBARI MASABA,NYARIBARI IRIANYI,AMABUKO
MASABA,NYARIBARI MASABA,NORTH MASABA,RIURI
MASABA,KITUTU MASABA,MOCHENWA,NYAMAKOROTO
MASABA,KITUTU MASABA,EAST KITUTU,BOCHARIA
MASABA,NYARIBARI MASABA,NYARIBARI CENTRAL,CHIRONGE
MASABA,NYARIBARI MASABA,NYAMAGESA,GIENSEMBE
MASABA,KITUTU MASABA,MOCHENWA,NYABIOSI
MASABA,NYARIBARI MASABA,NORTH MASABA,ENGORWA
MASABA,NYARIBARI MASABA,MOGONGA,MASABA
MASABA,NYARIBARI MASABA,GESUSU,NYAMESOCHO
MASABA,NYARIBARI MASABA,NYAMAGESA,GESABAKWA
MASABA,KITUTU MASABA,KEMERA,KIANGOSO
MASABA,NYARIBARI MASABA,IKORONGO,BONG'ONTA
MASABA,NYARIBARI MASABA,NORTH MASABA,KEREMA
MASABA,NYARIBARI MASABA,GESUSU,GETACHO
MASABA,NYARIBARI MASABA,RAMASHA,SUGUTA
MASABA,NYARIBARI MASABA,NORTH MASABA,EKWARE
MASABA,NYARIBARI MASABA,NORTH MASABA,IBANCHORE
MASABA,NYARIBARI MASABA,NYAMAGESA,ICHUNI
MASABA,NYARIBARI MASABA,NYARIBARI IRIANYI,EMEROKA
MASABA,NYARIBARI MASABA,GESUSU,CHIBWOBI
MASABA,KITUTU MASABA,KEMERA,NYANGENA
MASABA,KITUTU MASABA,NORTH KITUTU,NYAMBARIA
MASABA,KITUTU MASABA,CENTRAL KITUTU,KIOGUTWA
MASABA,KITUTU MASABA,NORTH KITUTU,BOGWENDO
MBEERE,GACHOKA,MAVURIA,MAVURIA
MBEERE,GACHOKA,KITHUNTHIRI,KITHUNTHIRI
MBEERE,SIAKAGO,NTHAWA,SIAKAGO
MBEERE,SIAKAGO,ISHIARA,EVURORE
MBEERE,GACHOKA,KIANJIRU,KIRIMA
MBEERE,SIAKAGO,KIANGOMBE,KATHERA
MBEERE,SIAKAGO,KANYUAMBORA,NGURA
MBEERE,GACHOKA,KARABA,KARABA
MBEERE,SIAKAGO,GITIBURE,THURA
MBEERE,GACHOKA,MBETI SOUTH,GACHURIRI
MBEERE,GACHOKA,MBETI SOUTH,GACHOKA
MBEERE,SIAKAGO,MUTITU,NGUTHI
MBEERE,GACHOKA,MBETI SOUTH,KIAMURINGA
MBEERE,GACHOKA,MUTUOBARE,KINDARUMA
MBEERE,SIAKAGO,MUMINJI,GANGARA
MBEERE,GACHOKA,RIAKANAU,RIAKANAU
MBEERE,SIAKAGO,ISHIARA,KAMARANDI
MBEERE,SIAKAGO,KANYUAMBORA,NGUTHI
MBEERE,SIAKAGO,MUTITU,KIRIE
MBEERE,SIAKAGO,NTHAWA,RIANDU
MBEERE,SIAKAGO,NDURUMORI,IRIA ITUNE
MBEERE,GACHOKA,KITHUNTHIRI,GACEGETHIURI
MBEERE,SIAKAGO,GITIBURE,GITIBURI
MBEERE,GACHOKA,MAKIMA,MAKIMA
MBEERE,GACHOKA,KIAMBERE,NTHARAWE
MBEERE,SIAKAGO,MUMINJI,KARAMBARI
MBEERE,GACHOKA,MBITA,GIKIIRO
MBEERE,GACHOKA,MBITA,MBITA
MBEERE,GACHOKA,KIANJIRU,NYANGWA
MBEERE,GACHOKA,MAVURIA,KOMBO MUNYIRI
MBEERE,GACHOKA,GICHICHE,GICHICHE
MBEERE,SIAKAGO,NDURUMORI,NTHAMBU
MBEERE,GACHOKA,KARABA,WACHORO
MBEERE,SIAKAGO,KIANGOMBE,KARIRU
MBEERE,GACHOKA,RIAKANAU,GATEGI
MBEERE,GACHOKA,MAKIMA,MWEA
MBEERE,GACHOKA,MAKIMA,MBONDONI
MBEERE,GACHOKA,KIAMBERE,KIAMBERE
MBEERE,SIAKAGO,MUTITU,MUTITU
MBEERE,GACHOKA,MUTUOBARE,GACABARI
MBEERE,GACHOKA,GICHICHE,NJIGO
MBOONI,MBOONI,MBOONI,KYUU
MBOONI,MBOONI,UTANGWA,UTANGWA
MBOONI,MBOONI,KALAWANI,KALAWANI
MBOONI,MBOONI,MBOONI,NZEVENI
MBOONI,MBOONI,ITETANI,ITETANI
MBOONI,MBOONI,KITUNDU,MATAA
MBOONI,MBOONI,KAKO,KAKO
MBOONI,MBOONI,YANDUE,MBANYA
MBOONI,MBOONI,KITUNDU,KITUNDU
MBOONI,MBOONI,TULIMANI,IIANI
MBOONI,MBOONI,KITETA,NDITUNI
MBOONI,MBOONI,KALAWA,KALAWA
MBOONI,MBOONI,YANDUE,YANDUE
MBOONI,MBOONI,KITHUNGO,NGAI
MBOONI,MBOONI,WAIA,NDULUKU
MBOONI,MBOONI,KISAU,MUKIMWANI
MBOONI,MBOONI,KALAWANI,MAVINDU
MBOONI,MBOONI,KISAU,MUTHWANI
MBOONI,MBOONI,WAIA,SAKAI
MBOONI,MBOONI,KITHUNGO,UVUU
MBOONI,MBOONI,KITETA,NGILUNI
MBOONI,MBOONI,KATANGINI,ITITU
MBOONI,MBOONI,KITHUNGO,KALIANI
MBOONI,MBOONI,KATANGINI,THWAKE
MBOONI,MBOONI,MBOONI,MUTITU
MBOONI,MBOONI,KATHULUMBI,KATHULUMBI
MBOONI,MBOONI,KISAU,MANGANI
MBOONI,MBOONI,KISAU,NGONI
MBOONI,MBOONI,ATHI,MIANGENI
MBOONI,MBOONI,WAIA,USALALA
MBOONI,MBOONI,KITETA,KIAMBWA
MBOONI,MBOONI,KITETA,KAKUSWI
MBOONI,MBOONI,UTANGWA,KAVUMBU
MBOONI,MBOONI,WAIA,KAKO
MBOONI,MBOONI,KALAWA,MBUKONI
MBOONI,MBOONI,MBOONI,UTHIUNI
MBOONI,MBOONI,KATANGINI,NDAUNI
MBOONI,MBOONI,KALAWA,KIMEENI
MBOONI,MBOONI,KALAWA,MALUNDA
MBOONI,MBOONI,KATHULUMBI,SYOTUVALI
MBOONI,MBOONI,KATHULUMBI,MUTEMBUKU
MBOONI,MBOONI,ATHI,KAVUMBU
MBOONI,MBOONI,ATHI,KINZE
MBOONI,MBOONI,KATANGINI,KATHONGO
MERU CENTRAL,CENTAL IMENTI,KIBIRICHIA,KIMBO
MERU CENTRAL,CENTAL IMENTI,GATIMBI,KANGI
MERU CENTRAL,CENTAL IMENTI,MWANGANTHIA,IGANE
MERU CENTRAL,CENTAL IMENTI,MWANGANTHIA,GATUNE
MERU CENTRAL,CENTAL IMENTI,KIRIGARA,KIRIGARA
MERU CENTRAL,CENTAL IMENTI,NYWERI,RUGUTI
MERU CENTRAL,CENTAL IMENTI,KIIJA,KIIJA
MERU CENTRAL,CENTAL IMENTI,KIRIA,KIRIRWA
MERU CENTRAL,CENTAL IMENTI,MAKANDUNE,MAKANDUNE
MERU CENTRAL,CENTAL IMENTI,GAITU WEST,GAITU
MERU CENTRAL,CENTAL IMENTI,KARIENE,GITAUGA
MERU CENTRAL,CENTAL IMENTI,NKUENE,NKUENE
MERU CENTRAL,CENTAL IMENTI,NDURUMA,KAONGO
MERU CENTRAL,CENTAL IMENTI,KATHERI CENTRAL,NKIRIRI SOUTH
MERU CENTRAL,CENTAL IMENTI,KIAGU,KATHWENE
MERU CENTRAL,CENTAL IMENTI,KITHIRUNE EAST,MBWIJERU
MERU CENTRAL,CENTAL IMENTI,KIAGU,KIAMURI
MERU CENTRAL,CENTAL IMENTI,MAKANDUNE,MATETU
MERU CENTRAL,CENTAL IMENTI,KIBARANYAKI,KAUNGU
MERU CENTRAL,CENTAL IMENTI,GATIMBI,RUIGA
MERU CENTRAL,CENTAL IMENTI,KATHERI WEST,KATHIRANGA EAST
MERU CENTRAL,CENTAL IMENTI,NTUMBURI,NTUMBURI
MERU CENTRAL,CENTAL IMENTI,KATHERI CENTRAL,KATHITA
MERU CENTRAL,CENTAL IMENTI,KIBARANYAKI,GIKUUNE
MERU CENTRAL,CENTAL IMENTI,GAITU EAST,MBANJONE
MERU CENTRAL,CENTAL IMENTI,KARIENE,KARIENE
MERU CENTRAL,CENTAL IMENTI,GATIMBI,BARAGU
MERU CENTRAL,CENTAL IMENTI,MARIENE,MARIENE
MERU CENTRAL,CENTAL IMENTI,KITHIRUNE WEST,MURUUGI
MERU CENTRAL,CENTAL IMENTI,MARATHI,KARUGWA
MERU CENTRAL,CENTAL IMENTI,KIAMIOGO,KIAMIOGO
MERU CENTRAL,CENTAL IMENTI,KIIJA,GITIE
MERU CENTRAL,CENTAL IMENTI,NDURUMA,NKANDONE
MERU CENTRAL,CENTAL IMENTI,MARIENE,MUGAMBONE
MERU CENTRAL,CENTAL IMENTI,KIRIA,KARINDINE
MERU CENTRAL,CENTAL IMENTI,NKUENE,NKUENE YA KIORO
MERU CENTRAL,CENTAL IMENTI,KIRIA,KIRIA
MERU CENTRAL,CENTAL IMENTI,NTUGI,MBOROGA
MERU CENTRAL,CENTAL IMENTI,KATHERI EAST,KIRIMA KIAATHI
MERU CENTRAL,CENTAL IMENTI,KATHERI CENTRAL,NKIRIRI NORTH
MERU CENTRAL,CENTAL IMENTI,KITHIRUNE EAST,NDURUMA
MERU CENTRAL,CENTAL IMENTI,KITHIRUNE EAST,NKANDONE
MERU CENTRAL,CENTAL IMENTI,KIRIA,KINUGU
MERU CENTRAL,CENTAL IMENTI,MARATHI,MARATHI
MERU CENTRAL,CENTAL IMENTI,NTUMBURI,BARRIER
MERU CENTRAL,CENTAL IMENTI,KIRIGARA,RWANDERI
MERU CENTRAL,CENTAL IMENTI,NTUGI,MURINYA
MERU CENTRAL,CENTAL IMENTI,MAKANDUNE,KANYWEE
MERU CENTRAL,CENTAL IMENTI,KITHIRUNE WEST,KIORU
MERU CENTRAL,CENTAL IMENTI,KITHIRUNE EAST,KAGUMA
MERU CENTRAL,CENTAL IMENTI,KATHERI WEST,KATHIRANGA CENTRAL
MERU CENTRAL,CENTAL IMENTI,KIAMIOGO,MBURUGITI
MERU CENTRAL,CENTAL IMENTI,KATHERI CENTRAL,MWIRANGOMBE
MERU CENTRAL,CENTAL IMENTI,KATHERI WEST,KATHIRANGA WEST
MERU CENTRAL,CENTAL IMENTI,KATHERI WEST,KATHIRANGA NORTH
MERU CENTRAL,CENTAL IMENTI,KATHERI EAST,KIATHUMBI SOUTH
MERU CENTRAL,CENTAL IMENTI,KATHERI EAST,KINJO NORTH
MERU CENTRAL,CENTAL IMENTI,NYWERI,NYWERI
MERU CENTRAL,CENTAL IMENTI,MARATHI,GAKURWENE
MERU CENTRAL,CENTAL IMENTI,KIBARANYAKI,KIBARANYAKI
MERU CENTRAL,CENTAL IMENTI,KIBIRICHIA,GATHUINE
MERU CENTRAL,CENTAL IMENTI,KATHERI EAST,KINJO SOUTH
MERU SOUTH,NITHI,KIANGONDU,TOWNSHIP
MERU SOUTH,NITHI,KAMWIMBI,KAMWIMBI
MERU SOUTH,NITHI,GITARENI,KIAMUCI
MERU SOUTH,NITHI,RUBATE,KANTHIIRI
MERU SOUTH,NITHI,KIANGONDU,KIANG'ONDU
MERU SOUTH,NITHI,KITHANGANI,RIANTHIGA
MERU SOUTH,NITHI,MWONGE,KAGUMO
MERU SOUTH,NITHI,KAJUKI,KAJUKI
MERU SOUTH,NITHI,KARINGANI,MARIANI
MERU SOUTH,NITHI,KITHANGANI,MAREMBO
MERU SOUTH,NITHI,KARINGANI,KARONGONI
MERU SOUTH,NITHI,MAGUMONI,NJURI
MERU SOUTH,NITHI,RUBATE,RUBATE
MERU SOUTH,NITHI,MAKUUNI,KARAMANI
MERU SOUTH,NITHI,KAMWIMBI,KIARITHA
MERU SOUTH,NITHI,MUTINO,MUTINO
MERU SOUTH,NITHI,KARINGANI,NDAGANI
MERU SOUTH,NITHI,MAKUUNI,MAKUUNI
MERU SOUTH,NITHI,THUITA,KATHATWA
MERU SOUTH,NITHI,GITARENI,KAARANI
MERU SOUTH,NITHI,KABUBONI,KABUBONI
MERU SOUTH,NITHI,MWONGE,KANGORO(KARAMANI)
MERU SOUTH,NITHI,KIANGONDU,MUCWA
MERU SOUTH,NITHI,KARINGANI,RUKINDU
MERU SOUTH,NITHI,MAKUUNI,KINORU
MERU SOUTH,NITHI,KITHANGANI,WERU
MERU SOUTH,NITHI,MUGWE,MUGIRIRWA
MERU SOUTH,NITHI,MUGWE,KIREGE
MERU SOUTH,NITHI,KAMAINDI,KAMAINDI
MERU SOUTH,NITHI,MWONGE,MWONGE
MERU SOUTH,NITHI,MAGUMONI,NTHAMBO
MERU SOUTH,NITHI,KABUBONI,KANYAKINI
MERU SOUTH,NITHI,MUIRU,MUIRU
MERU SOUTH,NITHI,KITHANGANI,KITHANGANI
MERU SOUTH,NITHI,MUIRU,NKUTHIKA
MERU SOUTH,NITHI,KAJUKI,KAMUTIRIA
MERU SOUTH,NITHI,KAMAINDI,IGAMBANG'OMBE
MERU SOUTH,NITHI,KAJUKI,MAKANYANGA
MERU SOUTH,NITHI,ITUGURURU,IGAMATUNDU
MERU SOUTH,NITHI,GITARENI,GITARENI
MERU SOUTH,NITHI,THUITA,THUITA
MERU SOUTH,NITHI,KARINGANI,NJAINA
MERU SOUTH,NITHI,ITUGURURU,MBOGONI
MERU SOUTH,NITHI,MUTINO,KAMONKA
MERU SOUTH,MAARA,KIRERA,MAGUTINI
MERU SOUTH,NITHI,MITHERU,NDUMBINI
MIGORI,SUNA EAST,SUNA CENTRAL,WASWETA I
MIGORI,NYATIKE,SOUTH EAST KARUNGU,OKAYO
MIGORI,SUNA WEST,SUNA RAGANA,ORUBA
MIGORI,NYATIKE,CENTRAL KARUNGU,RAGA
MIGORI,SUNA EAST,NORTH SUNA,KAKRAO
MIGORI,SUNA EAST,SUNA RABUOR,ONGUO
MIGORI,SUNA EAST,SUNA CENTRAL,NGEGE
MIGORI,SUNA EAST,SUNA RABUOR,KWA
MIGORI,SUNA WEST,SOUTH SUNA,WASWETA II
MIGORI,SUNA EAST,GOD JOPE,MANYATTA
MIGORI,SUNA EAST,UPPER SUNA,OGWEDH
MIGORI,SUNA WEST,LOWER SUNA,MUKURO
MIGORI,SUNA WEST,SUNA WEST,KOPANGA
MIGORI,SUNA EAST,GOD JOPE,WASIO
MIGORI,NYATIKE,WEST KARUNGU,GUNGA
MIGORI,NYATIKE,CENTRAL KADEM,KAKELO/KAKOTH
MIGORI,NYATIKE,CENTRAL MUHURU,NYABOMO
MIGORI,NYATIKE,WEST KADEM,WINAM
MIGORI,NYATIKE,KALER,KIASA
MIGORI,SUNA EAST,SUNA NYABISAWA,KIRENGO
MIGORI,NYATIKE,WEST KARUNGU,SORI
MIGORI,SUNA EAST,SUNA EAST,SOUTH OSINGO
MIGORI,NYATIKE,CENTRAL KADEM,KARAPOLO
MIGORI,NYATIKE,CENTRAL MUHURU,SUMBA
MIGORI,NYATIKE,WEST KADEM,AMOYO
MIGORI,SUNA EAST,NORTH SUNA,OTACHO
MIGORI,NYATIKE,EAST MUHURU,TAGACHE
MIGORI,SUNA EAST,SUNA NYABISAWA,NYAMANGA
MIGORI,SUNA WEST,SUNA RAHA,GOD KWER
MIGORI,SUNA WEST,SUNA RAHA,WIGA
MIGORI,SUNA EAST,SUNA EAST,OSINGO  NORTH
MIGORI,NYATIKE,NORTH EAST KADEM,OKENGE
MIGORI,NYATIKE,WEST MUHURU,NYANCHA
MIGORI,NYATIKE,SOUTH EAST MUHURU,NYAKONDO
MIGORI,NYATIKE,NORTH KADEM,MAGUNGU
MIGORI,NYATIKE,CENTRAL KARUNGU,OTATI
MIGORI,SUNA WEST,SOUTH SUNA,SAGERO
MIGORI,NYATIKE,NORTH EAST KADEM,KIWIRO
MIGORI,SUNA EAST,UPPER SUNA,SAGEGI
MIGORI,NYATIKE,WEST MUHURU,KITHII
MIGORI,NYATIKE,NORTH KADEM,BALA
MIGORI,SUNA WEST,SUNA WASIMBETE,MUBACHI
MIGORI,SUNA WEST,SUNA WEST,GIREBE
MIGORI,NYATIKE,SOUTH KADEM,OWICH
MIGORI,NYATIKE,SOUTH EAST KARUNGU,NGIRA
MIGORI,SUNA WEST,SUNA RAGANA,MARINDI
MIGORI,NYATIKE,CENTRAL KADEM,WEST KANYUOR
MIGORI,NYATIKE,EAST KARUNGU,ALENDU
MIGORI,NYATIKE,EAST MUHURU,WINJO
MIGORI,NYATIKE,SOUTH KADEM,MIKEI
MIGORI,NYATIKE,SOUTH KADEM,NYATIKE
MIGORI,NYATIKE,EAST KADEM,NYANDAGO
MIGORI,NYATIKE,EAST KARUNGU,MISIWI
MIGORI,NYATIKE,CENTRAL KADEM,EAST KANYUOR
MIGORI,SUNA WEST,LOWER SUNA,NYASOKO
MIGORI,SUNA WEST,SUNA WASIMBETE,NYAMARAGA
MIGORI,NYATIKE,EAST KADEM,BANDE
MIGORI,NYATIKE,WEST KADEM,ANEKO
MIGORI,NYATIKE,KALER,OLASI
MOLO,NJORO,PIAVE,SUBUKU
MOLO,NJORO,LARE,LARE
MOLO,MOLO,TURI,KIAMBIRIRIA
MOLO,MOLO,MOLO,MOLO
MOLO,KURESOI NORTH,TULWET,SOLIAT
MOLO,KURESOI NORTH,NYOTA,OLBUMBU
MOLO,NJORO,NJORO,NJORO
MOLO,NJORO,KIHINGO,KIHINGO
MOLO,MOLO,TURI,TURI
MOLO,KURESOI SOUTH,CHEPTUECH,IRONGO
MOLO,KURESOI SOUTH,AMALO,AMALO
MOLO,NJORO,BAGARIA,BAGARIA
MOLO,KURESOI NORTH,KURESOI,KIPKEWA
MOLO,KURESOI NORTH,SIRIKWA,SIRIKWA
MOLO,KURESOI SOUTH,KIPTAGICH,KIPTAGICH
MOLO,KURESOI SOUTH,KAPLAMAI,KAPLAMAI
MOLO,MOLO,MOLO,MATUMAINI
MOLO,KURESOI NORTH,MAU SUMMIT,KOIGE
MOLO,KURESOI SOUTH,SILIBWET,RIBOT
MOLO,KURESOI SOUTH,CHEBARA,CHEBARA
MOLO,KURESOI NORTH,TULWET,TULWET
MOLO,KURESOI SOUTH,KERINGET,MILIMET
MOLO,KURESOI SOUTH,KAPSIMBEIYWO,KAPSIMBEIYWO
MOLO,KURESOI NORTH,SIRIKWA,SETKOTES
MOLO,MOLO,ELBURGON,ELBURGON
MOLO,KURESOI SOUTH,TINET,KAPNANDA
MOLO,KURESOI SOUTH,KERINGET,KERINGET
MOLO,MOLO,ELBURGON,ARIMI
MOLO,KURESOI SOUTH,TINET,TINET
MOLO,NJORO,TERET,TERET
MOLO,KURESOI SOUTH,KERINGET,SIWOT
MOLO,NJORO,LARE,NDULELE
MOLO,NJORO,MAU NAROK,KIANJOYA
MOLO,KURESOI NORTH,MKULIMA,MAWINGO
MOLO,NJORO,PIAVE,MIGAA
MOLO,KURESOI NORTH,KIPTORORO,CHEMARE
MOLO,KURESOI NORTH,NYOTA,LANGWENDA
MOLO,NJORO,NESSUIT,SIGOTIK
MOLO,NJORO,NAISHI,NAISHI
MOLO,NJORO,NESSUIT,NESSUIT
MOLO,KURESOI NORTH,KURESOI,KURESOI
MOLO,KURESOI NORTH,MAU SUMMIT,SARAMBEI
MOLO,NJORO,GICHOBO,SINENDET
MOLO,NJORO,KAPKEMBU,CHEBITET
MOLO,NJORO,GICHOBO,GICHOBO
MOLO,KURESOI NORTH,TEMOYETTA,IKUMBI
MOLO,KURESOI NORTH,KAMARA,SINENDET
MOLO,NJORO,NJORO,MUKUNGUGU
MOLO,KURESOI SOUTH,CHEMANER,CHEMANER
MOLO,MOLO,MARIASHONI,NDOSWA
MOLO,KURESOI NORTH,MKULIMA,LULUKWET
MOLO,MOLO,ELBURGON,MUTAMAIYU
MOLO,KURESOI NORTH,MAU SUMMIT,MAU SUMMIT
MOLO,KURESOI SOUTH,CHEMANER,CHEPALUNGU
MOLO,NJORO,MAUCHE,MAUCHE
MOLO,NJORO,KIHINGO,LUSIRU
MOLO,KURESOI SOUTH,SILIBWET,SILIBWET
MOLO,KURESOI NORTH,KAMARA,KAMARA
MOLO,KURESOI SOUTH,EMITIK,EMITIK
MOLO,NJORO,TUIYOTICH,LOITEPES
MOLO,KURESOI NORTH,KAMARA,MAU
MOLO,KURESOI NORTH,TEMOYETTA,MURGIYENY
MOLO,KURESOI NORTH,KIPTORORO,CHEMATICH
MOLO,NJORO,BAGARIA,KAPYEMIT
MOLO,KURESOI NORTH,TEMOYETTA,CHEPTAGUM
MOLO,NJORO,TERET,LELECHWET
MOLO,MOLO,MARIASHONI,KITIRO
MOLO,KURESOI SOUTH,KIPSONOI,TEGAT
MOLO,KURESOI NORTH,KURESOI,KONGOI
MOLO,KURESOI SOUTH,EMITIK,KAPUGUNOT
MOLO,KURESOI SOUTH,AMALO,KIPTARAGON
MOLO,MOLO,SACHANGWAN,SACHANGWANY
MOLO,KURESOI SOUTH,KIPTAGICH,ARORWET
MOLO,KURESOI NORTH,NYOTA,NYOTA
MOLO,KURESOI SOUTH,KIPTAGICH,CHEBOTOI
MOLO,NJORO,MAUCHE,TACHASIS
MOLO,MOLO,MARIASHONI,KIPTUNGA
MOLO,NJORO,KAPKEMBU,KAPKEMBU
MOLO,KURESOI SOUTH,CHEPTUECH,CHEPTUECH
MOLO,NJORO,BAGARIA,MILIMANI
MOLO,KURESOI SOUTH,SINENDET,SINENDET
MOLO,NJORO,SURURU,KIPTULEL
MOLO,MOLO,SACHANGWAN,KABIANGA
MOLO,KURESOI SOUTH,KAPLAMAI,CHEPAKUNDI
MOLO,KURESOI SOUTH,KIPSONOI,KIPSONOI
MOLO,NJORO,NESSUIT,MISEPEI
MOLO,NAROK NORTH,OLOKURTO,OLOKURTO
MOLO,KURESOI SOUTH,SINENDET,KOISEGUT
MOLO,KURESOI SOUTH,SINENDET,ANAIMOI
MOLO,KURESOI SOUTH,CHEBARA,BARARGET
MOMBASA,NYALI,KONGOWEA,KONGOWEA
MOMBASA,KISAUNI,KISAUNI,MAGOGONI
MOMBASA,MVITA,TONONOKA,BONDENI
MOMBASA,MVITA,MWEMBE TAYARI,MWEMBE TAYARI
MOMBASA,NYALI,KISAUNI,KISAUNI
MOMBASA,MVITA,MAJENGO,MAJENGO
MOMBASA,MVITA,GANJONI,KIZINGO
MOMBASA,MVITA,TUDOR,TUDOR
MOMBASA,MVITA,OLD TOWN,MJI WA KALE
MOMBASA,NYALI,KONGOWEA,MAWENI
MOMBASA,MVITA,TONONOKA,TONONOKA
MOMBASA,MVITA,GANJONI,GANJONI
MOMBASA,MVITA,OLD TOWN,MAKADARA
MOMBASA,KISAUNI,BAMBURI,MWEMBE LEGEZA
MOMBASA,KISAUNI,KISAUNI,JUNDA
MOMBASA,KISAUNI,BAMBURI,BAMBURI
MOMBASA,KISAUNI,BAMBURI,SHANZU
MOMBASA,MVITA,TUDOR,TUDOR FOUR
MOMBASA,KISAUNI,BAMBURI,MWAKIRUNGE
MOMBASA,MVITA,RAILWAY,RAILWAY/KINGORANI
MOMBASA,KISAUNI,BAMBURI,MAUNGUJA
MOYALE,MOYALE,ODDA,ODDA
MOYALE,MOYALE,BUTIYE,BUTIYE
MOYALE,MOYALE,TOWNSHIP,TOWNSHIP
MOYALE,MOYALE,URAN,URAN
MOYALE,MOYALE,SOLOLO,SOLOLO RAMATA
MOYALE,MOYALE,HEILU,HEILU
MOYALE,MOYALE,ANONA,ANONA
MOYALE,MOYALE,TOWNSHIP,GURUMESA
MOYALE,MOYALE,GODOMA,GODOMA
MOYALE,MOYALE,NANA,NANA
MOYALE,MOYALE,GOLOLE,KARBURURI
MOYALE,MOYALE,MANYATTA,MANYATTA
MOYALE,MOYALE,DABEL,DABEL
MOYALE,MOYALE,URAN,LATAKA
MOYALE,MOYALE,WALDA,WALDA
MOYALE,MOYALE,BUTIYE,GOROMUDA
MOYALE,MOYALE,HEILU,MANSILE
MOYALE,MOYALE,NANA,YABALO
MOYALE,MOYALE,WAYE,MADO ADHI
MOYALE,MOYALE,DABEL,GUYO TIMOR
MOYALE,MOYALE,DAMBALA FACHAN,DAMBALA FACHANA
MOYALE,MOYALE,GOLOLE,GOLOLE
MOYALE,MOYALE,BORI,KATE
MOYALE,MOYALE,SOMARE,SOMARE
MOYALE,MOYALE,SOLOLO MAKUTANO,SOLOLO MAKUTANO
MOYALE,MOYALE,TOWNSHIP,SESSI
MOYALE,MOYALE,BORI,BORI
MOYALE,MOYALE,ODDA,FUNANYATTA
MOYALE,MOYALE,KINISA,KINISA
MOYALE,MOYALE,RAWANA,BANALE
MOYALE,MOYALE,RAWANA,RAWANA
MOYALE,MOYALE,DAMBALA FACHAN,GARBA
MOYALE,MOYALE,WAYE,WAYE-GODHA
MOYALE,MOYALE,AMBALLO,AMBALLO
MOYALE,MOYALE,DABEL,DIRDIMA
MOYALE,MOYALE,DABEL,GOLA
MSAMBWENI,LUNGA LUNGA,PONGWE/KIDIMU,MZIZIMA
MSAMBWENI,MSAMBWENI,DIANI,GOMBATO
MSAMBWENI,MSAMBWENI,DIANI,UKUNDA
MSAMBWENI,MSAMBWENI,MIVUMONI,MIVUMONI
MSAMBWENI,LUNGA LUNGA,KIKONENI,BUMBANI
MSAMBWENI,MSAMBWENI,KINONDO,KINONDO
MSAMBWENI,LUNGA LUNGA,DZOMBO,MRIMA/MALAMBA
MSAMBWENI,MSAMBWENI,MSAMBWENI,VINGUJINI
MSAMBWENI,LUNGA LUNGA,PONGWE/KIDIMU,MAJORENI
MSAMBWENI,LUNGA LUNGA,LUNGA LUNGA,SEGA
MSAMBWENI,LUNGA LUNGA,VANGA,JEGO
MSAMBWENI,LUNGA LUNGA,MWERENI,KILIMANGODO
MSAMBWENI,MSAMBWENI,MSAMBWENI,MILALANI
MSAMBWENI,MSAMBWENI,KINONDO,GAZI
MSAMBWENI,MSAMBWENI,DIANI,BONGWE
MSAMBWENI,MSAMBWENI,KINGWEDE/SHIRA,SHIRAZI
MSAMBWENI,LUNGA LUNGA,MWERENI,MWENA
MSAMBWENI,LUNGA LUNGA,VANGA,VANGA
MSAMBWENI,MSAMBWENI,KINGWEDE/SHIRA,KINGWEDE
MSAMBWENI,LUNGA LUNGA,LUNGA LUNGA,KASEMENI
MSAMBWENI,MSAMBWENI,KINGWEDE/SHIRA,FUNZI
MSAMBWENI,LUNGA LUNGA,VANGA,KIWEGU
MSAMBWENI,LUNGA LUNGA,PONGWE/KIDIMU,SHIMONI
MSAMBWENI,LUNGA LUNGA,PONGWE/KIDIMU,WASINI/MKWIRO
MT ELGON,MT. ELGON,CHESIKAKI,CHESIKAKI
MT ELGON,MT. ELGON,SASUR,SASUR
MT ELGON,MT. ELGON,CHEPKUBE,CHEPKUBE
MT ELGON,MT. ELGON,KAPTAMA,KAPTAMA
MT ELGON,MT. ELGON,NOMORIO,NOMORIO
MT ELGON,MT. ELGON,KONGIT,KONGIT
MT ELGON,MT. ELGON,CHONGEYWO,CHONGEYWO
MT ELGON,MT. ELGON,SASUR,TOROSO
MT ELGON,MT. ELGON,CHESIKAKI,CHEMONDI
MT ELGON,MT. ELGON,CHEMOGE,CHEMSES
MT ELGON,MT. ELGON,CHEPTAIS,NGACHI
MT ELGON,MT. ELGON,ELGON,KIBUK
MT ELGON,MT. ELGON,CHEPTAIS,CHEPTAIS
MT ELGON,MT. ELGON,KAPKATENY,CHEPTONON
MT ELGON,MT. ELGON,KAPTAMA,KABOROM
MT ELGON,MT. ELGON,CHONGEYWO,MASAEK
MT ELGON,MT. ELGON,EMIA,CHEPKURKUR
MT ELGON,MT. ELGON,KONGIT,KAPTALELIA
MT ELGON,MT. ELGON,KAMUNERU,KAMUNERU
MT ELGON,MT. ELGON,CHEPYUK,CHEPYUK
MT ELGON,MT. ELGON,KAPSOKWONY,CHEMWEISUS
MT ELGON,MT. ELGON,KAPKATENY,TOYWONDET
MT ELGON,MT. ELGON,CHEPKUBE,CHEBWEK
MT ELGON,MT. ELGON,NOMORIO,SAMBOCHO
MT ELGON,MT. ELGON,CHEPYUK,KUBURA
MT ELGON,MT. ELGON,KABOYWO,KABOYWO
MT ELGON,MT. ELGON,KAPSOKWONY,BUGAA
MT ELGON,MT. ELGON,EMIA,KORN'GOTUNY
MT ELGON,MT. ELGON,CHEPYUK,KAIMUGUL
MT ELGON,MT. ELGON,ELGON,KIMOBO
MT ELGON,MT. ELGON,CHEMOGE,CHEMOGE
MT ELGON,MT. ELGON,NOMORIO,KIPYETO
MT ELGON,MT. ELGON,KAPSOKWONY,KAPSOKWONY
MT ELGON,MT. ELGON,KAPKATENY,TEREM
MT ELGON,MT. ELGON,KABOYWO,CHESITO
MT ELGON,MT. ELGON,EMIA,EMIA
MT ELGON,MT. ELGON,CHONGEYWO,KAPKURONGO
MT ELGON,MT. ELGON,KAMUNERU,SACHO
MT ELGON,MT. ELGON,NOMORIO,KOSHOK
MT ELGON,MT. ELGON,ELGON,KAMTYONG
MUMIAS,MUMIAS EAST,ISONGO,MAKUNGA
MUMIAS,MUMIAS EAST,ISONGO,ISONGO
MUMIAS,MATUNGU,MATUNGU,KHOLERA
MUMIAS,MATUNGU,MATUNGU,MATUNGU
MUMIAS,MATUNGU,MATUNGU,MAYONI
MUMIAS,MUMIAS EAST,LUBINU,LUSHEYA
MUMIAS,MUMIAS WEST,NABONGO,MUMIAS TOWN
MUMIAS,MATUNGU,KOYONZO,NANYENI
MUMIAS,MUMIAS WEST,ETENJE,BUKAYA
MUMIAS,MUMIAS EAST,EAST WANGA,MUNGANGA
MUMIAS,MATUNGU,KOYONZO,KOYONZO
MUMIAS,MATUNGU,KOYONZO,MIRERE
MUMIAS,MUMIAS EAST,EAST WANGA,ELUCHE
MUMIAS,MUMIAS WEST,ETENJE,BUCHIFI
MUMIAS,MUMIAS WEST,ETENJE,ESHIKALAME
MUMIAS,MUMIAS EAST,MALAHA,MALAHA
MUMIAS,MUMIAS WEST,MUSANDA,MUSANDA
MUMIAS,MATUNGU,KOYONZO,LUNGANYIRO
MUMIAS,MATUNGU,MATUNGU,KHALABA
MUMIAS,MUMIAS WEST,NABONGO,MATAWA
MUMIAS,MATUNGU,KOYONZO,NAMAMALI
MUMIAS,MUMIAS WEST,MUSANDA,BUNGASI
MUMIAS,MUMIAS EAST,MALAHA,KHAUNGA
MUMIAS,MATUNGU,KOYONZO,INDANGALASIA
MUMIAS,MATUNGU,KOYONZO,MUNAMI
MUMIAS,MUMIAS WEST,NABONGO,LUREKO
MUMIAS,MUMIAS WEST,MUSANDA,ESHIHAKA
MUMIAS,MUMIAS WEST,ETENJE,MASINJIRA
MUMIAS,MATUNGU,MATUNGU,NAMULUNGU
MUMIAS,MUMIAS EAST,LUBINU,LUBINU
MUMIAS,MATUNGU,MATUNGU,MUSAMBA
MUMIAS,MUMIAS EAST,NABONGO,EKERO
MUMIAS,MUMIAS EAST,NABONGO,NUCLEUS
MURANGA NORTH,KIHARU,TOWNSHIP,KARURI
MURANGA NORTH,KIHARU,GATURI,GAKUYU
MURANGA NORTH,KIHARU,MUGOIRI,KIRIA
MURANGA NORTH,KIHARU,MUGOIRI,KAHURO
MURANGA NORTH,MATHIOYA,KIRU,KANJAMA
MURANGA NORTH,KIHARU,KIMATHI,NYAKIHANI
MURANGA NORTH,KANGEMA,IYEGO,GITHUNGURI
MURANGA NORTH,KANGEMA,IYEGO,GIKUI
MURANGA NORTH,MATHIOYA,GITUGI,KAMBARA
MURANGA NORTH,MATHIOYA,KAMACHARIA,THUITA
MURANGA NORTH,KIHARU,KIMATHI,RURII
MURANGA NORTH,MATHIOYA,KAMACHARIA,KAMACHARIA
MURANGA NORTH,KIHARU,MURARANDIA,MURARANDIA
MURANGA NORTH,KIHARU,MURARANDIA,GATHAITHI
MURANGA NORTH,MATHIOYA,KIRU,KORA
MURANGA NORTH,MATHIOYA,NJUMBI,GIKOE
MURANGA NORTH,KIHARU,WEITHAGA,WANJENGI
MURANGA NORTH,KIHARU,GATURI,GATHUKEINI
MURANGA NORTH,KANGEMA,MUGURU,WATUHA
MURANGA NORTH,KIHARU,GATURI,GEITWA/MUGEKA
MURANGA NORTH,KANGEMA,KANYENYAINI,KANYENYAINI
MURANGA NORTH,KIHARU,KAHUHIA,KIROGO
MURANGA NORTH,KIHARU,MUGOIRI,MIRICHU
MURANGA NORTH,KIHARU,TOWNSHIP,MUKUYU
MURANGA NORTH,KANGEMA,KIRURI,KIRURI
MURANGA NORTH,MATHIOYA,NJUMBI,NYAKIANGA
MURANGA NORTH,KIHARU,GIKINDU,KAMBIRWA
MURANGA NORTH,KANGEMA,RWATHIA,KIAMBOGO
MURANGA NORTH,KIHARU,KAHUHIA,GATHERI
MURANGA NORTH,KIHARU,GIKINDU,MIRIRA
MURANGA NORTH,KANGEMA,IYEGO,NYAKAHURA
MURANGA NORTH,MATHIOYA,KAMACHARIA,KAIRI
MURANGA NORTH,MATHIOYA,GITUGI,RUNYEKI
MURANGA NORTH,KIHARU,MURARANDIA,GATUYA
MURANGA NORTH,KIHARU,MURARANDIA,KAGANDA
MURANGA NORTH,KANGEMA,KIRURI,TUTHU
MURANGA NORTH,KIHARU,MBIRI,MUCHUNGUCHA
MURANGA NORTH,KANGEMA,RWATHIA,RWATHIA
MURANGA NORTH,MATHIOYA,KAMACHARIA,KAMUNE
MURANGA NORTH,KANGEMA,KANYENYAINI,GITUGI
MURANGA NORTH,MATHIOYA,NJUMBI,GACHARAGEINI
MURANGA NORTH,MATHIOYA,GITUGI,CHUI
MURANGA NORTH,MATHIOYA,KIRU,KAGUMO-INI
MURANGA NORTH,KIHARU,TOWNSHIP,NJOGUINI
MURANGA NORTH,MATHIOYA,GITUGI,NGUTU
MURANGA NORTH,KIHARU,KIMATHI,KIGONGO
MURANGA NORTH,MATHIOYA,GITUGI,KARUNGE
MURANGA NORTH,KANGEMA,KIRURI,NDUI-INI
MURANGA NORTH,KANGEMA,MUGURU,GAKIRA
MURANGA NORTH,KANGEMA,MUGURU,KIAIRATHE
MURANGA NORTH,KANGEMA,IYEGO,GACHARAINGU
MURANGA NORTH,KANGEMA,KANYENYAINI,GITHIGA
MURANGA NORTH,MATHIOYA,NJUMBI,KAGONGO
MURANGA NORTH,KANGEMA,KIRURI,KARURUMO
MURANGA NORTH,KIHARU,MUGOIRI,GATUNDU
MURANGA NORTH,MATHIOYA,GITUGI,GITUGI
MURANGA NORTH,KIHARU,MBIRI,MARAGI
MURANGA NORTH,KANGEMA,MUGURU,KANORERO
MURANGA NORTH,MATHIOYA,GITUGI,MIHUTI
MURANGA NORTH,KIHARU,KAHUHIA,MUKANGU
MURANGA NORTH,MATHIOYA,KIRU,KAIRO
MURANGA NORTH,KIHARU,MBIRI,GIKANDU
MURANGA NORTH,KANGEMA,KIRURI,ICHUCHI
MURANGA NORTH,KIHARU,WEITHAGA,WANGU
MURANGA NORTH,MATHIOYA,NJUMBI,KIAMUTURI
MURANGA NORTH,MATHIOYA,KIRU,KIAMBUTHIA
MURANGA NORTH,KIHARU,GIKINDU,GITHURI
MURANGA NORTH,KIHARU,WEITHAGA,KAHUTI
MURANGA NORTH,KANGEMA,KANYENYAINI,NGOE-INI
MURANGA NORTH,KIHARU,MURARANDIA,THERI
MURANGA NORTH,MATHIOYA,NJUMBI,GATUNGURU
MURANGA NORTH,KANGEMA,RWATHIA,KIHOYA
MURANGA NORTH,MATHIOYA,KIRU,KIRIA-INI
MURANGA NORTH,KANGEMA,KANYENYAINI,KIBUTHA
MURANGA NORTH,KANGEMA,RWATHIA,WANJERERE
MURANGA SOUTH,KANDARA,NGARARIA,NAARO
MURANGA SOUTH,KIGUMO,KINYONA,GACHARAGE
MURANGA SOUTH,MARAGWA,MAKUYU,KIMORORI
MURANGA SOUTH,KIGUMO,MUTHITHI,GIKARANGU
MURANGA SOUTH,MARAGWA,ICHAGAKI,KIANJIRU-INI
MURANGA SOUTH,MARAGWA,NGINDA,GAKOIGO
MURANGA SOUTH,MARAGWA,ICHAGAKI,GIKOMORA
MURANGA SOUTH,MARAGWA,NGINDA,KAHARO
MURANGA SOUTH,MARAGWA,NGINDA,GATHERA
MURANGA SOUTH,KANDARA,MURUKA,MURUKA
MURANGA SOUTH,KANDARA,MURUKA,NGUTHURU
MURANGA SOUTH,MARAGWA,NGINDA,ITAAGA
MURANGA SOUTH,KANDARA,RUCHU,GITHUMU
MURANGA SOUTH,KIGUMO,KIGUMO,GACHOCHO
MURANGA SOUTH,KIGUMO,KAHUMBU,KANDANI
MURANGA SOUTH,KANDARA,RUCHU,MUNGARIA/MUKANGU
MURANGA SOUTH,KIGUMO,KIGUMO,GITHIMA
MURANGA SOUTH,MARAGWA,MAKUYU,KIRIMIRI
MURANGA SOUTH,KANDARA,ITHIRU,KAGUTHI
MURANGA SOUTH,KANDARA,GAICHANJIRU,NGURWE-INI
MURANGA SOUTH,KIGUMO,KAHUMBU,GAKUYU
MURANGA SOUTH,MARAGWA,MARAGUA RIDGE,MARAGUA RIDGE
MURANGA SOUTH,KANDARA,KAGUNDU-INI,KABATI
MURANGA SOUTH,KIGUMO,KINYONA,KAMUKABI
MURANGA SOUTH,KANDARA,GAICHANJIRU,GAICHANJIRU
MURANGA SOUTH,KANDARA,ITHIRU,GAKARARA
MURANGA SOUTH,KANDARA,NGARARIA,NGARARIA
MURANGA SOUTH,MARAGWA,KAMAHUHA,SABA SABA
MURANGA SOUTH,KANDARA,GAICHANJIRU,KAGUMO-INI
MURANGA SOUTH,KANDARA,RUCHU,KARIUA
MURANGA SOUTH,KANDARA,GAICHANJIRU,MARIA-INI
MURANGA SOUTH,KANDARA,ITHIRU,GITHUYA
MURANGA SOUTH,KANDARA,ITHIRU,KARIMAMWARO
MURANGA SOUTH,KANDARA,MURUKA,GATITU
MURANGA SOUTH,MARAGWA,MAKUYU,WEMPA
MURANGA SOUTH,KANDARA,GAICHANJIRU,KAGIRA
MURANGA SOUTH,KANDARA,KAGUNDU-INI,KARITI
MURANGA SOUTH,KANDARA,NGARARIA,KAWENDO
MURANGA SOUTH,KANDARA,ITHIRU,KIIRI
MURANGA SOUTH,KIGUMO,KIGUMO,KIRERE
MURANGA SOUTH,MARAGWA,ICHAGAKI,ICHAGAKI
MURANGA SOUTH,KIGUMO,MUTHITHI,KAGURUMO
MURANGA SOUTH,MARAGWA,KAMAHUHA,KAHARATI
MURANGA SOUTH,KIGUMO,MUTHITHI,KIAHITI
MURANGA SOUTH,KIGUMO,KANGARI,KANGARI
MURANGA SOUTH,KIGUMO,KIGUMO,MARUMI
MURANGA SOUTH,KIGUMO,KAHUMBU,GITHEMBE
MURANGA SOUTH,MARAGWA,NGINDA,MBUGUA
MURANGA SOUTH,KIGUMO,KINYONA,KINYONA
MURANGA SOUTH,KIGUMO,MUTHITHI,MUNGU-INI
MURANGA SOUTH,MARAGWA,KAMBITI,KARIA-INI
MURANGA SOUTH,KANDARA,KAGUNDU-INI,KAGUNDU-INI
MURANGA SOUTH,MARAGWA,KAMAHUHA,KAMAHUHA
MURANGA SOUTH,KIGUMO,KIGUMO,IRIGU-INI
MURANGA SOUTH,MARAGWA,MAKUYU,MAKUYU
MURANGA SOUTH,KANDARA,KAGUNDU-INI,GITURA
MURANGA SOUTH,MARAGWA,ICHAGAKI,SAMAR
MURANGA SOUTH,KIGUMO,MUTHITHI,MUTHITHI
MURANGA SOUTH,KIGUMO,KANGARI,MARIIRA
MURANGA SOUTH,KIGUMO,KAHUMBU,MUGUMO-INI
MURANGA SOUTH,MARAGWA,MAKUYU,GAKUNGU
MURANGA SOUTH,KIGUMO,KANGARI,MAKOMBOKI
MURANGA SOUTH,KANDARA,KAGUNDU-INI,GITHUNGURI
MURANGA SOUTH,MARAGWA,NGINDA,IREMBU
MURANGA SOUTH,MARAGWA,KAMBITI,KAMBITI
MURANGA SOUTH,KANDARA,RUCHU,GITURU
MURANGA SOUTH,KIGUMO,KAHUMBU,KAHARIRO
MURANGA SOUTH,MARAGWA,MAKUYU,GATHUNGURU
MURANGA SOUTH,MARAGWA,KAMBITI,MARANJAU
MURANGA SOUTH,MARAGWA,KAMBITI,MIHANGO
MURANGA SOUTH,MARAGWA,MARAGUA RIDGE,KAMUIRU
MUTOMO,KITUI SOUTH,IKANGA,KATHUNGU
MUTOMO,KITUI SOUTH,MALUMA,MALUMA
MUTOMO,KITUI SOUTH,KIBWEA,KAWELU
MUTOMO,KITUI SOUTH,MUTOMO,MWALA
MUTOMO,KITUI SOUTH,MUTHIMA,KIVYUNI
MUTOMO,KITUI SOUTH,KANZIKO,MWANIANGA
MUTOMO,KITUI SOUTH,KIBWEA,UAE
MUTOMO,KITUI SOUTH,IKUTHA,KIANGU
MUTOMO,KITUI SOUTH,KALIVU,KALIVU
MUTOMO,KITUI SOUTH,KALIVU,MAKAIE
MUTOMO,KITUI SOUTH,ATHI,KITUTI
MUTOMO,KITUI SOUTH,KANZIKO,KYANYAA
MUTOMO,KITUI SOUTH,MUTHIMA,KENGO
MUTOMO,KITUI SOUTH,IKANGA,MAKELE
MUTOMO,KITUI SOUTH,KANZIKO,KEITUNDA
MUTOMO,KITUI SOUTH,ATHI,KILAWA
MUTOMO,KITUI SOUTH,NDAKANI,KALIA KATUNE
MUTOMO,KITUI SOUTH,KANZIKO,KIVANDENI
MUTOMO,KITUI SOUTH,MUTOMO,KANDAE
MUTOMO,KITUI SOUTH,KASAALA,KASAALA
MUTOMO,KITUI SOUTH,KYATUNE,VOTE
MUTOMO,KITUI SOUTH,MUTOMO,KITOO
MUTOMO,KITUI SOUTH,IKANGA,ITHUMULA
MUTOMO,KITUI SOUTH,KYATUNE,KYATUNE
MUTOMO,KITUI SOUTH,IKUTHA,NGAWUNI
MUTOMO,KITUI SOUTH,MUTHIMA,KIIMANI
MUTOMO,KITUI SOUTH,KASAALA,NGWATE
MUTOMO,KITUI SOUTH,SIMISI,SIMISI
MUTOMO,KITUI SOUTH,KIBWEA,KIBWEA
MUTOMO,KITUI SOUTH,KASAALA,NZAMBA
MUTOMO,KITUI SOUTH,KYATUNE,NGWANI
MUTOMO,KITUI SOUTH,IKUTHA,KYOANI
MUTOMO,KITUI SOUTH,KASAALA,UIINI
MUTOMO,KITUI SOUTH,IKANGA,KIANGWA
MUTOMO,KITUI SOUTH,NDAKANI,ISAA
MUTOMO,KITUI SOUTH,MALUMA,MONGUNI
MUTOMO,KITUI SOUTH,MUTHA,KAATENE
MUTOMO,KITUI SOUTH,IKANGA,ILUSYA
MUTOMO,KITUI SOUTH,IKUTHA,NDILI
MUTOMO,KITUI SOUTH,KALIVU,KATILINI
MUTOMO,KITUI SOUTH,MALUMA,MUAMBANI
MUTOMO,KITUI SOUTH,IKUTHA,MAAINI
MUTOMO,KITUI SOUTH,KYATUNE,NDATANI
MUTOMO,KITUI SOUTH,MUTHIMA,KIATU
MUTOMO,KITUI SOUTH,SIMISI,EKANI
MUTOMO,KITUI EAST,VOO,KASASI
MUTOMO,KITUI SOUTH,MUTHA,NGAANI
MUTOMO,KITUI SOUTH,NDAKANI,NDAKANI
MUTOMO,KITUI SOUTH,MUTHIMA,MIVUNE
MUTOMO,KITUI SOUTH,IKANGA,NDUNDUNE
MUTOMO,KITUI SOUTH,KYATUNE,YONGELA
MUTOMO,KITUI SOUTH,ATHI,KISIIO
MUTOMO,KITUI SOUTH,SIMISI,ILAMBA
MUTOMO,KITUI SOUTH,MUTHA,KALAMBANI
MUTOMO,KITUI EAST,VOO,NZUNGUNI
MUTOMO,KITUI SOUTH,KANZIKO,KITUVWI
MUTOMO,KITUI SOUTH,MUTHIMA,NDILILI
MUTOMO,KITUI EAST,VOO,KYANGINI
MUTOMO,KITUI EAST,NZAMBANI,KYANIKA
MUTOMO,KITUI EAST,VOO,KYANGO
MUTOMO,KITUI EAST,NZAMBANI,MALUMA
MWALA,MWALA,MAKUTANO,MAWELI
MWALA,MWALA,MASII,UTITHINI
MWALA,MWALA,MUTHETHENI,KYETHIVO
MWALA,MWALA,MBIUNI,MUMBUNI
MWALA,MWALA,MBIUNI,MAKILIVA
MWALA,MWALA,MWALA,KIBAU
MWALA,MWALA,MBIUNI,KABAA
MWALA,MWALA,MWALA,KAMWALA
MWALA,MWALA,VYULYA,UUNI
MWALA,MWALA,MASII,KAVUMBU
MWALA,MWALA,WAMUNYU,KILEMBWA
MWALA,MWALA,MWALA,MYANYANI
MWALA,MWALA,MAKUTANO,MATHUNTHINI
MWALA,MWALA,MUTHETHENI,KIONYWENI
MWALA,MWALA,MWALA,KYAWANGO
MWALA,MWALA,WAMUNYU,KAMBITI
MWALA,MWALA,MIU,NGAMBA
MWALA,MWALA,MWALA,NGULINI
MWALA,MWALA,IKALAASA,NDITHINI
MWALA,MWALA,MAKUTANO,KYAMUTWII
MWALA,MWALA,YATHUI,KWA-KALA
MWALA,MWALA,MASII,MITHINI
MWALA,MWALA,WAMUNYU,KAITHA
MWALA,MWALA,MANGO,WETAA
MWALA,MWALA,KIBAUNI,ITUMBULE
MWALA,MWALA,KATHAMA,ITIKONI
MWALA,MWALA,MANGO,KYANGANGA
MWALA,MWALA,IKALAASA,NGUNGI
MWALA,MWALA,MASII,MBAANI
MWALA,MWALA,MUTHETHENI,NTHAANI
MWALA,MWALA,WAMUNYU,NYAANI
MWALA,MWALA,MASII,KITHANGAINI
MWALA,MWALA,YATHUI,KYANGULUMI
MWALA,MWALA,MUTHETHENI,KANGETHE
MWALA,MWALA,VYULYA,MUUSINI
MWALA,MWALA,KATHAMA,KATITU
MWALA,MWALA,KATHAMA,KWA-MUTULA
MWALA,MWALA,MUTHETHENI,KALYAMBEU
MWALA,MWALA,MBIUNI,MBIUNI
MWALA,MWALA,MIU,KALAMBA
MWALA,MWALA,YATHUI,KYAMATULA
MWALA,MWALA,MBIUNI,NYANYAA
MWALA,MWALA,MWALA,KIVANDINI
MWALA,MWALA,MIU,KYAWIKYO
MWALA,MWALA,KATHAMA,ULAANI
MWALA,MWALA,IKALAASA,KAMUTHWA
MWALA,MWALA,MIU,KIKULUMU
MWALA,MWALA,MUTHETHENI,EMBUI
MWALA,MWALA,KATHAMA,MUTHWANI
MWALA,MWALA,VYULYA,MITHANGA
MWALA,MWALA,WAMUNYU,KYAWANGO
MWALA,MWALA,NGOMANO,KILALA
MWALA,MWALA,KIBAUNI,KITILE
MWALA,MWALA,MIU,UTITHINI
MWALA,MWALA,MWALA,KANGII
MWALA,MWALA,IKALAASA,MATULANI
MWALA,MWALA,NGOMANO,KIUNDUANI
MWALA,MWALA,KIBAUNI,MUKAA
MWINGI,MWINGI WEST,KIOMO,KAIRUNGU
MWINGI,MWINGI EAST,MUI,NGOO
MWINGI,MWINGI WEST,MIGWANI,ITOLONI
MWINGI,MWINGI WEST,KIOMO,KIOMO
MWINGI,MWINGI EAST,MWINGI,KIVOU
MWINGI,MWINGI WEST,THAANA NZAU,KYUSYANI
MWINGI,MWINGI WEST,KYETHANI,KARURA
MWINGI,MWINGI EAST,WAITA,MWAMBUI
MWINGI,MWINGI WEST,MUMBUNI,KATALWA
MWINGI,MWINGI WEST,MUMBUNI,KISOVO
MWINGI,MWINGI WEST,NZELUNI,NZELUNI
MWINGI,MWINGI WEST,NGUUTANI,NZALAE
MWINGI,MWINGI WEST,THITANI,KASANGA
MWINGI,MWINGI WEST,THITANI,KANYAA
MWINGI,MWINGI EAST,ENDUI,KATHOKA
MWINGI,MWINGI WEST,KYOME,KYOME
MWINGI,MWINGI EAST,UKASI,MWALALI
MWINGI,MWINGI WEST,MUMBUNI,KWANUNGU
MWINGI,MWINGI WEST,MIGWANI,KYAMBOO
MWINGI,MWINGI EAST,WINGEMI,KYANGATI
MWINGI,MWINGI WEST,MWINGI,KAVUVWANI
MWINGI,MWINGI WEST,KIOMO,MBONDONI
MWINGI,MWINGI WEST,MWINGI,MWINGI
MWINGI,MWINGI WEST,KYOME,THOKOA
MWINGI,MWINGI WEST,THAANA NZAU,WINZYEEI
MWINGI,MWINGI WEST,THITANI,KAVAINI
MWINGI,MWINGI WEST,KYOME,MUSUANI
MWINGI,MWINGI WEST,MIGWANI,MIGWANI
MWINGI,MWINGI EAST,NUU,NGAANI
MWINGI,MWINGI WEST,NGUUTANI,KAVOLOI
MWINGI,MWINGI EAST,MUI,NGUNGI
MWINGI,MWINGI WEST,KYETHANI,WIKITHUKI
MWINGI,MWINGI EAST,WINGEMI,MALAWA
MWINGI,MWINGI EAST,MBUVU,MBUVU
MWINGI,MWINGI EAST,KALITINI,KITISE
MWINGI,MWINGI EAST,NUU,MWAMBIU
MWINGI,MWINGI WEST,KANZANZU,KANZANZU
MWINGI,MWINGI WEST,NGUUTANI,NZAWA
MWINGI,MWINGI WEST,NZELUNI,NZATANI
MWINGI,MWINGI EAST,NGUNI,MWASUMA
MWINGI,MWINGI WEST,THAANA NZAU,THAANA -NZAU
MWINGI,MWINGI EAST,MWINGI,KYANIKA
MWINGI,MWINGI EAST,MWINGI,ITHUMBI
MWINGI,MWINGI EAST,MUTYANGOMBE,MWANGENI
MWINGI,MWINGI WEST,NGUUTANI,NGONGONI
MWINGI,MWINGI WEST,NZAUNI,KIKIINI
MWINGI,MWINGI EAST,ENDUI,NYANYAA
MWINGI,MWINGI WEST,MIGWANI,KALULINI
MWINGI,MWINGI WEST,THAANA NZAU,YENZUVA
MWINGI,MWINGI EAST,MUTYANGOMBE,NGIENI
MWINGI,MWINGI EAST,WAITA,IKUUSYA
MWINGI,MWINGI WEST,NZELUNI,ILALAMBYU
MWINGI,MWINGI EAST,UKASI,UKASI
MWINGI,MWINGI EAST,WAITA,WAITA
MWINGI,MWINGI EAST,ENDUI,KATITIKA
MWINGI,MWINGI EAST,NUU,NYAANI
MWINGI,MWINGI WEST,KANZANZU,KALISASI
MWINGI,MWINGI EAST,UKASI,KAMUTIU
MWINGI,MWINGI EAST,KALITINI,YUMBU
MWINGI,MWINGI WEST,NGUUTANI,KAKULULO
MWINGI,MWINGI WEST,KYETHANI,KYETHANI
MWINGI,MWINGI EAST,KALITINI,ITIKO
MWINGI,MWINGI EAST,WAITA,THONOA
MWINGI,MWINGI EAST,MUI,NGILUNI
MWINGI,MWINGI EAST,NGUNI,MATHYAKANI
MWINGI,MWINGI WEST,NZAUNI,MUIVU
MWINGI,MWINGI WEST,THITANI,KITULANI
MWINGI,MWINGI EAST,MBUVU,KALANGA
MWINGI,MWINGI EAST,NGUNI,KYAVUKA
MWINGI,MWINGI WEST,NZAUNI,NZAUNI
MWINGI,MWINGI EAST,MWINGI,ENZIU
MWINGI,MWINGI WEST,KYOME,KASEVI
MWINGI,MWINGI WEST,KANZANZU,MAITHYAKANI
MWINGI,MWINGI EAST,MWINGI,KANZUI
NAIROBI EAST,EMBAKASI NORTH,KARIOBANGI,KARIOBANGI NORTH
NAIROBI EAST,STAREHE,KARIOKOR,PANGANI
NAIROBI EAST,STAREHE,NGARA,NGARA EAST
NAIROBI EAST,EMBAKASI NORTH,DANDORA,DANDORA 'A'
NAIROBI EAST,EMBAKASI WEST,UMOJA,UMOJA
NAIROBI EAST,EMBAKASI WEST,KARIOBANGI SOUTH,KARIOBANGI SOUTH
NAIROBI EAST,EMBAKASI CENTRAL,KAYOLE,KOMAROCK
NAIROBI EAST,EMBAKASI SOUTH,MUKURU KWA NJENGA,IMARA DAIMA
NAIROBI EAST,EMBAKASI CENTRAL,KAYOLE,KAYOLE
NAIROBI EAST,STAREHE,STAREHE,CITY CENTRE
NAIROBI EAST,MAKADARA,MAKADARA,HAMZA
NAIROBI EAST,MAKADARA,MAKADARA,HARAMBEE
NAIROBI EAST,MAKADARA,BAHATI,KIMATHI
NAIROBI EAST,MAKADARA,MAKADARA,LUMUMBA
NAIROBI EAST,KASARANI,NJIRU,NJIRU
NAIROBI EAST,EMBAKASI NORTH,DANDORA,DANDORA 'B'
NAIROBI EAST,EMBAKASI EAST,EMBAKASI,MIHANG'O
NAIROBI EAST,STAREHE,KARIOKOR,ZIWANI/KARIOKOR
NAIROBI EAST,EMBAKASI EAST,UMOJA,SAVANNA
NAIROBI EAST,EMBAKASI WEST,BAHATI,UHURU
NAIROBI EAST,EMBAKASI EAST,EMBAKASI,EMBAKASI
NAIROBI EAST,KASARANI,KASARANI,KASARANI
NAIROBI EAST,MAKADARA,MARINGO,OFAFA MARINGO
NAIROBI EAST,KASARANI,RUAI,RUAI
NAIROBI EAST,MAKADARA,MARINGO,MBOTELA
NAIROBI EAST,KASARANI,KASARANI,MWIKI
NAIROBI EAST,MAKADARA,MAKONGENI,KALOLENI
NAIROBI EAST,STAREHE,MUKURU NYAYO,NAIROBI SOUTH
NAIROBI EAST,KASARANI,NJIRU,SAIKA
NAIROBI EAST,EMBAKASI WEST,KARIOBANGI SOUTH,MOWLEM
NAIROBI EAST,MAKADARA,VIWANDANI,VIWANDANI
NAIROBI EAST,MAKADARA,MAKONGENI,MAKONGENI
NAIROBI EAST,STAREHE,VIWANDANI,LAND MAWE
NAIROBI EAST,STAREHE,STAREHE,CITY SQUARE
NAIROBI EAST,STAREHE,KAMUKUNJI,MUTHURWA
NAIROBI EAST,KASARANI,RUAI,NGUNDU
NAIROBI EAST,STAREHE,NGARA,NGARA WEST
NAIROBI NORTH,KAMUKUNJI,PUMWANI,MAJENGO
NAIROBI NORTH,RUARAKA,KOROGOCHO,GITATHURU
NAIROBI NORTH,KAMUKUNJI,EASTLEIGH NORTH,AIR BASE
NAIROBI NORTH,KAMUKUNJI,EASTLEIGH SOUTH,EASTLEIGH SOUTH
NAIROBI NORTH,ROYSAMBU,GITHURAI,ZIMMERMAN
NAIROBI NORTH,KAMUKUNJI,PUMWANI,BONDENI/GOROFANI
NAIROBI NORTH,ROYSAMBU,GITHURAI,GITHURAI
NAIROBI NORTH,ROYSAMBU,ROYSAMBU,ROYSAMBU
NAIROBI NORTH,RUARAKA,KOROGOCHO,KOROGOCHO
NAIROBI NORTH,KAMUKUNJI,EASTLEIGH SOUTH,CALIFORNIA
NAIROBI NORTH,MATHARE,HURUMA,HURUMA
NAIROBI NORTH,ROYSAMBU,ROYSAMBU,NJATHAINI
NAIROBI NORTH,ROYSAMBU,ROYSAMBU,GARDEN
NAIROBI NORTH,KASARANI,KASARANI,KASARANI
NAIROBI NORTH,KASARANI,KASARANI,MWIKI
NAIROBI NORTH,ROYSAMBU,KAHAWA,KONGO SOWETO
NAIROBI NORTH,KAMUKUNJI,KAMUKUNJI,KAMUKUNJI
NAIROBI NORTH,KASARANI,RUAI,RUAI
NAIROBI NORTH,MATHARE,MATHARE,MLANGO KUBWA
NAIROBI NORTH,KAMUKUNJI,EASTLEIGH NORTH,EASTLEIGH NORTH
NAIROBI NORTH,RUARAKA,RUARAKA,MATHARE 4A
NAIROBI NORTH,ROYSAMBU,KAHAWA,KAHAWA WEST
NAIROBI NORTH,MATHARE,MATHARE,MATHARE
NAIROBI NORTH,RUARAKA,RUARAKA,MATHARE NORTH
NAIROBI NORTH,MATHARE,HURUMA,KIAMAIKO
NAIROBI NORTH,MATHARE,MATHARE,MABATINI
NAIROBI NORTH,STAREHE,NGARA,NGARA EAST
NAIROBI NORTH,RUARAKA,RUARAKA,RUARAKA
NAIROBI NORTH,RUARAKA,KOROGOCHO,NYAYO
NAIROBI NORTH,STAREHE,MUKURU NYAYO,NAIROBI SOUTH
NAIROBI NORTH,ROYSAMBU,KAHAWA,KIWANJA
NAIROBI NORTH,KAMUKUNJI,KAMUKUNJI,SHAURI MOYO
NAIROBI NORTH,KASARANI,NJIRU,NJIRU
NAIROBI NORTH,RUARAKA,RUARAKA,UTALII
NAIROBI NORTH,STAREHE,KARIOKOR,ZIWANI/KARIOKOR
NAIROBI NORTH,STAREHE,NGARA,NGARA WEST
NAIROBI NORTH,KASARANI,NJIRU,SAIKA
NAIROBI NORTH,STAREHE,STAREHE,CITY CENTRE
NAIROBI WEST,KIBRA,KIBERA,MAKINA
NAIROBI WEST,KIBRA,KIBERA,LINDI
NAIROBI WEST,LANGATA,NAIROBI WEST,SOUTH 'C'
NAIROBI WEST,DAGORETI NORTH/KILIMANI,KAWANGWARE,KAWANGWARE
NAIROBI WEST,LANGATA,LANGA'TA,LANGA'TA
NAIROBI WEST,LANGATA,KAREN,KAREN
NAIROBI WEST,DAGORETI NORTH/KILIMANI,KAWANGWARE,GATINA
NAIROBI WEST,DAGORETTI SOUTH,RIRUTA,RIRUTA SATELLITE
NAIROBI WEST,DAGORETI NORTH/KILIMANI,KILIMANI,KILIMANI
NAIROBI WEST,DAGORETI NORTH/KILIMANI,KILELESHWA,KILELESHWA
NAIROBI WEST,KIBRA,KENYATTA (GOLF COURSE),KENYATTA GOLF COURSE
NAIROBI WEST,LANGATA,MUGUMOINI,MUGUMOINI
NAIROBI WEST,KIBRA,LAINI SABA,LAINI SABA
NAIROBI WEST,DAGORETTI SOUTH,UTHIRU-RUTHIMITU,RUTHIMITU
NAIROBI WEST,DAGORETTI SOUTH,UTHIRU-RUTHIMITU,UTHIRU
NAIROBI WEST,KIBRA,KENYATTA (GOLF COURSE),WOODLEY
NAIROBI WEST,DAGORETTI SOUTH,WAITHAKA,WAITHAKA
NAIROBI WEST,DAGORETTI SOUTH,MUTUINI,KIRIGU
NAIROBI WEST,KIBRA,SERANGOMBE,OLYMPIC
NAIROBI WEST,DAGORETTI SOUTH,RIRUTA,NGANDO
NAIROBI WEST,LANGATA,NAIROBI WEST,NAIROBI WEST
NAIROBI WEST,KIBRA,KIBERA,KIBERA
NAIROBI WEST,DAGORETTI SOUTH,WAITHAKA,KABIRIA
NAIROBI WEST,LANGATA,LAINI SABA,SOWETO/HIGHRISE
NAIROBI WEST,KIBRA,SERANGOMBE,GATWIKIRA
NAIROBI WEST,DAGORETTI SOUTH,MUTUINI,MUTUINI
NAIROBI WEST,LANGATA,LANGA'TA,HARDY
NAIROBI WEST,LANGATA,MUGUMOINI,BOMAS
NAIROBI WEST,DAGORETI NORTH/KILIMANI,KILELESHWA,MUTHANGARI
NAIVASHA,NAIVASHA,MAAI MAHIU,KIJABE
NAIVASHA,NAIVASHA,LONGONOT,LONGONOT
NAIVASHA,NAIVASHA,MAIELLA,MAIELLA
NAIVASHA,GILGIL,KIAMBOGO,KONGASIS
NAIVASHA,GILGIL,KARUNGA,KARUNGA
NAIVASHA,GILGIL,GILGIL,MBARUK
NAIVASHA,NAIVASHA,LAKE VIEW,LAKE VIEW
NAIVASHA,GILGIL,GILGIL,EBURU
NAIVASHA,NAIVASHA,NAIVASHA EAST,MUNUNGA
NAIVASHA,NAIVASHA,LONGONOT,MUNYU
NAIVASHA,NAIVASHA,NAIVASHA EAST,MARAIGUSHU
NAIVASHA,NAIVASHA,MOI NDABI,MOI NDABI
NAIVASHA,GILGIL,KIAMBOGO,KIAMBOGO
NAIVASHA,NAIVASHA,HELLS GATE,MIRERA
NAIVASHA,GILGIL,MITI MINGI,ELEMENTAITA
NAIVASHA,GILGIL,GILGIL,GILGIL
NAIVASHA,NAIVASHA,NAIVASHA TOWN,SOKONI
NAIVASHA,NAIVASHA,NAIVASHA EAST,KINAMBA
NAIVASHA,GILGIL,KARATI,GATAMAIYU
NAIVASHA,GILGIL,KARATI,KARATI
NAIVASHA,NAIVASHA,MAIELLA,KONGONI
NAIVASHA,NAIVASHA,NDABIBI,NDABIBI
NAIVASHA,GILGIL,MALEWA,TARAMBETE
NAIVASHA,NAIVASHA,MOI NDABI,KIPKONYO
NAIVASHA,NAIVASHA,MAAI MAHIU,SATELLITE
NAIVASHA,NAIVASHA,HELLS GATE,OLKARIA
NAKURU,NAKURU TOWN EAST,BONDENI,BAHARINI
NAKURU,RONGAI,SUMMEK,MIMWAITA
NAKURU,RONGAI,BOROR,CHEPSEON
NAKURU,NAKURU TOWN WEST,VIWANDANI,VIWANDANI
NAKURU,RONGAI,BANITA,KOKWOMOI
NAKURU,RONGAI,VISOI,KAPKWEN
NAKURU,RONGAI,MAKONGENI,ATHINAI
NAKURU,RONGAI,KAMPI YA MOTO,KAMPI YA MOTO
NAKURU,NAKURU TOWN WEST,KAPTEMBWO,KAPTEMBWO
NAKURU,RONGAI,OGILGEI,OGILGEI
NAKURU,NAKURU TOWN EAST,BONDENI,LANGALANGA
NAKURU,NAKURU TOWN EAST,LANET,MUGUGA
NAKURU,NAKURU TOWN EAST,FREE-AREA,FREE-AREA
NAKURU,RONGAI,LENGINET,LENGINET
NAKURU,RONGAI,KAMPI YA MOTO,KAPSETEK
NAKURU,RONGAI,SUMMEK,SUMMEK
NAKURU,NAKURU TOWN EAST,LANET,MWARIKI 'B'
NAKURU,NAKURU TOWN WEST,VIWANDANI,LONDON
NAKURU,RONGAI,VISOI,KANDUTURA
NAKURU,RONGAI,OL-RONGAI,MENENGAI
NAKURU,RONGAI,RONGAI,UMOJA
NAKURU,RONGAI,BOROR,MATUIKU
NAKURU,RONGAI,MENENGAI,MANGU
NAKURU,NAKURU TOWN WEST,KAPTEMBWO,MWARIKI 'A'
NAKURU,RONGAI,LENGINET,MORICHO
NAKURU,RONGAI,NGATA,NGATA
NAKURU,NJORO,NJORO,NJORO
NAKURU,NAKURU TOWN WEST,KAPKURES,MOGOON
NAKURU,NAKURU TOWN WEST,KAPTEMBWO,GITHIMA
NAKURU,RONGAI,BANITA,MAJANI MINGI
NAKURU,RONGAI,MAJI TAMU,CHEMASIS
NAKURU,RONGAI,LENGINET,BOITO
NAKURU,RONGAI,MAJI TAMU,MARANGISHU
NAKURU,NAKURU TOWN EAST,BONDENI,KIVUMBINI
NAKURU,NJORO,KIHINGO,KIHINGO
NAKURU,NAKURU TOWN EAST,BONDENI,AFRAHA
NAKURU,RONGAI,MENENGAI,KAMUNGEI
NAKURU,RONGAI,KIAMUNYI,MERCY NJERI
NAKURU,NAKURU TOWN EAST,FREE-AREA,MENENGAI
NAKURU,RONGAI,MAKUTANO,MAKUTANO
NAKURU,RONGAI,KIAMUNYI,OLIVE
NAKURU,RONGAI,RONGAI,GICHEHA
NAKURU,RONGAI,MAKONGENI,LOMOLO
NAKURU,RONGAI,SOLAI,ARUTAN
NAKURU,RONGAI,RUIYOBEI,LOWER SOLAI
NAKURU,SUBUKIA,SUBUKIA EAST,ARASHI
NAKURU,NAKURU TOWN WEST,BARUT,KELELWET
NAKURU,RONGAI,NGATA,KIROBON
NAKURU,RONGAI,WASEGES,NYAMAMITHI
NAKURU,RONGAI,RUIYOBEI,ARUSTO
NAKURU,NAKURU TOWN WEST,BARUT,BARUT
NAKURU,RONGAI,OGILGEI,MILIMANI
NAKURU,NAKURU TOWN WEST,KAPKURES,INGOBOR
NAKURU,SUBUKIA,WASEGES,LARI
NAKURU,NAKURU TOWN EAST,FREE-AREA,KIRATINA
NAKURU,NAKURU TOWN WEST,KAPKURES,LALWET
NAKURU,NAKURU TOWN WEST,BARUT,PARK VIEW
NAKURU,NAKURU TOWN EAST,LANET,KIAMUNYEKI
NAKURU,NAKURU TOWN EAST,LAKE NAKURU NATIONAL PARK,LAKE NAKURU NATIONAL PARK
NAKURU,RONGAI,MWITEITHIA,KOISAMO
NAKURU,RONGAI,MAKUTANO,MOROP
NAKURU,NJORO,PIAVE,SUBUKU
NAKURU,NJORO,LARE,NDULELE
NAKURU,SUBUKIA,OL-MANYATTA,SIMBOIYON
NAKURU,SUBUKIA,NDUNGIRI-KIRIM,NDUNGIRI
NAKURU,SUBUKIA,SUBUKIA EAST,SUBUKIA EAST
NAKURU,NJORO,PIAVE,MIGAA
NAKURU,NJORO,NJORO,MUKUNGUGU
NAKURU,NJORO,KAPKEMBU,CHEBITET
NAKURU,NAKURU TOWN WEST,BONDENI,MILIMANI
NAKURU,NJORO,KIHINGO,LUSIRU
NAKURU,SUBUKIA,KABAZI,MUNANDA
NAKURU,NJORO,TERET,TERET
NAKURU,NJORO,MAU NAROK,KIANJOYA
NAKURU,NJORO,BAGARIA,BAGARIA
NAKURU NORTH,SUBUKIA,SUBUKIA EAST,TETU
NAKURU NORTH,BAHATI,BAHATI,MUTUKANIO
NAKURU NORTH,SUBUKIA,KABAZI,MUNANDA
NAKURU NORTH,SUBUKIA,SOLAI,RUIRU
NAKURU NORTH,BAHATI,LANET/UMOJA,MURUNYU
NAKURU NORTH,BAHATI,KABATINI,KABATINI
NAKURU NORTH,SUBUKIA,SUBUKIA CENTRAL,KIANOE
NAKURU NORTH,BAHATI,NDUNGIRI-KIRIM,WANYORORO
NAKURU NORTH,BAHATI,KABATINI,THAYU
NAKURU NORTH,BAHATI,BAHATI,BAHATI
NAKURU NORTH,SUBUKIA,SUBUKIA EAST,SUBUKIA EAST
NAKURU NORTH,BAHATI,KIAMAINA,RURII
NAKURU NORTH,SUBUKIA,NDUNGIRI-KIRIM,NDUNGIRI
NAKURU NORTH,SUBUKIA,KABAZI,KABAZI
NAKURU NORTH,BAHATI,KIAMAINA,WORKERS
NAKURU NORTH,BAHATI,DUNDORI,MUGWATHI
NAKURU NORTH,SUBUKIA,KABAZI,MAGOMANO
NAKURU NORTH,SUBUKIA,NDUNGIRI-KIRIM,KIRIMA
NAKURU NORTH,SUBUKIA,SUBUKIA CENTRAL,WEI
NAKURU NORTH,BAHATI,BAHATI,CHANIA
NAKURU NORTH,SUBUKIA,WASEGES,LARI
NAKURU NORTH,BAHATI,DUNDORI,DUNDORI
NAKURU NORTH,SUBUKIA,KABAZI,RUGONGO
NAKURU NORTH,SUBUKIA,SUBUKIA CENTRAL,MIHANGO
NAKURU NORTH,BAHATI,KIAMAINA,KIAMAINA
NAKURU NORTH,BAHATI,KABATINI,WENDO
NAKURU NORTH,BAHATI,DUNDORI,GITHIORO
NAKURU NORTH,BAHATI,LANET/UMOJA,MERERONI
NAKURU NORTH,SUBUKIA,OL-MANYATTA,SIMBOIYON
NAKURU NORTH,SUBUKIA,SUBUKIA EAST,ARASHI
NAKURU NORTH,SUBUKIA,OL-MANYATTA,WIUMIRIRIE
NAKURU NORTH,SUBUKIA,SOLAI,NYADUNDO
NAKURU NORTH,SUBUKIA,MWITEITHIA,GITUNDAGA
NANDI CENTRAL,CHESUMEI,CHEMONDU,BARATON
NANDI CENTRAL,CHESUMEI,MUTWOT,MUTWOT
NANDI CENTRAL,CHESUMEI,KIPTUIYA,KAPCHORWA
NANDI CENTRAL,EMGWEN,CHEPKUMIA,CHEPKUMIA
NANDI CENTRAL,EMGWEN,CHEPKUMIA,CHEBOITE
NANDI CENTRAL,EMGWEN,KAPSABET,TOWNSHIP
NANDI CENTRAL,EMGWEN,ARWOS,KAPTENDON
NANDI CENTRAL,EMGWEN,ARWOS,ARWOS
NANDI CENTRAL,EMGWEN,KAPKANGANI,CHEPSONOI
NANDI CENTRAL,CHESUMEI,KIPTUIYA,KIPTUIYA
NANDI CENTRAL,EMGWEN,KAPKANGANI,TINDINYO
NANDI CENTRAL,CHESUMEI,NGECHEK,NGECHEK
NANDI CENTRAL,EMGWEN,KAMOBO,KAMOBO
NANDI CENTRAL,CHESUMEI,KOSIRAI,NDAPTABWA
NANDI CENTRAL,CHESUMEI,CHEPTERIT,CHEPTERIT
NANDI CENTRAL,EMGWEN,KIPTURE,KIMAAN
NANDI CENTRAL,CHESUMEI,KAPSISIYWA,TALAI
NANDI CENTRAL,EMGWEN,LOLMINANGAI,NDUBENETI
NANDI CENTRAL,EMGWEN,KAPKANGANI,KIBORGOK
NANDI CENTRAL,CHESUMEI,KIPTUIYA,KAPTOBONGEN
NANDI CENTRAL,CHESUMEI,KAMOIYWO,SANIAK
NANDI CENTRAL,CHESUMEI,BIRBIRIET,NDONYONGARIA
NANDI CENTRAL,EMGWEN,KIPTURE,KIPTURE
NANDI CENTRAL,CHESUMEI,KAMOIYWO,KIMNGERU
NANDI CENTRAL,EMGWEN,KIMINDA,KIMINDA
NANDI CENTRAL,EMGWEN,ARWOS,TIRYO
NANDI CENTRAL,CHESUMEI,KAPSISIYWA,SIRONOI
NANDI CENTRAL,EMGWEN,KILIBWONI,KAPLONYO
NANDI CENTRAL,CHESUMEI,KOMBE,KOMBE
NANDI CENTRAL,CHESUMEI,CHEPTERIT,KAMONJIL
NANDI CENTRAL,CHESUMEI,LELMOKWO,KIPKONGORWA
NANDI CENTRAL,EMGWEN,KIPSIGAK,KIPSIGAK
NANDI CENTRAL,EMGWEN,KAPLAMAI,KAPLAMAI
NANDI CENTRAL,CHESUMEI,NGECHEK,MATEGET
NANDI CENTRAL,CHESUMEI,KOKWET,KOKWET
NANDI CENTRAL,EMGWEN,KILIBWONI,KAPNYEBERAI
NANDI CENTRAL,EMGWEN,KIPSIGAK,KAPKERUGE
NANDI CENTRAL,CHESUMEI,KOSIRAI,KOSIRAI
NANDI CENTRAL,EMGWEN,KAPLAMAI,KAPSUMBEIYWO
NANDI CENTRAL,EMGWEN,LOLMINANGAI,LOLMINANGAI
NANDI CENTRAL,EMGWEN,KABIRIRSANG,KABIRIRSANG
NANDI CENTRAL,EMGWEN,KILIBWONI,KILIBWONI
NANDI CENTRAL,CHESUMEI,KAPTILDIL,KAPTILDIL
NANDI CENTRAL,EMGWEN,KAPLAMAI,KAPTAGUNYO
NANDI CENTRAL,EMGWEN,LOLMINANGAI,KIPLOLOK
NANDI CENTRAL,CHESUMEI,KAPSISIYWA,CHEPKOBER
NANDI CENTRAL,CHESUMEI,NGECHEK,LELBOINET
NANDI CENTRAL,CHESUMEI,KOKWET,TEBESON
NANDI CENTRAL,CHESUMEI,BIRBIRIET,BIRIBIRIET
NANDI CENTRAL,CHESUMEI,CHEPTERIT,SEGUT
NANDI CENTRAL,CHESUMEI,ITIGO,AINAPMOI
NANDI CENTRAL,EMGWEN,KIMINDA,MESWO
NANDI CENTRAL,EMGWEN,TULON,KAPCHUMBA
NANDI CENTRAL,CHESUMEI,MUTWOT,CHEPTARIT
NANDI CENTRAL,EMGWEN,KABIRIRSANG,CHESUWE
NANDI CENTRAL,CHESUMEI,KAPTEL,KAPTEL
NANDI CENTRAL,CHESUMEI,ITIGO,ITIGO
NANDI CENTRAL,EMGWEN,KABIRIRSANG,UNDERIT
NANDI CENTRAL,CHESUMEI,KAMOIYWO,KAMOIYWO
NANDI CENTRAL,EMGWEN,KAPLAMAI,KAPCHEMOIYWO
NANDI CENTRAL,CHESUMEI,KOSIRAI,BELEKENYA
NANDI CENTRAL,EMGWEN,TULON,KAPCHEPSIR
NANDI CENTRAL,CHESUMEI,LELMOKWO,LELMOKWO
NANDI CENTRAL,CHESUMEI,KAPSABET,KAPNGETUNY
NANDI CENTRAL,EMGWEN,KIPTURE,IRIMIS
NANDI CENTRAL,EMGWEN,TERIGE,SONGOLIET
NANDI CENTRAL,CHESUMEI,ITIGO,KIBOSWA
NANDI CENTRAL,EMGWEN,TERIGE,TERIGE
NANDI CENTRAL,CHESUMEI,NGECHEK,KIPCHUNU
NANDI CENTRAL,EMGWEN,KIPSIGAK,KIPSOTOI
NANDI CENTRAL,EMGWEN,TULON,KIPTENDEN
NANDI CENTRAL,CHESUMEI,MUTWOT,MOSORIOT
NANDI CENTRAL,EMGWEN,TULON,TULON
NANDI CENTRAL,EMGWEN,TERIGE,EMDIN
NANDI CENTRAL,EMGWEN,LOLMINANGAI,KABORE
NANDI CENTRAL,CHESUMEI,KAMOBO,KAMURGUIYWO
NANDI EAST,NANDI HILLS,SOCHOI,SOCHOI
NANDI EAST,NANDI HILLS,OLLESSOS,KAPKORIO
NANDI EAST,NANDI HILLS,MOGOBICH,KIPKEIGEI
NANDI EAST,NANDI HILLS,CHEPTILILIK,CHEPTILILIK
NANDI EAST,NANDI HILLS,NANDI HILLS,KAPNGETUNY
NANDI EAST,NANDI HILLS,SIRET,CHEPTABACH
NANDI EAST,NANDI HILLS,OLLESSOS,MOGOON
NANDI EAST,NANDI HILLS,ANAIPNGETUNY,TOROTON
NANDI EAST,NANDI HILLS,LELWAK,LELWAK
NANDI EAST,NANDI HILLS,CHEPKUNYUK,CHEPKUNYUK
NANDI EAST,NANDI HILLS,CHEPKUNYUK,KAPCHURYAI
NANDI EAST,NANDI HILLS,KAPCHORUA,KAPCHORUA
NANDI EAST,NANDI HILLS,KAPCHORUA,KELBUI
NANDI EAST,NANDI HILLS,SIRET,SIRET
NANDI EAST,NANDI HILLS,TAITO,TAITO
NANDI EAST,NANDI HILLS,KIPSEBWO,KIPSEBWO
NANDI EAST,NANDI HILLS,CHEPTILILIK,KAPKOROS
NANDI EAST,NANDI HILLS,KAPCHORUA,SIRWA
NANDI EAST,NANDI HILLS,LELWAK,OLDOLDOL
NANDI EAST,NANDI HILLS,CHEPKUNYUK,KIPSERGECH
NANDI EAST,NANDI HILLS,SIWO,CHEBILAT
NANDI EAST,NANDI HILLS,TARTAR,KAPKORIO
NANDI EAST,NANDI HILLS,OLLESSOS,OLLESSOS
NANDI EAST,NANDI HILLS,CHEBARUS,CHEBARUS
NANDI EAST,NANDI HILLS,KOILOT,KOILOT
NANDI EAST,NANDI HILLS,KIBABET,KIPKOROR
NANDI EAST,NANDI HILLS,SIWO,SIWO
NANDI EAST,NANDI HILLS,KOILOT,KEBEN
NANDI EAST,NANDI HILLS,CHEMOMI,SOIYET
NANDI EAST,NANDI HILLS,SOCHOI,LOLDUGA
NANDI EAST,NANDI HILLS,TARTAR,TARTAR
NANDI EAST,NANDI HILLS,KAPLELMET,KETENG
NANDI EAST,NANDI HILLS,CHEPKUNYUK,NDUROTO
NANDI EAST,NANDI HILLS,TAITO,KIPCHAMO
NANDI EAST,NANDI HILLS,KIBABET,KIBABET
NANDI EAST,NANDI HILLS,KIPSEBWO,KALEL
NANDI EAST,NANDI HILLS,KOILOT,CHEPNGETUNY
NANDI EAST,NANDI HILLS,SIWO,CHOIMIM
NANDI EAST,NANDI HILLS,ANAIPNGETUNY,ANAIPNGETUNY
NANDI EAST,NANDI HILLS,LELWAK,TIGITYO
NANDI EAST,NANDI HILLS,KOILOT,CHEPTUINGENY
NANDI EAST,NANDI HILLS,KIBABET,KIBIOK
NANDI EAST,NANDI HILLS,NANDI HILLS,TURURO
NANDI EAST,NANDI HILLS,KAPKOROS,TERENO
NANDI EAST,NANDI HILLS,KAPLELMET,KAPLELMET
NANDI EAST,NANDI HILLS,TAITO,KAPKEMBUR
NANDI EAST,NANDI HILLS,NANDI HILLS,KIPSAMOO
NANDI EAST,NANDI HILLS,MOGOBICH,KIPKOIMET
NANDI EAST,NANDI HILLS,KAPLELMET,KETBARAK
NANDI EAST,NANDI HILLS,KAPLELMET,KIMOLONIK
NANDI EAST,NANDI HILLS,CHEMOMI,CHEMOMI
NANDI EAST,NANDI HILLS,CHEMOMI,KIRONDIO
NANDI EAST,NANDI HILLS,CHEPTILILIK,KAPTIEN
NANDI EAST,NANDI HILLS,CHEBARUS,CHEBOIN
NANDI EAST,NANDI HILLS,KOSOIYWO,KOSOIYWO
NANDI EAST,NANDI HILLS,KAPKOROS,KAPKOROS
NANDI EAST,NANDI HILLS,KOILOT,SIGIRAI
NANDI EAST,NANDI HILLS,MOGOBICH,MOGOBICH
NANDI EAST,NANDI HILLS,KAPKOROS,KAPSOKIO
NANDI EAST,NANDI HILLS,KIPSEBWO,KABOTE
NANDI EAST,NANDI HILLS,ANAIPNGETUNY,KISOGA
NANDI EAST,NANDI HILLS,KAPCHORUA,SERENGONIK
NANDI EAST,NANDI HILLS,KOSOIYWO,SAMOEI
NANDI EAST,NANDI HILLS,KAPCHORUA,KIPKOROM
NANDI EAST,NANDI HILLS,KOSOIYWO,SINENDET
NANDI NORTH,MOSOP,KIMNGOROR,KIMNGOROR
NANDI NORTH,MOSOP,SURUNGAI,SURUNGAI
NANDI NORTH,MOSOP,LOLKERINGET,CHEMNOET
NANDI NORTH,MOSOP,KIPKAREN SALIE,CHEPKEMEL
NANDI NORTH,MOSOP,KURGUNG,KURGUNG
NANDI NORTH,MOSOP,NDALAT,NDALAT
NANDI NORTH,MOSOP,SANGALO,KAMWEGA
NANDI NORTH,MOSOP,KIPKAREN SALIE,NGENYILEL
NANDI NORTH,MOSOP,KAPKOIMUR,KAPKOIMUR
NANDI NORTH,MOSOP,KIMNGOROR,KOIBAN
NANDI NORTH,MOSOP,KABISAGA,CHEPKOIYO
NANDI NORTH,MOSOP,KABISAGA,CHEPTIL
NANDI NORTH,MOSOP,KAMASAI,CHEPTILIL
NANDI NORTH,MOSOP,KABIYET,KABIYET TOWNSHIP
NANDI NORTH,MOSOP,KEBULONIK,KEBULONIK
NANDI NORTH,CHESUMEI,LELMOKWO,KIPKONGORWA
NANDI NORTH,MOSOP,KABISAGA,KABISAGA
NANDI NORTH,MOSOP,KAMASIA,KAMASIA
NANDI NORTH,MOSOP,KAPKOIMUR,KAPKENYELOI
NANDI NORTH,MOSOP,KAPTICH,KAPSABAOT
NANDI NORTH,CHESUMEI,KAPTEL,KAPTEL
NANDI NORTH,MOSOP,KABIEMIT,KABIEMIT
NANDI NORTH,MOSOP,KURGUNG,SARORA
NANDI NORTH,MOSOP,NDALAT,KAIGAT
NANDI NORTH,MOSOP,LOLKERINGET,KAIBOI
NANDI NORTH,MOSOP,NDALAT,LEMOOK
NANDI NORTH,MOSOP,SANGALO,SANGALO
NANDI NORTH,MOSOP,KIPKAREN SALIE,KIPKAREN
NANDI NORTH,MOSOP,KIPKAREN SALIE,LABORET
NANDI NORTH,MOSOP,KABIYET,CHEPTUIYET
NANDI NORTH,MOSOP,KABIEMIT,KAPKATET
NANDI NORTH,MOSOP,SIGOT,CHEPKATET
NANDI NORTH,MOSOP,KAMASIA,KAPKAGARON
NANDI NORTH,MOSOP,KABIEMIT,KAPLEMUR
NANDI NORTH,MOSOP,LOLKERINGET,LOLKERINGET
NANDI NORTH,MOSOP,KABIYET,NDULELE
NANDI NORTH,MOSOP,KEBULONIK,CHEPLELAIBEI
NANDI NORTH,MOSOP,CHEPTERWAI,CHEPTERWAI
NANDI NORTH,MOSOP,KAMASAI,SOIMINING
NANDI NORTH,MOSOP,KAMASAI,KAMASAI
NANDI NORTH,MOSOP,CHEPTERWAI,CHEPTONON
NANDI NORTH,MOSOP,SANGALO,KIPSAMOITE
NANDI NORTH,MOSOP,KIPKAREN SALIE,KAPSERTON
NANDI NORTH,MOSOP,KAPTICH,KAMUNGEI
NANDI NORTH,MOSOP,SIGOT,SIGOT
NANDI NORTH,CHESUMEI,ITIGO,AINAPMOI
NANDI NORTH,CHESUMEI,LELMOKWO,LELMOKWO
NANDI NORTH,MOSOP,KEBULONIK,RUBET
NANDI NORTH,MOSOP,KAPTICH,KAPTICH
NANDI NORTH,CHESUMEI,KAMOIYWO,KAMOIYWO
NANDI NORTH,MOSOP,LOLKERINGET,KOISOLIK
NANDI NORTH,MOSOP,CHEPTERWAI,TERESIA
NANDI NORTH,CHESUMEI,KIPTUIYA,KIPTUIYA
NANDI NORTH,CHESUMEI,KOSIRAI,NDAPTABWA
NANDI NORTH,MOSOP,SURUNGAI,NGOROIN
NANDI NORTH,CHESUMEI,ITIGO,KIBOSWA
NANDI NORTH,CHESUMEI,ITIGO,ITIGO
NANDI NORTH,CHESUMEI,KAMOIYWO,KIMNGERU
NANDI NORTH,CHESUMEI,KAMOIYWO,SANIAK
NANDI NORTH,CHESUMEI,KOSIRAI,KOSIRAI
NANDI NORTH,CHESUMEI,KIPTUIYA,KAPCHORWA
NANDI SOUTH,ALDAI,KAPTUMO,IBANJA
NANDI SOUTH,ALDAI,KAMELOI,KOIBARAK
NANDI SOUTH,ALDAI,MUGEN,KAMIMEI
NANDI SOUTH,ALDAI,KAMELOI,CHEBARA
NANDI SOUTH,ALDAI,MUGEN,MUGEN
NANDI SOUTH,ALDAI,CHEBILAT,KAPSAGAWAT
NANDI SOUTH,ALDAI,KAPKURES,KESENGEI
NANDI SOUTH,ALDAI,KAPKERER,KAPKERER
NANDI SOUTH,ALDAI,KAPSAOS,TORETMOI
NANDI SOUTH,ALDAI,BONJOGE,KERERI
NANDI SOUTH,ALDAI,KIBWARENG,KIBWARENG
NANDI SOUTH,ALDAI,MUGEN,CHEBUGUNDI
NANDI SOUTH,ALDAI,TEREK,KAPSENGERE
NANDI SOUTH,ALDAI,KABOI,KABOI
NANDI SOUTH,ALDAI,MARABA,KAPTUMEK
NANDI SOUTH,ALDAI,KAPTUMO,CHEPKONG'ONY
NANDI SOUTH,ALDAI,NDURIO,NDURIO
NANDI SOUTH,ALDAI,CHEBILAT,KIPTARUSWO
NANDI SOUTH,ALDAI,KOYO,KOYO
NANDI SOUTH,ALDAI,CHEBILAT,CHEBILAT
NANDI SOUTH,ALDAI,KAPTUMO,MOSOMBOR
NANDI SOUTH,ALDAI,BONJOGE,CHEPKUNY
NANDI SOUTH,ALDAI,MARABA,KONGORO
NANDI SOUTH,ALDAI,MUGEN,TIBINGOT
NANDI SOUTH,ALDAI,KAPKURES,KAPSAMOCH
NANDI SOUTH,ALDAI,BONJOGE,KENYOR
NANDI SOUTH,ALDAI,KABOI,MUNGUNDOI
NANDI SOUTH,ALDAI,NDURIO,SARMA
NANDI SOUTH,ALDAI,MARABA,TIRIKWO
NANDI SOUTH,ALDAI,MARABA,CHEPSIRIA
NANDI SOUTH,ALDAI,BONJOGE,KAPKEBEN
NANDI SOUTH,ALDAI,KAPKOLEI,KIMOLWO
NANDI SOUTH,ALDAI,KABOI,KAPSOO
NANDI SOUTH,ALDAI,KAPTUMO,KEBURO
NANDI SOUTH,ALDAI,KAPKURES,CHEPKURKUNG
NANDI SOUTH,ALDAI,NDURIO,KESOGON
NANDI SOUTH,ALDAI,KAPSAOS,KABUSON
NANDI SOUTH,ALDAI,KIBWARENG,SAMITUI
NANDI SOUTH,ALDAI,MUGEN,KAPKEMICH
NANDI SOUTH,ALDAI,MARABA,MOGOIYWO
NANDI SOUTH,ALDAI,KAPSAOS,KAPSAOS
NANDI SOUTH,ALDAI,CHEBILAT,CHEPKETEMON
NANDI SOUTH,ALDAI,KAPKOLEI,URUOGOI
NANDI SOUTH,ALDAI,KABOI,KAMARICH
NANDI SOUTH,ALDAI,KOYO,KAPSOIYO
NANDI SOUTH,ALDAI,KIBWARENG,BOI
NANDI SOUTH,ALDAI,KAPKOLEI,KAPKOLEI
NANDI SOUTH,ALDAI,KAPSAOS,KABOROGIN
NAROK NORTH,NAROK NORTH,ENABELBEL,KISIRIRI
NAROK NORTH,NAROK NORTH,SIYIAPEI,SIYIAPEI
NAROK NORTH,NAROK NORTH,LOWER MELILI,NAISOYA
NAROK NORTH,NAROK NORTH,OLOKURTO,OLOKURTO
NAROK NORTH,NAROK EAST,KEEKONYOKIE,KEEKONYOKIE
NAROK NORTH,NAROK NORTH,NKARETA,OLELESHWA
NAROK NORTH,NAROK EAST,NTULELE,NTULELE
NAROK NORTH,NAROK EAST,SUSWA,SUSWA
NAROK NORTH,NAROK NORTH,LOWER MELILI,NAROK TOWN
NAROK NORTH,NAROK NORTH,NAITUYUPAKI,NAITUYUPAKI
NAROK NORTH,NAROK NORTH,OLORROPIL,OLORROPIL
NAROK NORTH,NAROK NORTH,ENABELBEL,ENENG'ETIA
NAROK NORTH,NAROK NORTH,SIYIAPEI,SONKORO
NAROK NORTH,NAROK NORTH,UPPER MELILI,SAKUTIEK
NAROK NORTH,NAROK EAST,OLOLPIRONITO,OLOOMBOKISH
NAROK NORTH,NAROK EAST,SUSWA,OLESHARO
NAROK NORTH,NAROK NORTH,NKARETA,NKARETA
NAROK NORTH,NAROK EAST,OLOLPIRONITO,ENOOSEYIA
NAROK NORTH,NAROK EAST,ENOOSUPUKIA,ENOOSUPUKIA
NAROK NORTH,NAROK EAST,ILDAMAT,ILDAMAT
NAROK NORTH,NAROK NORTH,LOWER MELILI,OLOPITO
NAROK NORTH,NAROK NORTH,MAU NAROK,SIAPEI
NAROK NORTH,NAROK NORTH,OLOLONGOI,OLOLONGOI
NAROK NORTH,NAROK EAST,ONGATA NAADO,ONGATA NAADO
NAROK NORTH,NAROK NORTH,EMPATIPAT,EMPATIPAT
NAROK NORTH,NAROK NORTH,OLCHORRO,OLCHORRO
NAROK NORTH,NAROK EAST,MOSIRO,MOSIRO
NAROK NORTH,NAROK NORTH,OLPOSIMORU,OLPOSIMORU
NAROK NORTH,NAROK NORTH,ENTIYANI,ILMOLELIAN
NAROK NORTH,NAROK NORTH,ENTIYANI,ILKEREMISHO
NAROK NORTH,NAROK NORTH,OLCHORRO,PARKARARA
NAROK NORTH,NAROK EAST,MOSIRO,OLOLTUROT
NAROK NORTH,NAROK NORTH,ENTIYANI,ILTWATI
NAROK NORTH,NAROK NORTH,ENTONTOL,OLKINYEI
NAROK NORTH,NAROK NORTH,ENTIYANI,ENTIYANI
NAROK NORTH,NAROK EAST,MOSIRO,ENKOIREROI
NAROK NORTH,NAROK EAST,ONGATA NAADO,NTURUMETI
NAROK NORTH,NAROK NORTH,TOPOTI,TOPOTI
NAROK NORTH,NAROK NORTH,ENTONTOL,ILEKAIKI
NAROK NORTH,NAROK EAST,OLETUKAT,ENARAMATISHOREKI
NAROK NORTH,NAROK EAST,OLETUKAT,ENKORIKA
NAROK NORTH,NAROK EAST,SUSWA,OLOIKARERE
NAROK NORTH,NAROK EAST,MOSIRO,KILONKISA
NAROK NORTH,NAROK NORTH,UPPER MELILI,ENAIBOR AJIJIK
NAROK NORTH,NAROK EAST,ENTONTOL,ILAISER
NAROK NORTH,NAROK NORTH,OLOKURTO,NKOKOLANI
NAROK NORTH,NAROK NORTH,OLPOSIMORU,KAMURAR
NAROK NORTH,NAROK EAST,ONGATA NAADO,SOSIAN
NAROK NORTH,NAROK NORTH,OLPOSIMORU,OLMARIKO
NAROK SOUTH,NAROK SOUTH,NAROOSURA,NAROOSURA
NAROK SOUTH,NAROK SOUTH,MELELO,OLOSHAPANI
NAROK SOUTH,NAROK SOUTH,SOGOO,SOGOO
NAROK SOUTH,NAROK SOUTH,SAGAMIAN,TENDWET
NAROK SOUTH,NAROK SOUTH,SAGAMIAN,SAGAMIAN
NAROK SOUTH,NAROK WEST,MULOT,KUTO
NAROK SOUTH,NAROK SOUTH,OLOLULUNG'A,OLOLULUNG'A
NAROK SOUTH,NAROK WEST,ENELERAI,RONGENA
NAROK SOUTH,NAROK WEST,ILMOTIOK,ILMOTIOK
NAROK SOUTH,NAROK WEST,MULOT,MULOT
NAROK SOUTH,NAROK WEST,ENELERAI,ENELERAI
NAROK SOUTH,NAROK WEST,SIANA,NKOILALE
NAROK SOUTH,NAROK WEST,OLKINYEI,ENDOINYO NARASHA
NAROK SOUTH,NAROK WEST,KOIYAKI,KOIYAKI
NAROK SOUTH,NAROK SOUTH,SOGOO,ENKARONI
NAROK SOUTH,NAROK WEST,AITONG,MARARIANDA
NAROK SOUTH,NAROK SOUTH,MELELO,MELELO
NAROK SOUTH,NAROK WEST,OLDERKESI,ESOIT
NAROK SOUTH,NAROK WEST,MULOT,NKIITO
NAROK SOUTH,NAROK SOUTH,NAROOSURA,OLOIROWUA
NAROK SOUTH,NAROK WEST,MULOT,OLCHORRO OIROUA
NAROK SOUTH,NAROK WEST,NKORIKORRI,NKORIKORRI
NAROK SOUTH,NAROK SOUTH,ENTASEKERA,ENTASEKERA
NAROK SOUTH,NAROK WEST,AITONG,AITONG
NAROK SOUTH,NAROK WEST,LEMEK,LEMEK
NAROK SOUTH,NAROK SOUTH,OLMESUTIE,OLMESUTIE
NAROK SOUTH,NAROK SOUTH,OLKIRIANE,OLKIRIANE
NAROK SOUTH,NAROK SOUTH,ELDONYO NG'IRO,ERETETI
NAROK SOUTH,NAROK SOUTH,MAJI-MOTO,MAJI-MOTO
NAROK SOUTH,NAROK WEST,SIANA,SIANA
NAROK SOUTH,NAROK SOUTH,ELDONYO NG'IRO,ENDOINYO NG'IRO
NAROK SOUTH,NAROK SOUTH,MORIJO LOITA,MORIJO LOITA
NAROK SOUTH,NAROK WEST,NAIKARRA,LESHUTA
NAROK SOUTH,NAROK SOUTH,NTUKA,NTUKA
NAROK SOUTH,NAROK WEST,OLKINYEI,OLKINYEI
NAROK SOUTH,NAROK WEST,NAIKARRA,NAIKARRA
NAROK SOUTH,NAROK WEST,KOIYAKI,SEKENANI
NAROK SOUTH,NAROK SOUTH,MAJI-MOTO,ENKIU
NAROK SOUTH,NAROK SOUTH,OLORTE,MAUSA
NAROK SOUTH,NAROK SOUTH,OLORTE,OLORTE
NAROK SOUTH,NAROK SOUTH,NAROOSURA,ENTUROTO
NAROK SOUTH,NAROK WEST,OLDERKESI,OLDERKESI
NAROK SOUTH,NAROK SOUTH,ELDONYO NG'IRO,NKOBEN
NAROK SOUTH,NAROK SOUTH,OLMESUTIE,ILMARTIN
NAROK SOUTH,NAROK WEST,SIANA,MEGWARA
NAROK SOUTH,NAROK SOUTH,ELANGATA ENTERIT,ENKUTOTO
NAROK SOUTH,NAROK WEST,NAIKARRA,OSARARA
NAROK SOUTH,NAROK SOUTH,ILKERIN,ILMARAI
NAROK SOUTH,NAROK SOUTH,MORIJO LOITA,OLNGARUA
NAROK SOUTH,NAROK SOUTH,NTUKA,NKIMPA
NAROK SOUTH,NAROK SOUTH,OLENKULUO,OLENKULUO
NAROK SOUTH,NAROK SOUTH,OLENKULUO,OL DOINYO ORASHA
NAROK SOUTH,NAROK SOUTH,ELANGATA ENTERIT,ELANGATA ENTERIT
NAROK SOUTH,NAROK SOUTH,ILKERIN,NKOPON
NAROK SOUTH,NAROK WEST,SAGAMIAN,MOGOIWET
NYAMIRA,WEST MUGIRANGO,BONYAMATUTA CHACHE,TOWNSHIP
NYAMIRA,WEST MUGIRANGO,KEERA,CHARACHANI
NYAMIRA,WEST MUGIRANGO,BONYAMATUTA CHACHE,SIAMANI
NYAMIRA,BORABU,KIABONYORU,OMONONO
NYAMIRA,WEST MUGIRANGO,BONYAMATUTA MASABA,NYABISIMBA
NYAMIRA,WEST MUGIRANGO,BOSAMARO CHACHE,BIGEGE
NYAMIRA,WEST MUGIRANGO,WEST MUGIRANGO,BOKIAMBORI
NYAMIRA,NORTH MUGIRANGO,ITIBO,BOISANGA  II
NYAMIRA,WEST MUGIRANGO,BOGICHORA,IBUCHA
NYAMIRA,WEST MUGIRANGO,BOGICHORA,MONGORISI
NYAMIRA,WEST MUGIRANGO,BONYAMATUTA MASABA,KEBIRIGO
NYAMIRA,WEST MUGIRANGO,KEERA,TIMI
NYAMIRA,NORTH MUGIRANGO,BOMWAGAMO,NYAGWEKOA
NYAMIRA,WEST MUGIRANGO,BOSAMARO MASABA,KEGOGI
NYAMIRA,WEST MUGIRANGO,WEST MUGIRANGO,BONYAIGUBA
NYAMIRA,NORTH MUGIRANGO,BOKEIRA,MATONGO
NYAMIRA,NORTH MUGIRANGO,ITIBO,BOKURATI  II
NYAMIRA,WEST MUGIRANGO,BOSAMARO MASABA,ENCHORO
NYAMIRA,WEST MUGIRANGO,WEST MUGIRANGO,BOMABACHO
NYAMIRA,NORTH MUGIRANGO,OBWARI,BOKURATI  I
NYAMIRA,BORABU,KIABONYORU,NYARAMBA
NYAMIRA,WEST MUGIRANGO,WEST MUGIRANGO,BOMANYANYA
NYAMIRA,NORTH MUGIRANGO,BORANGI,MAGWAGWA
NYAMIRA,NORTH MUGIRANGO,OBWARI,BOISANGA  I
NYAMIRA,WEST MUGIRANGO,KEERA,NYAMERU
NYAMIRA,WEST MUGIRANGO,BOSAMARO CHACHE,IKOBE
NYAMIRA,BORABU,KIABONYORU,NYANGOGE
NYAMIRA,NORTH MUGIRANGO,BORANGI,BONYENGWE  II
NYAMIRA,NORTH MUGIRANGO,BORANGI,BONYENGWE  I
NYAMIRA,WEST MUGIRANGO,BOGICHORA,BUNDO
NYAMIRA,NORTH MUGIRANGO,BOKEIRA,NYAKENIMO
NYAMIRA,NORTH MUGIRANGO,BOMWAGAMO,MAGERI
NYAMIRA,NORTH MUGIRANGO,ITIBO,BONYAKONI
NYAMIRA,BORABU,KIABONYORU,MOKOMONI
NYAMIRA,NORTH MUGIRANGO,OBWARI,IKONGE
NYAMIRA,NORTH MUGIRANGO,BOMWAGAMO,NYAMBIRI
NYAMIRA,WEST MUGIRANGO,WEST MUGIRANGO,MIRUKA
NYAMIRA,NORTH MUGIRANGO,BOKEIRA,EGETONTO
NYANDARUA NORTH,OL JOROK,GATHANJI,NGANO
NYANDARUA NORTH,NDARAGWA,KAHUTHA,KIANJOGU
NYANDARUA NORTH,OL JOROK,WERU,WERU
NYANDARUA NORTH,NDARAGWA,KANYAGIA,KANYAGIA
NYANDARUA NORTH,NDARAGWA,KIRIITA,SHAURI
NYANDARUA NORTH,OL JOROK,GATHANJI,GATHANJI
NYANDARUA NORTH,NDARAGWA,MATHINGIRA,LESHAU
NYANDARUA NORTH,OL KALOU,TUMAINI,KANJUIRI
NYANDARUA NORTH,NDARAGWA,LESHAU,MBUYU
NYANDARUA NORTH,NDARAGWA,KIRIITA,MAIRO INYA
NYANDARUA NORTH,OL KALOU,TUMAINI,UPPER GILGIL
NYANDARUA NORTH,OL JOROK,GATHANJI,SILIBWET
NYANDARUA NORTH,NDARAGWA,LESHAU,KARAGOINI
NYANDARUA NORTH,OL KALOU,KAIMBAGA,KANDUTURA
NYANDARUA NORTH,OL JOROK,WERU,KIRIMANGAI
NYANDARUA NORTH,OL KALOU,RURII,PASSENGA
NYANDARUA NORTH,NDARAGWA,KANYAGIA,KIHARA
NYANDARUA NORTH,OL KALOU,RURII,RURII
NYANDARUA NORTH,OL KALOU,OLKALOU,MUNYEKI
NYANDARUA NORTH,OL JOROK,GATIMU,GATIMU
NYANDARUA NORTH,NDARAGWA,KANYAGIA,MURUAI
NYANDARUA NORTH,NDARAGWA,KAHUTHA,MURICHO
NYANDARUA NORTH,OL JOROK,OL-JORO-OROK,LESIRKO
NYANDARUA NORTH,OL KALOU,NDUNDORI,SABUGO
NYANDARUA NORTH,OL KALOU,NGORIKA,NGORIKA
NYANDARUA NORTH,OL JOROK,OL-JORO-OROK,ORAIMUTIA
NYANDARUA NORTH,OL KALOU,OLKALOU,MAWINGO
NYANDARUA NORTH,OL JOROK,WERU,GATUMBIRO
NYANDARUA NORTH,NDARAGWA,KAHUTHA,KARIOGO
NYANDARUA NORTH,OL JOROK,NDUNDORI,MATINDIRI
NYANDARUA NORTH,OL JOROK,GATIMU,GAKINGI
NYANDARUA NORTH,OL JOROK,OL-JORO-OROK,NYAIROKO
NYANDARUA NORTH,OL KALOU,NDUNDORI,MILANGINE
NYANDARUA NORTH,NDARAGWA,MATHINGIRA,NDIVAI
NYANDARUA NORTH,OL KALOU,KAIMBAGA,GICHUNGO
NYANDARUA NORTH,OL KALOU,RURII,MATURA
NYANDARUA NORTH,NDARAGWA,SHAMATA,PESI
NYANDARUA NORTH,OL JOROK,NDUNDORI,RUIRU
NYANDARUA NORTH,OL JOROK,GATIMU,KANGUO
NYANDARUA NORTH,NDARAGWA,SHAMATA,SHAMATA
NYANDARUA NORTH,NDARAGWA,SHAMATA,KIRIMA
NYANDARUA NORTH,NDARAGWA,SHAMATA,KARANDI
NYANDARUA NORTH,NDARAGWA,ABERDARE FOREST,ABERDARE FOREST
NYANDARUA NORTH,NDARAGWA,SHAMATA,SIMBARA
NYANDARUA NORTH,NDARAGWA,KAHUTHA,KARIKI
NYANDARUA SOUTH,KIPIPIRI,MALEWA,NDEMI
NYANDARUA SOUTH,KINANGOP,ENGINEER,KAHURU
NYANDARUA SOUTH,KINANGOP,NORTH KINANGOP,MUKUNGI
NYANDARUA SOUTH,KINANGOP,NORTH KINANGOP,MIKARO
NYANDARUA SOUTH,KINANGOP,NYAKIO,KARANGATHA
NYANDARUA SOUTH,KINANGOP,MAGUMU,KARATI
NYANDARUA SOUTH,KINANGOP,ENGINEER,GATHARA
NYANDARUA SOUTH,KIPIPIRI,LERESHWA,LERESHWA
NYANDARUA SOUTH,KIPIPIRI,KIPIPIRI,GITHIORO
NYANDARUA SOUTH,KIPIPIRI,GETA,MAKUMBI
NYANDARUA SOUTH,KINANGOP,MAGUMU,MATURA
NYANDARUA SOUTH,KINANGOP,NJAMBINI,MURUAKI
NYANDARUA SOUTH,KIPIPIRI,WANJOHI,GATONDO
NYANDARUA SOUTH,KIPIPIRI,WANJOHI,WANJOHI
NYANDARUA SOUTH,KIPIPIRI,KIPIPIRI,MIHARATI
NYANDARUA SOUTH,KINANGOP,NORTH KINANGOP,KINJA
NYANDARUA SOUTH,KINANGOP,MAGUMU,BAMBOO
NYANDARUA SOUTH,KINANGOP,NORTH KINANGOP,NAANDARASI
NYANDARUA SOUTH,KINANGOP,ENGINEER,MURUNGARU
NYANDARUA SOUTH,KINANGOP,NJAMBINI,NJAMBINI
NYANDARUA SOUTH,KIPIPIRI,GETA,KIAMBOGO
NYANDARUA SOUTH,KINANGOP,NYAKIO,GITHABAI
NYANDARUA SOUTH,KIPIPIRI,LERESHWA,KIRIKO
NYANDARUA SOUTH,KIPIPIRI,MALEWA,MALEWA
NYANDARUA SOUTH,KINANGOP,NJAMBINI,KIBURU
NYANDARUA SOUTH,KINANGOP,NYAKIO,RWANYAMBO
NYANDARUA SOUTH,KINANGOP,NORTH KINANGOP,KITIRI
NYANDARUA SOUTH,KIPIPIRI,WANJOHI,RIRONI
NYANDARUA SOUTH,KIPIPIRI,GETA,GETA
NYANDARUA SOUTH,KINANGOP,NYAKIO,MUKEU
NYANDARUA SOUTH,KINANGOP,MAGUMU,GITWE
NYANDARUA SOUTH,KINANGOP,NJAMBINI,TULAGA
NYANDARUA SOUTH,KIPIPIRI,GETA,MIKEU
NYANDARUA SOUTH,KINANGOP,NYAKIO,KOINANGE
NYANDO,NYANDO,KANYAGWAL,OGENYA
NYANDO,NYAKACH,SIGOTI,RAMOGI
NYANDO,NYANDO,KATHO,KOTIENO
NYANDO,NYAKACH,THURDIBUORO,ANDINGO OPANGA
NYANDO,NYANDO,KOCHIENG EAST,KOCHIENG
NYANDO,NYANDO,AWASI,BORDER I
NYANDO,NYANDO,KOMBURA,MASOGO
NYANDO,NYANDO,KATHO,KAMAYOGA
NYANDO,NYANDO,KOMBURA,LELA
NYANDO,NYAKACH,CENTRAL NYAKACH,OLWALO
NYANDO,NYAKACH,EAST NYAKACH,KANDARIA
NYANDO,NYAKACH,RANGUL,MIDDLE JIMO
NYANDO,NYAKACH,SOUTH NYAKACH,EAST KADIANG'A
NYANDO,NYANDO,KOCHIENG WEST,NYAMWARE SOUTH
NYANDO,NYANDO,KAKOLA,KAKOLA AHERO
NYANDO,NYAKACH,PAP ONDITI,MORO
NYANDO,MUHORONI,NORTH EAST KANO,WANG'AYA II
NYANDO,MUHORONI,NORTH EAST KANO,CENTRAL KABAR
NYANDO,NYAKACH,NYALUNYA,WEST KABODHO
NYANDO,NYAKACH,SIGOTI,EAST KOGUTA
NYANDO,MUHORONI,MUHORONI,OWAGA
NYANDO,NYAKACH,RANGUL,KASAE
NYANDO,MUHORONI,NORTH EAST KANO,KAMSWA NORTH
NYANDO,MUHORONI,NYANGOMA,SIDHO EAST II
NYANDO,NYANDO,KAWINO SOUTH,KADHIAMBO
NYANDO,NYANDO,WAWIDHI,AYWEYO
NYANDO,NYAKACH,OBOCH,KAJIMBO
NYANDO,NYAKACH,ASAO,LISANA
NYANDO,NYANDO,KOCHOGO,KOCHOGO NORTH
NYANDO,NYAKACH,OBOCH,GARI
NYANDO,NYANDO,AWASI,AYUCHA
NYANDO,MUHORONI,NYANGOMA,WANGA'YA I
NYANDO,MUHORONI,KORU,KORU
NYANDO,NYANDO,KOCHOGO,SOUTH KOCHOGO
NYANDO,NYAKACH,THURDIBUORO,WEST KOGUTA
NYANDO,NYANDO,BWANDA,CENTRAL BWANDA
NYANDO,NYAKACH,PAP ONDITI,KABODHO EAST
NYANDO,MUHORONI,CHEMELIL,WEST SONGHOR
NYANDO,MUHORONI,TAMU,GOD ABUORO
NYANDO,MUHORONI,OMBEYI,KANG'O
NYANDO,MUHORONI,NORTH EAST KANO,WEST KABAR
NYANDO,NYAKACH,EAST NYAKACH,JIMO EAST
NYANDO,NYANDO,KAWINO NORTH,IRRIGATION SCHEME
NYANDO,MUHORONI,CHEMELIL,KIBIGORI
NYANDO,NYANDO,KAWINO NORTH,KAPIYO
NYANDO,MUHORONI,NORTH EAST KANO,SIDHO I
NYANDO,NYANDO,KAKOLA,KAKOLA OMBAKA
NYANDO,MUHORONI,OMBEYI,KORE
NYANDO,NYANDO,AWASI,WANG'ANGA
NYANDO,MUHORONI,TAMU,EAST SONGHOR
NYANDO,NYAKACH,NORTH NYAKACH,GEM RAE
NYANDO,MUHORONI,KORU,NYANDO
NYANDO,NYAKACH,WEST NYAKACH,NYAKONGO
NYANDO,NYANDO,KOCHIENG EAST,OKANA
NYANDO,MUHORONI,OMBEYI,AHERO IRRIGATION SCHEM
NYANDO,MUHORONI,GOD NYITHINDO,TONDE
NYANDO,NYAKACH,ASAO,RARIEDA
NYANDO,NYANDO,KAWINO SOUTH,KWA KUNGU
NYANDO,MUHORONI,GOD NYITHINDO,OREGO
NYANDO,MUHORONI,FORT-TERNAN,FORT-TERNAN
NYANDO,MUHORONI,OMBEYI,RAMULA
NYANDO,NYANDO,KIKOLO,KATOLO
NYANDO,MUHORONI,NYANGOMA,KAMSWA SOUTH
NYANDO,NYANDO,AWASI,BORDER II
NYANDO,MUHORONI,TAMU,UPPER TAMU
NYANDO,NYANDO,KOCHOGO,KOCHOGO CENTRAL
NYANDO,MUHORONI,CHEMELIL,CHEMELIL
NYANDO,NYAKACH,WEST NYAKACH,LOWER KADIANGA
NYANDO,MUHORONI,NORTH EAST KANO,EAST KABAR
NYANDO,MUHORONI,OMBEYI,OBUMBA
NYANDO,NYAKACH,NYALUNYA,NORTH KABODHO
NYANDO,NYAKACH,THURDIBUORO,UPPER KADIANGA
NYANDO,NYAKACH,NORTH NYAKACH,GEM NAM
NYANDO,NYANDO,BWANDA,UPPER BWANDA
NYANDO,NYAKACH,CENTRAL NYAKACH,JIMO WEST
NYANDO,NYAKACH,NORTH EAST NYAKACH,AGORO EAST
NYANDO,NYANDO,KANYAGWAL,ANYURO
NYANDO,NYANDO,WAWIDHI,MAGINA
NYANDO,MUHORONI,TAMU,LOWER TAMU
NYANDO,NYANDO,KAKOLA,TURA
NYANDO,NYAKACH,NORTH EAST NYAKACH,AWACH
NYANDO,NYANDO,ONJIKO,KAKMIE
NYANDO,NYANDO,WAWIDHI,NYAKONGO
NYANDO,MUHORONI,MIWANI,MIWANI EAST
NYANDO,MUHORONI,MIWANI,MIWANI WEST
NYANDO,NYANDO,KAWINO NORTH,KOLAL
NYANDO,MUHORONI,MUHORONI,MUHORONI EAST
NYANDO,NYAKACH,SOUTH WEST NYA,WEST KADIANG'A
NYANDO,NYANDO,KIKOLO,ACHEGO
NYANDO,MUHORONI,CHEMELIL,NYANGORE
NYANDO,MUHORONI,KORU,HOMA-LINE
NYANDO,NYANDO,KAWINO SOUTH,NDURU
NYANDO,NYANDO,ONJIKO,KOBONGO
NYANDO,NYAKACH,NORTH EAST NYAKACH,AGORO WEST
NYANDO,NYANDO,KAWINO SOUTH,UGWE
NYANDO,MUHORONI,FORT-TERNAN,OCHORIA
NYANDO,MUHORONI,MIWANI,MIWANI NORTH
NYANDO,MUHORONI,MIWANI,MIWANI CENTRAL
NYERI NORTH,KIENI,MWIYOGO,KABATI
NYERI NORTH,MATHIRA,KIRIMUKUYU,NGANDU
NYERI NORTH,MATHIRA,MAGUTU,GITUNDUTI
NYERI NORTH,MATHIRA,IRIA-INI,CHEHE
NYERI NORTH,KIENI,NARO MORU,GATURIRI
NYERI NORTH,KIENI,THIGU,THIRIGITU
NYERI NORTH,KIENI,MWEIGA,AMBONI
NYERI NORTH,MATHIRA,KIRIMUKUYU,THIU
NYERI NORTH,KIENI,MWIYOGO,LABURA
NYERI NORTH,KIENI,GAKAWA,GITHIMA
NYERI NORTH,MATHIRA,IRIA-INI,KIAMWANGI
NYERI NORTH,KIENI,KABARU,KIRIMA
NYERI NORTH,KIENI,GAKAWA,KAHURURA
NYERI NORTH,MATHIRA,MAGUTU,GATHEHU
NYERI NORTH,KIENI,MUGUNDA,RUIRII
NYERI NORTH,MATHIRA,MAGUTU,GATEI
NYERI NORTH,KIENI,MWEIGA,BONDENI
NYERI NORTH,KIENI,GATARAKWA,KAMARIKI
NYERI NORTH,MATHIRA,KONYU,BARICHO
NYERI NORTH,MATHIRA,IRIA-INI,KAIRIA
NYERI NORTH,KIENI,ENDARASHA,ENDARASHA
NYERI NORTH,MATHIRA,RUGURU,RUTURU
NYERI NORTH,KIENI,NARO MORU,NDIRITI
NYERI NORTH,KIENI,KABARU,KIMAHIRU
NYERI NORTH,MATHIRA,IRIA-INI,KAGUYU
NYERI NORTH,MATHIRA,KIRIMUKUYU,MUTATHI-INI
NYERI NORTH,MATHIRA,NGORANO,CHIENI
NYERI NORTH,MATHIRA,NGORANO,GATUNGANGA
NYERI NORTH,MATHIRA,MAGUTU,GAIKUYU
NYERI NORTH,MATHIRA,IRIA-INI,THEGENGE
NYERI NORTH,MATHIRA,KIRIMUKUYU,GACHUIRO
NYERI NORTH,MATHIRA,KONYU,ITIATI
NYERI NORTH,MATHIRA,KIRIMUKUYU,KIRIA
NYERI NORTH,MATHIRA,KONYU,ICHUGA
NYERI NORTH,KIENI,GATARAKWA,EMBARINGO
NYERI NORTH,MATHIRA,KONYU,GAKUYU
NYERI NORTH,MATHIRA,KIRIMUKUYU,THAITHI
NYERI NORTH,KIENI,NARO MORU,RONGAI
NYERI NORTH,KIENI,KIAMATHAGA,KABENDERA
NYERI NORTH,KIENI,GATARAKWA,WATUKA
NYERI NORTH,KIENI,MWEIGA,KAMATONGU
NYERI NORTH,KIENI,GAKAWA,GATHIURI
NYERI NORTH,MATHIRA,RUGURU,IRURI
NYERI NORTH,MATHIRA,RUGURU,KIAMARIGA
NYERI NORTH,MATHIRA,MAGUTU,GIKUMBO
NYERI NORTH,KIENI,KIAMATHAGA,TIGITHI
NYERI NORTH,KIENI,MUGUNDA,NAIRUTIA
NYERI NORTH,KIENI,MWIYOGO,MUTHUINI
NYERI NORTH,MATHIRA,RUGURU,SAGANA
NYERI NORTH,MATHIRA,KONYU,GACHUKU
NYERI NORTH,KIENI,ENDARASHA,MITERO
NYERI NORTH,MATHIRA,NGORANO,HIRIGA
NYERI NORTH,KIENI,MUGUNDA,KAREMENO
NYERI NORTH,KIENI,ENDARASHA,CHARITY
NYERI NORTH,MATHIRA,KIRIMUKUYU,NGAINI
NYERI NORTH,KIENI,ENDARASHA,GAKANGA
NYERI NORTH,KIENI,MWEIGA,NJENGU
NYERI NORTH,MATHIRA,KONYU,MUKORE
NYERI NORTH,KIENI,THIGU,LUISOI
NYERI NORTH,KIENI,NARO MORU,KAMBURA-INI
NYERI NORTH,MATHIRA,IRIA-INI,GATUNDU
NYERI NORTH,MATHIRA,IRIA-INI,KIAGUTHU
NYERI NORTH,KIENI,GATARAKWA,LAMURIA
NYERI NORTH,MATHIRA,KIRIMUKUYU,MBOGOINI
NYERI NORTH,KIENI,KABARU,MUNYU
NYERI NORTH,KIENI,NARO MORU,NARO MORU
NYERI NORTH,MATHIRA,KARATINA,MUTHUA\GIAKAIRU
NYERI NORTH,MATHIRA,NGORANO,KARUTHI
NYERI NORTH,KIENI,KABARU,NDATHI
NYERI NORTH,KIENI,MWIYOGO,MWIYOGO
NYERI NORTH,MATHIRA,MAGUTU,RAGATI
NYERI NORTH,MATHIRA,KONYU,KARINDUNDU
NYERI NORTH,KIENI,KIAMATHAGA,MURICHO
NYERI NORTH,KIENI,KIAMATHAGA,GIKAMBA
NYERI NORTH,KIENI,MUGUNDA,KAMIRURI
NYERI NORTH,KIENI,THIGU,THUNGARI
NYERI NORTH,KIENI,THIGU,MARAGIMA
NYERI NORTH,MATHIRA,KARATINA,CHERU\KIANGARARU
NYERI NORTH,MATHIRA,KARATINA,KIHARO\BIASHARA
NYERI SOUTH,NYERI TOWN,MUKARO,KAMAKWA
NYERI SOUTH,NYERI TOWN,MUKARO,RURINGU
NYERI SOUTH,OTHAYA,IRIA-INI,GITUNDU
NYERI SOUTH,OTHAYA,MAHIGA,KAMOKO
NYERI SOUTH,MUKURWENI,GITHI,KIREREMA
NYERI SOUTH,OTHAYA,KARIMA,KIHUGIRU
NYERI SOUTH,TETU,AGUTHI,GICHIRA
NYERI SOUTH,OTHAYA,MUMWE,KIHOME
NYERI SOUTH,OTHAYA,IRIA-INI,KARUTHI
NYERI SOUTH,TETU,GAAKI,GAAKI
NYERI SOUTH,NYERI TOWN,MUKARO,MAJENGO
NYERI SOUTH,TETU,THEGENGE,KARANGIA
NYERI SOUTH,OTHAYA,KARIMA,GURA
NYERI SOUTH,TETU,KARUNDU,KIHORA
NYERI SOUTH,OTHAYA,KARIMA,WITIMA
NYERI SOUTH,NYERI TOWN,MUKARO,GATITU
NYERI SOUTH,MUKURWENI,GIATHUGU,KARUNDU
NYERI SOUTH,TETU,GAAKI,GATHAITHI
NYERI SOUTH,TETU,THEGENGE,MATHAKWA-INI
NYERI SOUTH,TETU,AGUTHI,ITHEKAHUNO
NYERI SOUTH,NYERI TOWN,MUKARO,MURUGURU
NYERI SOUTH,OTHAYA,KARIMA,THUTI
NYERI SOUTH,TETU,AGUTHI,GITITU
NYERI SOUTH,MUKURWENI,GAKINDU,RUTHANJI
NYERI SOUTH,OTHAYA,IRIA-INI,KIANDEMI
NYERI SOUTH,TETU,KARUNDU,KIGWANDI
NYERI SOUTH,TETU,GAAKI,HUHO-INI
NYERI SOUTH,NYERI TOWN,MUKARO,MATHARI
NYERI SOUTH,MUKURWENI,MUHITO,MUYU
NYERI SOUTH,OTHAYA,CHINGA SOUTH,MUMBUINI
NYERI SOUTH,NYERI TOWN,KIGANJO,GACHIKA
NYERI SOUTH,MUKURWENI,MUHITO,THIHA
NYERI SOUTH,OTHAYA,MUMWE,KAGONYE
NYERI SOUTH,MUKURWENI,GITHI,ITHANJI
NYERI SOUTH,NYERI TOWN,MUKARO,KARIA
NYERI SOUTH,OTHAYA,CHINGA NORTH,GIKIGIE
NYERI SOUTH,OTHAYA,KARIMA,ITEME-INI
NYERI SOUTH,MUKURWENI,THANU,KARABA
NYERI SOUTH,TETU,GAAKI,KIAWAITHANJI
NYERI SOUTH,NYERI TOWN,MUKARO,MUTHUA-INI
NYERI SOUTH,TETU,MUHOYA,IHURURU
NYERI SOUTH,NYERI TOWN,MUKARO,MARUA
NYERI SOUTH,MUKURWENI,GIKONDI,MUTHUTHI-INI
NYERI SOUTH,TETU,TETU,KARAIHU
NYERI SOUTH,NYERI TOWN,MUKARO,CHARONGI
NYERI SOUTH,OTHAYA,IRIA-INI,KIAHAGU
NYERI SOUTH,TETU,KARUNDU,KARIGUINI
NYERI SOUTH,TETU,KARUNDU,KIANJOGU
NYERI SOUTH,MUKURWENI,GIKONDI,THIMU
NYERI SOUTH,MUKURWENI,GAKINDU,MBIU-UNI
NYERI SOUTH,TETU,TETU,GATUMBIRO
NYERI SOUTH,NYERI TOWN,KIGANJO,KIRICHU
NYERI SOUTH,NYERI TOWN,MUKARO,GITHIRU
NYERI SOUTH,OTHAYA,MAHIGA,UGACHIKU
NYERI SOUTH,TETU,TETU,KIRURUMI
NYERI SOUTH,MUKURWENI,RUTUNE,MUTUNDU
NYERI SOUTH,TETU,KARUNDU,KAIGURI
NYERI SOUTH,MUKURWENI,GIATHUGU,IGANA
NYERI SOUTH,OTHAYA,CHINGA SOUTH,KARUTHI
NYERI SOUTH,NYERI TOWN,MUKARO,MUNUNGA-INI
NYERI SOUTH,TETU,THEGENGE,IHITHE
NYERI SOUTH,TETU,MUHOYA,THATHA
NYERI SOUTH,NYERI TOWN,MUKARO,THUNGUMA
NYERI SOUTH,TETU,AGUTHI,THAGEINI
NYERI SOUTH,OTHAYA,IRIA-INI,THUNGURI
NYERI SOUTH,TETU,KARUNDU,UNJIRU
NYERI SOUTH,MUKURWENI,GIKONDI,KARINDI
NYERI SOUTH,NYERI TOWN,MUKARO,KIHUYO
NYERI SOUTH,MUKURWENI,GAKINDU,NJIRUINI
NYERI SOUTH,TETU,THEGENGE,GATHUTHI
NYERI SOUTH,OTHAYA,CHINGA NORTH,KAGONGO
NYERI SOUTH,MUKURWENI,MUHITO,GATURA
NYERI SOUTH,MUKURWENI,RUTUNE,KARIARA
NYERI SOUTH,MUKURWENI,GITHI,KIHARO
NYERI SOUTH,OTHAYA,IRIA-INI,IHURIRIO
NYERI SOUTH,TETU,THEGENGE,NDUGAMANO
NYERI SOUTH,MUKURWENI,THANU,KAHARO
NYERI SOUTH,NYERI TOWN,MUKARO,KINUNGA
NYERI SOUTH,OTHAYA,CHINGA NORTH,MUCHARAGE
NYERI SOUTH,MUKURWENI,GAKINDU,GAKINDU-INI
NYERI SOUTH,MUKURWENI,MUHITO,GATURIA
NYERI SOUTH,OTHAYA,CHINGA SOUTH,GATHERA
NYERI SOUTH,TETU,TETU,ICHAGACHIRU
NYERI SOUTH,TETU,THEGENGE,WANDUMBI
NYERI SOUTH,MUKURWENI,GIKONDI,KIIRUNGI
NYERI SOUTH,OTHAYA,CHINGA SOUTH,KIAGUTHU
NYERI SOUTH,MUKURWENI,GIATHUGU,MIHUTI
NYERI SOUTH,OTHAYA,MAHIGA,MUNYANGE
NYERI SOUTH,OTHAYA,MUMWE,GITUGI
NYERI SOUTH,TETU,KARUNDU,MBAAINI
NYERI SOUTH,MUKURWENI,GITHI,ICHAMARA
NYERI SOUTH,MUKURWENI,MUHITO,MURUNDU-INI
NYERI SOUTH,TETU,AGUTHI,MUNGARIA
NYERI SOUTH,TETU,MUHOYA,KARUNAINI
NYERI SOUTH,NYERI TOWN,KIGANJO,NYARIBO
NYERI SOUTH,TETU,TETU,KIGOGO-INI
NYERI SOUTH,NYERI TOWN,MUKARO,KIHATHA
NYERI SOUTH,TETU,MUHOYA,KANJORA
NYERI SOUTH,NYERI TOWN,MUKARO,RIAMUKURWE
NYERI SOUTH,MUKURWENI,RUTUNE,NGAMWA
NYERI SOUTH,TETU,GAAKI,MUTATHIINI
NYERI SOUTH,OTHAYA,MUMWE,RUKIRIA
NYERI SOUTH,MUKURWENI,GIATHUGU,MWERU
NYERI SOUTH,MUKURWENI,GAKINDU,GAIKUNDO
NYERI SOUTH,TETU,MUHOYA,NGOORU
NYERI SOUTH,OTHAYA,CHINGA NORTH,GICHICHE
NYERI SOUTH,NYERI TOWN,MUKARO,GITATHINI
NYERI SOUTH,TETU,THEGENGE,HUBUINI
NYERI SOUTH,TETU,THEGENGE,KIAMUTIGA
NYERI SOUTH,OTHAYA,MAHIGA,GATURUTURU
NYERI SOUTH,MUKURWENI,THANU,KIBUTIO
NYERI SOUTH,TETU,MUHOYA,KABAGE
NYERI SOUTH,OTHAYA,MAHIGA,GIKOE
NYERI SOUTH,NYERI TOWN,KIGANJO,KIGANJO
NZAUI,KILOME,MUKAA,KILOME
NZAUI,KILOME,NGAAMBA,NGAAMBA
NZAUI,MAKUENI,MULALA,NGETHA
NZAUI,MAKUENI,KIKUMINI,KIKUMINI
NZAUI,MAKUENI,MUTYAMBUA,MUTISWA
NZAUI,KILOME,KASIKEU,KASIKEU
NZAUI,MAKUENI,NZAUI,KAWALA
NZAUI,MAKUENI,NGUU,NTHUNGUI
NZAUI,KILOME,KITAINGO,KITAINGO
NZAUI,MAKUENI,WOLWA,THITHI
NZAUI,MAKUENI,ITHUMBA,MASUMBA
NZAUI,KILOME,MUMELA,MUMELA
NZAUI,KILOME,MUANI,MUANI
NZAUI,KILOME,MUANI,SULTAN HAMUD
NZAUI,MAKUENI,KAKUTHA,MUAMBWANI
NZAUI,KILOME,KIIMA KIU,KIIMA KIU
NZAUI,MAKUENI,KYEMUNDU,KYEMUNDU
NZAUI,KILOME,KITAINGO,KIONGWANI
NZAUI,MAKUENI,MWEINI,YIKIVUMBU
NZAUI,MAKUENI,ITHUMBA,MII
NZAUI,MAKUENI,KYEMUNDU,MWASANGOMBE
NZAUI,MAKUENI,KYEMUNDU,KALIINI
NZAUI,MAKUENI,KILILI,MULENYU
NZAUI,KILOME,MUKAA,MAIANI
NZAUI,MAKUENI,ITHUMBA,MITHUMONI
NZAUI,MAKUENI,KAVUTHU,MASUE
NZAUI,KILOME,MALILI,MAVIVYE
NZAUI,MAKUENI,EMALI,TUTINI
NZAUI,MAKUENI,MULALA,KATUNE
NZAUI,MAKUENI,KALAMBA,KALAMBA
NZAUI,KILOME,KASIKEU,UVALENI
NZAUI,MAKUENI,KAKUTHA,KITHUMANI
NZAUI,KILOME,KASIKEU,WATHINI
NZAUI,KILOME,KIIMA KIU,KAVUKO
NZAUI,MAKUENI,KILILI,KILILI
NZAUI,MAKUENI,MUTYAMBUA,KATANI
NZAUI,MAKUENI,NZAUI,MATILIKU
NZAUI,MAKUENI,KYEMUNDU,YUMBANI
NZAUI,MAKUENI,IKANGAVYA,IKANGAVYA
NZAUI,MAKUENI,MULALA,MATILIKU
NZAUI,MAKUENI,MULALA,ITETA
NZAUI,KILOME,KWALE,KIOU
NZAUI,MAKUENI,MUTYAMBUA,MUTYAMBUA
NZAUI,KILOME,NGAAMBA,ITUMBULE
NZAUI,MAKUENI,MWEINI,MWEINI
NZAUI,MAKUENI,MULALA,MAATHA
NZAUI,MAKUENI,KIKUMINI,NDUNGUNI
NZAUI,MAKUENI,ITHUMBA,KAKILI
NZAUI,MAKUENI,KAKUTHA,MANOONI
NZAUI,MAKUENI,KITHUMBA,NZEENI
NZAUI,MAKUENI,KITISE,KITISE
NZAUI,MAKUENI,KAVUTHU,KAVUTHU
NZAUI,MAKUENI,KITHUMBA,KITHUMBA
NZAUI,MAKUENI,KAVUTHU,VULUENI
NZAUI,MAKUENI,MAVINDINI,MAVINDINI
NZAUI,MAKUENI,WOLWA,MAKASA
NZAUI,KILOME,MUANI,LUMU
NZAUI,MAKUENI,KILILI,KATHATU
NZAUI,MAKUENI,EMALI,KWA KAKULU
NZAUI,MAKUENI,EMALI,EMALI
NZAUI,MAKUENI,MWEINI,VOLOLO
NZAUI,KILOME,MALILI,MALILI
NZAUI,MAKUENI,KYEMUNDU,MBELETU
NZAUI,MAKUENI,NGUU,MUKAME_AMBEU
NZAUI,MAKUENI,MBUVO,KIANGINI
NZAUI,KILOME,KWALE,KWALE
NZAUI,MAKUENI,KILILI,WEE
NZAUI,MAKUENI,WOLWA,WOLWA
NZAUI,MAKUENI,MAVINDINI,KATITHI
NZAUI,MAKUENI,KATHONZWENI,ITUKA
POKOT CENTRAL,POKOT SOUTH,CHEPKOPEGH,PSERUM
POKOT CENTRAL,SIGOR,CHEPTULEL,LEBEI
POKOT CENTRAL,SIGOR,MASOL,TIKIT
POKOT CENTRAL,SIGOR,PARKOU,SARAMACH
POKOT CENTRAL,SIGOR,WEI-WEI,KORELLACH
POKOT CENTRAL,SIGOR,WEI-WEI,SANGAT
POKOT CENTRAL,SIGOR,KOPRO,KOKWOTONDWO
POKOT CENTRAL,POKOT SOUTH,LELAN,KAPSAIT
POKOT CENTRAL,POKOT SOUTH,PARUA,PUSOL
POKOT CENTRAL,POKOT SOUTH,LELAN,KABICHBICH
POKOT CENTRAL,POKOT SOUTH,KIPKOMO,CHEPARERIA
POKOT CENTRAL,POKOT SOUTH,CHEPKOPEGH,SHALPOGH
POKOT CENTRAL,SIGOR,SEKERR,CHEPKONDOL
POKOT CENTRAL,SIGOR,LOMUT,SEITO
POKOT CENTRAL,POKOT SOUTH,PARUA,CHEPOKORIONG
POKOT CENTRAL,SIGOR,MWINO,KARAPOGH
POKOT CENTRAL,POKOT SOUTH,BATEI,MORPUS
POKOT CENTRAL,SIGOR,MOSOP,MARUS
POKOT CENTRAL,SIGOR,PARKOU,PAREK
POKOT CENTRAL,POKOT SOUTH,CHEPKOPEGH,CHEPKOPEGH
POKOT CENTRAL,SIGOR,MASOL,AKIRIAMET
POKOT CENTRAL,SIGOR,MWINO,SOLION
POKOT CENTRAL,POKOT SOUTH,BATEI,ORTUM
POKOT CENTRAL,SIGOR,SEKERR,MBARA
POKOT CENTRAL,SIGOR,MWINO,PTALAM
POKOT CENTRAL,POKOT SOUTH,YWALATEKE,MONGORION
POKOT CENTRAL,POKOT SOUTH,SONDANY,NYARPAT
POKOT CENTRAL,POKOT SOUTH,KAPYOGEN,CHEPKONO
POKOT CENTRAL,SIGOR,LOMUT,TOGHOMO
POKOT CENTRAL,SIGOR,SEKERR,SOSTIN
POKOT CENTRAL,SIGOR,CHEPKOKOGH,PTIRAP
POKOT CENTRAL,POKOT SOUTH,SONDANY,KALE
POKOT CENTRAL,SIGOR,MASOL,AMOLEM
POKOT CENTRAL,POKOT SOUTH,KIPKOMO,KOSULOL
POKOT CENTRAL,POKOT SOUTH,KIPKOMO,TAMPALAL
POKOT CENTRAL,SIGOR,LOMUT,PTIASIS
POKOT CENTRAL,SIGOR,KOPRO,WAKORR
POKOT CENTRAL,SIGOR,SEKEROT,NYANGAITA
POKOT CENTRAL,POKOT SOUTH,KAPYOGEN,SIMOTWO
POKOT CENTRAL,POKOT SOUTH,TAPACH,TAPACH
POKOT CENTRAL,POKOT SOUTH,PARUA,PARUA
POKOT CENTRAL,SIGOR,MOSOP,KOKWOPTORIR
POKOT CENTRAL,SIGOR,SEKERR,ORWA
POKOT CENTRAL,SIGOR,WEI-WEI,PTOKOU
POKOT CENTRAL,POKOT SOUTH,YWALATEKE,KAPCHEMOGEN
POKOT CENTRAL,SIGOR,SEKEROT,CHEPSERUM
POKOT CENTRAL,SIGOR,PARKOU,NASOLOT
POKOT CENTRAL,POKOT SOUTH,YWALATEKE,PROPOI
POKOT CENTRAL,POKOT SOUTH,KAPTABUK,MESHAU
POKOT CENTRAL,SIGOR,MWINO,KITOYO
POKOT CENTRAL,POKOT SOUTH,SONDANY,NYARKULIAN
POKOT CENTRAL,POKOT SOUTH,CHEBON,SINNA
POKOT CENTRAL,POKOT SOUTH,KAPTABUK,KAPTABUK
POKOT CENTRAL,SIGOR,MOSOP,KAPATET
POKOT CENTRAL,POKOT SOUTH,LELAN,MBAYAI
POKOT CENTRAL,POKOT SOUTH,PARUA,SEBIT
POKOT CENTRAL,SIGOR,MOSOP,PKOPOGH
POKOT CENTRAL,POKOT SOUTH,SENETWO,SLA
POKOT CENTRAL,SIGOR,CHEPKOKOGH,SUKUK
POKOT CENTRAL,POKOT SOUTH,BATEI,KERELWA
POKOT CENTRAL,SIGOR,CHEPTULEL,KOKWOSITOT
POKOT CENTRAL,POKOT SOUTH,CHEPKOPEGH,CHESRA
POKOT CENTRAL,POKOT SOUTH,KAPTABUK,KAPSANGAR
POKOT CENTRAL,POKOT SOUTH,YWALATEKE,YWALATEKE
POKOT CENTRAL,SIGOR,CHEPTULEL,NYARPORTWO
POKOT CENTRAL,POKOT SOUTH,CHEBON,TANGASIA
POKOT CENTRAL,POKOT SOUTH,LELAN,CHESUBET
POKOT CENTRAL,POKOT SOUTH,KAPTABUK,MOKOYON
POKOT CENTRAL,SIGOR,CHEPKOKOGH,ANNET
POKOT CENTRAL,POKOT SOUTH,SENETWO,SENETWO
POKOT CENTRAL,POKOT SOUTH,SENETWO,CHEPTURGUNY
POKOT CENTRAL,POKOT SOUTH,LELAN,KAPKANYAR
POKOT CENTRAL,SIGOR,WEI-WEI,TAKAR
POKOT CENTRAL,POKOT SOUTH,KAPYOGEN,TONOYON
POKOT CENTRAL,POKOT SOUTH,TAPACH,KOKWOPSIS
POKOT CENTRAL,SIGOR,KOPRO,YAW YAW
POKOT CENTRAL,SIGOR,KOPRO,SOKA
POKOT CENTRAL,POKOT SOUTH,SENETWO,KORELLACH
POKOT CENTRAL,POKOT SOUTH,BATEI,SOBUKWO
POKOT CENTRAL,POKOT SOUTH,KAPTABUK,CHEPARTEN
POKOT CENTRAL,POKOT SOUTH,CHEBON,CHEBON
POKOT CENTRAL,SIGOR,LOMUT,MOGHO
POKOT CENTRAL,POKOT SOUTH,TAPACH,KAMELEI
POKOT CENTRAL,SIGOR,SEKEROT,AMALER
POKOT NORTH,KACHELIBA,LOKITONYALA,LOKITONYALA
POKOT NORTH,KACHELIBA,KAPCHOK,KONYAO
POKOT NORTH,KACHELIBA,ALALE,AMUKURAIAT
POKOT NORTH,KACHELIBA,KIWAWA,KIWAWA
POKOT NORTH,KACHELIBA,ALALE,ALALE
POKOT NORTH,KACHELIBA,LOKITONYALA,NAUYAPONG
POKOT NORTH,KACHELIBA,SUAM,KACHELIBA
POKOT NORTH,KACHELIBA,KOPULIO,KANYERUS
POKOT NORTH,KACHELIBA,KASEI,KAMKETO
POKOT NORTH,KACHELIBA,KASES,KASES
POKOT NORTH,KACHELIBA,KODICH,KODICH
POKOT NORTH,KACHELIBA,KORPU,SIRWACH
POKOT NORTH,KACHELIBA,LOKICHAR,LOKICHAR
POKOT NORTH,KACHELIBA,KASEI,KASEI
POKOT NORTH,KACHELIBA,KODICH,CHERENGAN
POKOT NORTH,KACHELIBA,LOKICHAR,OROLWO
POKOT NORTH,KACHELIBA,KODICH,KARAMERI
POKOT NORTH,KACHELIBA,KASES,PCHOLIO
POKOT NORTH,KACHELIBA,LOKITONYALA,SASAK
POKOT NORTH,KACHELIBA,SUAM,NGENGECHWO
POKOT NORTH,KACHELIBA,KOPULIO,KOPULIO
POKOT NORTH,KACHELIBA,KOPULIO,NAKUYEN
POKOT NORTH,KACHELIBA,KASES,KAMUNAI
POKOT NORTH,KACHELIBA,ALALE,NARUORO
POKOT NORTH,KACHELIBA,KAPCHOK,KAPYEN
POKOT NORTH,KACHELIBA,KIWAWA,KAURIONG
POKOT NORTH,KACHELIBA,LOPET,MBARU
POKOT NORTH,KACHELIBA,SUAM,KARON
POKOT NORTH,KACHELIBA,KORPU,KORPU
POKOT NORTH,KACHELIBA,AKORET,KOLA
POKOT NORTH,KACHELIBA,CHEMORONGIT,LORUSUK
POKOT NORTH,KACHELIBA,KAPTOLOMWO,KAPTOLOMWO
POKOT NORTH,KACHELIBA,KALAPATA,KALAPATA
POKOT NORTH,KACHELIBA,LOPET,LOPET
POKOT NORTH,KACHELIBA,KASEI,KOROKOU
POKOT NORTH,KACHELIBA,KIWAWA,CHELOPOI
POKOT NORTH,KACHELIBA,KORPU,KACHAWA
POKOT NORTH,KACHELIBA,LOKICHAR,KALEMNGOROK
POKOT NORTH,KACHELIBA,LOPET,CHEPROPOGH
POKOT NORTH,KACHELIBA,KAPTOLOMWO,KAMUNONO
POKOT NORTH,KACHELIBA,KALAPATA,MEKUYO
RACHUONYO,KARACHUONYO,NORTH EAST KARACHUONYO,MAJIERI KONYANGO
RACHUONYO,KARACHUONYO,NORTH KARACHUONYO,LOWER KAKWAJUOK
RACHUONYO,KABONDO KASIPUL,KOWUOR,MIRIU
RACHUONYO,KARACHUONYO,NORTH EAST KARACHUONYO,KONYANGO
RACHUONYO,KARACHUONYO,CENTRAL KARACH,KOGWENO KAWUOR WEST
RACHUONYO,KARACHUONYO,KANYALUO EAST,KOWUOR EAST
RACHUONYO,KARACHUONYO,NORTH KARACHUONYO,KANYADHIANG
RACHUONYO,KARACHUONYO,KAMSER NYAKONG,KAMSER 'B'
RACHUONYO,KARACHUONYO,KAKDHIMU WEST,KAYOO WEST
RACHUONYO,KASIPUL,EAST KAMAGAK,KACHIENG
RACHUONYO,KABONDO KASIPUL,KOKWANYO,KOKWANYO EAST
RACHUONYO,KARACHUONYO,KANYALUO SOUTH,KAMENYA NORTH
RACHUONYO,KASIPUL,EAST KAMAGAK,SINO KAGOLA
RACHUONYO,KARACHUONYO,NORTH EAST KARACHUONYO,KOTIENO GUMBA
RACHUONYO,KABONDO KASIPUL,KOJWACH,KOJWACH KAWERE
RACHUONYO,KABONDO KASIPUL,KASEWE,KASEWE 'A'
RACHUONYO,KARACHUONYO,KANJIRA,KOKIDI
RACHUONYO,KARACHUONYO,KAKDHIMU EAST,KAWITI
RACHUONYO,KARACHUONYO,KAKOKO KATENG,KOKOKO A
RACHUONYO,KARACHUONYO,KAWADHGONE NYONGO,KAWADHGONE
RACHUONYO,KARACHUONYO,RAMBIRA,KAGWA
RACHUONYO,KARACHUONYO,KOGWENO ORIANG,KOGWENO ORIANG WEST
RACHUONYO,KARACHUONYO,KANYALUO WEST,KOBILA
RACHUONYO,KABONDO KASIPUL,WANG'CHIENG,RONGO PALA
RACHUONYO,KARACHUONYO,KOGWENO ORIANG,KOGWENO ORIANG EAST
RACHUONYO,KARACHUONYO,KAMSER NYAKONG,KAMSER 'A'
RACHUONYO,KARACHUONYO,WANG'CHIENG,KOBALA
RACHUONYO,KABONDO KASIPUL,KASEWE,KASEWE 'B'
RACHUONYO,KARACHUONYO,KOBUYA,KOBUYA EAST
RACHUONYO,KARACHUONYO,KAKOTH KATAA,KAKOTH 'B'
RACHUONYO,KASIPUL,NORTH KAMAGAK,KAWERE WEST
RACHUONYO,KARACHUONYO,KANAM 'B',RABUOR
RACHUONYO,KABONDO KASIPUL,KOKWANYO,KOKWANYO WEST
RACHUONYO,KARACHUONYO,KOYUGI,KATONDE
RACHUONYO,KARACHUONYO,KANAM 'A',KOWOUR'
RACHUONYO,KASIPUL,KONUONGA,KOTIENO KONUONGA
RACHUONYO,KASIPUL,KACHIEN,NORTH KACHIEN
RACHUONYO,KASIPUL,NORTH KAMAGAK,NYALENDA
RACHUONYO,KARACHUONYO,RAMBIRA,KAMSER SEKA
RACHUONYO,KARACHUONYO,WANG'CHIENG,KAJIEI
RACHUONYO,KABONDO KASIPUL,KAKELO,KAKELO KAMROTH
RACHUONYO,KARACHUONYO,KOBIERO,SOUTH WAGWE
RACHUONYO,KASIPUL,KAMAGAK WEST,OBISA
RACHUONYO,KABONDO KASIPUL,RAMBA,KODUMO WEST
RACHUONYO,KARACHUONYO,KAKDHIMU WEST,KAYOO EAST
RACHUONYO,KABONDO KASIPUL,KODHOCH WEST,LOWER KODHOCH
RACHUONYO,KABONDO KASIPUL,KAKELO,KAKELO DUDI
RACHUONYO,KARACHUONYO,RAMBIRA,KARABONDI
RACHUONYO,KARACHUONYO,KANJIRA,KADIK
RACHUONYO,KARACHUONYO,KANAM 'B',KANYANGO'
RACHUONYO,KARACHUONYO,KANYALUO WEST,KOMWOYO
RACHUONYO,KASIPUL,KOWIDI,KANYANGO
RACHUONYO,KARACHUONYO,KAKOTH KATAA,KODEDO
RACHUONYO,KABONDO KASIPUL,KOWUOR,KODHOCH EAST
RACHUONYO,KARACHUONYO,KANAM 'A',KOGUTA'
RACHUONYO,KARACHUONYO,WANG'CHIENG,KAMWALA
RACHUONYO,KARACHUONYO,WANG'CHIENG,KOGWENO \ RAKWARO
RACHUONYO,KASIPUL,KODERA,KADEL KAMIDIGO
RACHUONYO,KASIPUL,KODERA,KARABACH
RACHUONYO,KARACHUONYO,KOBIERO,WAGWE NORTH
RACHUONYO,KARACHUONYO,KANYIPIR,KODERO
RACHUONYO,KASIPUL,KODERA,KAMIYAWA
RACHUONYO,KARACHUONYO,KOYUGI,KOJWANG
RACHUONYO,KARACHUONYO,KANYALUO EAST,KOWUOR WEST
RACHUONYO,KARACHUONYO,KAKOKO KATENG,KOYUMBRE
RACHUONYO,KARACHUONYO,KOYUGI,OUKO ONDEGE I
RACHUONYO,KARACHUONYO,KOBUYA,KOBUYA WEST
RACHUONYO,KARACHUONYO,KOYUGI,KAMUGA
RACHUONYO,KASIPUL,KONUONGA,KOCHICH
RACHUONYO,KARACHUONYO,NORTH KARACHUONYO,UPPER KAKWAJUOK
RACHUONYO,KARACHUONYO,KANJIRA,KAMWANIA
RACHUONYO,KARACHUONYO,KANJIRA,KOCHOLA
RACHUONYO,KARACHUONYO,KANYALUO SOUTH,KAMENYA SOUTH
RACHUONYO,KARACHUONYO,KAKDHIMU EAST,KALWAL
RACHUONYO,KABONDO KASIPUL,RAMBA,KAKANGUTU WEST
RACHUONYO,KARACHUONYO,CENTRAL KARACH,KOGEMBO
RACHUONYO,KARACHUONYO,KAWADHGONE NYONGO,KANYONGO
RACHUONYO,KARACHUONYO,KAMSER NYAKONG,KODONDI
RACHUONYO,KASIPUL,NORTH KAMAGAK,KAWERE  EAST
RACHUONYO,KABONDO KASIPUL,KOWUOR,KOWIDI
RACHUONYO,KABONDO KASIPUL,WANG'CHIENG,EAST KAKANGUTU
RACHUONYO,KASIPUL,KOKECH,KAWINO
RACHUONYO,KABONDO KASIPUL,ATELA,KODUMO EAST
RACHUONYO,KABONDO KASIPUL,KOJWACH,KOJWACH KAMIORO
RACHUONYO,KASIPUL,KOKECH,KASIMBA
RACHUONYO,KARACHUONYO,KANYIPIR,KOWILI
RACHUONYO,KABONDO KASIPUL,KODHOCH WEST,UPPER KODHOCH
RACHUONYO,KARACHUONYO,KAKDHIMU EAST,KAMUGA
RACHUONYO,KASIPUL,KAMAGAK WEST,KAMUMA
RACHUONYO,KARACHUONYO,KANYALUO SOUTH,CENTRAL KAMENYA
RACHUONYO,KARACHUONYO,KANAM 'A',KANYADENDA
RACHUONYO,KABONDO KASIPUL,KOJWACH,KOJWACH KAMUGA
RACHUONYO,KABONDO KASIPUL,RAMULA,KAKUMU
RACHUONYO,KABONDO KASIPUL,RAMBA,KILUSI
RACHUONYO,KARACHUONYO,KAKDHIMU WEST,KAYOO CENTRAL
RACHUONYO,KASIPUL,KOWIDI,KOKAL
RACHUONYO,KASIPUL,KACHIEN,SOUTH KACHIEN
RARIEDA,RARIEDA,EAST ASEMBO,OMIA DIERE
RARIEDA,RARIEDA,EAST ASEMBO,OMIA MWALO
RARIEDA,RARIEDA,WEST ASEMBO,MAHAYA
RARIEDA,RARIEDA,SOUTH UYOMA,NDIGWA
RARIEDA,RARIEDA,WEST UYOMA,NYABERA
RARIEDA,RARIEDA,EAST ASEMBO,OMIA MALO
RARIEDA,RARIEDA,SOUTH UYOMA,NAYA
RARIEDA,RARIEDA,WEST UYOMA,KAGWA
RARIEDA,RARIEDA,SOUTH ASEMBO,AKOM
RARIEDA,RARIEDA,SOUTH ASEMBO,NYAGOKO
RARIEDA,RARIEDA,WEST ASEMBO,SIGER
RARIEDA,RARIEDA,CENTRAL UYOMA,KOBONG'
RARIEDA,RARIEDA,CENTRAL ASEMBO,NORTH RAMBA
RARIEDA,RARIEDA,CENTRAL ASEMBO,SOUTH RAMBA
RARIEDA,RARIEDA,EAST UYOMA,RAGENG'NI
RARIEDA,RARIEDA,CENTRAL UYOMA,MASALA
RARIEDA,RARIEDA,EAST UYOMA,EAST KATWENGA
RARIEDA,RARIEDA,SOUTH UYOMA,LIETA
RARIEDA,RARIEDA,CENTRAL UYOMA,RACHAR
RARIEDA,RARIEDA,CENTRAL ASEMBO,MEMBA
RARIEDA,RARIEDA,EAST UYOMA,OCHIENG'A
RARIEDA,RARIEDA,EAST UYOMA,WEST KATWENGA
RARIEDA,RARIEDA,WEST UYOMA,KOKWIRI
RONGO,URIRI,SOUTH KANYAMKAGO,KAMSAKI
RONGO,URIRI,SOUTH KANYAMKAGO,BWARE
RONGO,AWENDO,NORTH SAKWA,KAKMASIA
RONGO,URIRI,EAST KANYAMKAGO,THIM JOPE
RONGO,URIRI,WEST KANYAMKAGO,KAJULU IB
RONGO,AWENDO,SOUTH SAKWA,ALEGO CENTRAL
RONGO,RONGO,WEST KAMAGAMBO,KANYAMAMBA
RONGO,URIRI,KAMGUNDHO,KAMGUNDHO I
RONGO,URIRI,WEST KANYAMKAGO,KAJULU II
RONGO,AWENDO,CENTRAL SAKWA,KOMBOK
RONGO,RONGO,WEST KAMAGAMBO,KANYIMACH
RONGO,RONGO,EAST KAMAGAMBO,KAMBIJA
RONGO,URIRI,EAST KANYAMKAGO,ARAMBE
RONGO,RONGO,CENTRAL KAMAGAMBO,KODERA BARA
RONGO,RONGO,SOUTH KAMAGAMBO,NORTH KANYAJUOK
RONGO,RONGO,EAST KAMAGAMBO,KANYADIETO
RONGO,AWENDO,NORTH SAKWA,KADERA LWALA
RONGO,AWENDO,NORTH SAKWA,KADERA KWOYO
RONGO,URIRI,NORTH KANYAMKAGO,KATIENO I
RONGO,URIRI,WEST KANYAMKAGO,KAJULU I
RONGO,AWENDO,CENTRAL SAKWA,KANYAGWALA
RONGO,URIRI,LOWER KANYAMKAGO,GOT URIRI
RONGO,RONGO,NORTH KAMAGAMBO,S. KAMWANGO
RONGO,URIRI,CENTRAL KANYAMKAGO,C. KAWERE RATENG
RONGO,RONGO,NORTH KAMAGAMBO,NORTH KAMWANGO
RONGO,AWENDO,WEST SAKWA,KAMRESI
RONGO,URIRI,NORTH KANYAMKAGO,KATIENO II
RONGO,AWENDO,WEST SAKWA,KANYAMGONY
RONGO,URIRI,CENTRAL KANYAMKAGO,E. KAWERE RATENG
RONGO,URIRI,LOWER KANYAMKAGO,LWALA
RONGO,URIRI,KAMGUNDHO,KAMGUNDHO II
RONGO,AWENDO,EAST SAKWA,WEST KOGELO
RONGO,URIRI,NORTH KANYAMKAGO,KOMENYA MASOGE
RONGO,RONGO,SOUTH KAMAGAMBO,SOUTH KANYAJUOK
RONGO,RONGO,WEST KAMAGAMBO,KANGESO
RONGO,RONGO,SOUTH KAMAGAMBO,KAMRERI
RONGO,URIRI,CENTRAL KANYAMKAGO,KAWERE II
RONGO,URIRI,CENTRAL KANYAMKAGO,W. KAWERE RATENG
RONGO,AWENDO,SOUTH SAKWA,WEST ALEGO
RONGO,AWENDO,SOUTH SAKWA,WAUNDHA
RONGO,AWENDO,SOUTH SAKWA,ALEGO EAST
RONGO,AWENDO,WEST SAKWA,RABONDO
RONGO,AWENDO,EAST SAKWA,EAST. KOGELO
RONGO,RONGO,CENTRAL KAMAGAMBO,KANYINGOMBE
RONGO,URIRI,CENTRAL KANYAMKAGO,NYAOBE
RONGO,RONGO,EAST KAMAGAMBO,KOLUOCH
RONGO,RONGO,CENTRAL KAMAGAMBO,KARABUOR
RONGO,AWENDO,EAST SAKWA,WAWARE
RONGO,AWENDO,EAST SAKWA,SOUTH KOGELO
RONGO,RONGO,EAST KAMAGAMBO,KONGOMA
RONGO,RONGO,NORTH KAMAGAMBO,KAMEJI
RONGO,RONGO,WEST KAMAGAMBO,KANYAWANGA
RONGO,RONGO,EAST KAMAGAMBO,KONGUNDI
RONGO,AWENDO,NORTH SAKWA,KANYASIREGA
RUIRU,JUJA,KALIMONI,KALIMONI
RUIRU,JUJA,MUGUTHA,MUGUTHA
RUIRU,RUIRU,GITHURAI,KIUU
RUIRU,JUJA,KOMO,WETEITHIE
RUIRU,RUIRU,KAHAWA SUKARI,KAHAWA SUKARI
RUIRU,RUIRU,GIKUMARI,GATONGORA
RUIRU,JUJA,JUJA,MILIMAINI
RUIRU,RUIRU,RUIRU,RUIRU
RUIRU,RUIRU,GITHURAI,MWIHOKO
RUIRU,RUIRU,RUIRU,GITOTHUA
RUIRU,JUJA,KOMO,KOMO
RUIRU,JUJA,JUJA,KIAORA
RUIRU,JUJA,THETA,THETA
RUIRU,RUIRU,GITHURAI,MWIKI
RUIRU,RUIRU,KAHAWA SUKARI,KAHAWA WENDANI
RUIRU,RUIRU,RUIRU,MUKUYU
SAMBURU CENTRAL,SAMBURU WEST,MARALAL TOWN,MARALAL TOWN
SAMBURU CENTRAL,SAMBURU WEST,MARALAL TOWN,NGARI
SAMBURU CENTRAL,SAMBURU WEST,SUGUTA MARMAR,SUKUTA MARMAR
SAMBURU CENTRAL,SAMBURU WEST,PORO,SIAMBU
SAMBURU CENTRAL,SAMBURU WEST,MARALAL TOWN,LPARTUK
SAMBURU CENTRAL,SAMBURU WEST,MARALAL TOWN,MILIMANI
SAMBURU CENTRAL,SAMBURU WEST,SIRATA OIROBI,LEMISIGIYO
SAMBURU CENTRAL,SAMBURU WEST,BAAWA,NAUNERI
SAMBURU CENTRAL,SAMBURU WEST,LOOSUK,TINGA
SAMBURU CENTRAL,SAMBURU WEST,LODOKEJEK,LODOKEJEK
SAMBURU CENTRAL,SAMBURU WEST,AMAIYA,LONGEWAN
SAMBURU CENTRAL,SAMBURU WEST,KIRIMON,KIRIMON
SAMBURU CENTRAL,SAMBURU WEST,KISIMA,MBARINGON
SAMBURU CENTRAL,SAMBURU WEST,SIRATA OIROBI,NGEJUMUNY
SAMBURU CENTRAL,SAMBURU WEST,SIRATA OIROBI,SIRATA OIROBI
SAMBURU CENTRAL,SAMBURU WEST,MARALAL TOWN,LEDERO
SAMBURU CENTRAL,SAMBURU WEST,SUGUTA MARMAR,LOLMOLOG
SAMBURU CENTRAL,SAMBURU WEST,PORO,SEKETET
SAMBURU CENTRAL,SAMBURU WEST,KISIMA,LONGATOLIA
SAMBURU CENTRAL,SAMBURU WEST,LODOKEJEK,NONKEEK
SAMBURU CENTRAL,SAMBURU WEST,KISIMA,LMISIGIYOI
SAMBURU CENTRAL,SAMBURU WEST,SUGUTA MARMAR,LOGORATE
SAMBURU CENTRAL,SAMBURU WEST,PORO,MUGUR
SAMBURU CENTRAL,SAMBURU WEST,LOOSUK,LOOSUK
SAMBURU CENTRAL,SAMBURU WEST,KIRIMON,GARMA
SAMBURU CENTRAL,SAMBURU WEST,AMAIYA,IMAIYA
SAMBURU CENTRAL,SAMBURU WEST,KIRIMON,MUGUR
SAMBURU CENTRAL,SAMBURU NORTH,OPIROI,OPIROI
SAMBURU CENTRAL,SAMBURU WEST,MARALAL TOWN,LKUROTO
SAMBURU CENTRAL,SAMBURU WEST,LOOSUK,MALASO
SAMBURU CENTRAL,SAMBURU WEST,LOOSUK,PURRA
SAMBURU CENTRAL,SAMBURU WEST,PORO,MALASO
SAMBURU CENTRAL,SAMBURU NORTH,BAAWA,LKILORITI
SAMBURU CENTRAL,SAMBURU NORTH,MARALAL TOWN,SHABAA
SAMBURU CENTRAL,SAMBURU NORTH,KAWOP,LONYANGATEN
SAMBURU EAST,SAMBURU EAST,WAMBA,MATAKWENI
SAMBURU EAST,SAMBURU EAST,WAMBA,WAMBA TOWNSHIP
SAMBURU EAST,SAMBURU EAST,NGARONI,NGARONI
SAMBURU EAST,SAMBURU EAST,KOITING,KOITING
SAMBURU EAST,SAMBURU EAST,NAIRIMIRIMO,SWARI
SAMBURU EAST,SAMBURU EAST,WASO WEST,LENGUSAKA
SAMBURU EAST,SAMBURU EAST,WASO WEST,OLPUS LELUAI
SAMBURU EAST,SAMBURU EAST,NGILAI WEST,NKOGOLTIM
SAMBURU EAST,SAMBURU EAST,NAIRIMIRIMO,LOROK ONYOKIE
SAMBURU EAST,SAMBURU EAST,NAIRIMIRIMO,RARAITI
SAMBURU EAST,SAMBURU EAST,NGILAI CENTRAL,NGILAI
SAMBURU EAST,SAMBURU EAST,LODUNGOKWE,SESIA
SAMBURU EAST,SAMBURU EAST,NGILAI WEST,LKISIN
SAMBURU EAST,SAMBURU EAST,NGARONI,RESIM
SAMBURU EAST,SAMBURU EAST,WASO WEST,NGUTUK ENG'IRON
SAMBURU EAST,SAMBURU EAST,KOITING,LPASHE
SAMBURU EAST,SAMBURU EAST,NAIRIMIRIMO,LMARIMAROI
SAMBURU EAST,SAMBURU EAST,WASO EAST,ARCHERS POST
SAMBURU EAST,SAMBURU EAST,WASO WEST,REMOT
SAMBURU EAST,SAMBURU EAST,ENKARE NAROK,ENKARE NAROK
SAMBURU EAST,SAMBURU EAST,DONYO WASIN,DONYO WASIN
SAMBURU EAST,SAMBURU EAST,NGARONI,SILANGA NANYUKIE
SAMBURU EAST,SAMBURU EAST,SEREOLIPI,SEREOLIPI
SAMBURU EAST,SAMBURU EAST,LODUNGOKWE,LPUS
SAMBURU EAST,SAMBURU EAST,WASO EAST,LARESORO
SAMBURU EAST,SAMBURU EAST,WASO EAST,LERATA
SAMBURU EAST,SAMBURU EAST,LODUNGOKWE,LENGEI
SAMBURU EAST,SAMBURU EAST,LODUNGOKWE,LTIRIMIN
SAMBURU NORTH,SAMBURU NORTH,BARAGOI,NALINGANGOR
SAMBURU NORTH,SAMBURU NORTH,BARAGOI,BARAGOI
SAMBURU NORTH,SAMBURU NORTH,MARTI,LOKORKOR
SAMBURU NORTH,SAMBURU NORTH,NACHOLA,NACHOLA
SAMBURU NORTH,SAMBURU NORTH,NACHOLA,TERTER
SAMBURU NORTH,SAMBURU NORTH,ELBARTA,NGILAI
SAMBURU NORTH,SAMBURU NORTH,MARTI,KALELE
SAMBURU NORTH,SAMBURU NORTH,ELBARTA,MASIKITA
SAMBURU NORTH,SAMBURU NORTH,KAWOP,LONYANGATEN
SAMBURU NORTH,SAMBURU NORTH,BARAGOI,BENDERA
SAMBURU NORTH,SAMBURU NORTH,TUUM,TUUM
SAMBURU NORTH,SAMBURU NORTH,BARSALOI,BARSALOI
SAMBURU NORTH,SAMBURU NORTH,OPIROI,OPIROI
SAMBURU NORTH,SAMBURU NORTH,NACHOLA,NAKUPARAT
SAMBURU NORTH,SAMBURU NORTH,PARKATI,LKAYO
SAMBURU NORTH,SAMBURU NORTH,KAWOP,NAKWEI
SAMBURU NORTH,SAMBURU NORTH,SOUTH HORR,SOUTH HORR
SAMBURU NORTH,SAMBURU NORTH,ANGATA NANYUKI,ANGATA NANYUKIE
SAMBURU NORTH,SAMBURU NORTH,BAAWA,BAAWA
SAMBURU NORTH,SAMBURU NORTH,NDOTO,LESIRIKAN
SAMBURU NORTH,SAMBURU NORTH,BAAWA,LKILORITI
SAMBURU NORTH,SAMBURU NORTH,SEREN,SEREN
SAMBURU NORTH,SAMBURU NORTH,BARSALOI,SOIT NAIBOR
SAMBURU NORTH,SAMBURU NORTH,WASO RONGAI,WASO RONGAI
SAMBURU NORTH,SAMBURU NORTH,ANGATA NANYUKI,MORIJO
SAMBURU NORTH,SAMBURU NORTH,LATAKWENY,LATAKWENY
SAMBURU NORTH,SAMBURU NORTH,WASO RONGAI,SIMALE
SAMBURU NORTH,SAMBURU NORTH,PARKATI,PARKATI
SAMBURU NORTH,SAMBURU NORTH,MARTI,MORU AKIRING
SAMBURU NORTH,SAMBURU NORTH,BARSALOI,LULU
SAMBURU NORTH,SAMBURU NORTH,LBUKOI,LBUKOI
SAMBURU NORTH,SAMBURU NORTH,LBUKOI,MORU
SAMBURU NORTH,SAMBURU NORTH,NDOTO,LOODUA
SAMBURU NORTH,SAMBURU NORTH,OPIROI,LOROKLOL MONGO
SAMBURU NORTH,SAMBURU NORTH,KAWOP,LOSURKOI
SAMBURU NORTH,SAMBURU NORTH,OPIROI,MABATI
SAMBURU NORTH,SAMBURU NORTH,SUYAN,MARTI
SAMBURU NORTH,SAMBURU NORTH,ARSIM,NGURUNIT
SAMBURU NORTH,SAMBURU NORTH,LATAKWENY,LOIKUMKUM
SAMBURU NORTH,SAMBURU NORTH,MARALAL TOWN,SHABAA
SAMIA,FUNYULA,NAMBOBOTO,BULOMA
SAMIA,FUNYULA,BWIRI,NAMUDURU
SAMIA,FUNYULA,NANGUBA,NANDEREMA
SAMIA,FUNYULA,NAMBUKU,LUGALA
SAMIA,FUNYULA,BWIRI,BUSEMBE
SAMIA,FUNYULA,NAMBUKU,SIBINGA
SAMIA,FUNYULA,NAMBOBOTO,LUANDA
SAMIA,FUNYULA,BWIRI,HAKATI
SAMIA,FUNYULA,NANGUBA,BUJWANGA
SAMIA,FUNYULA,NAMBOBOTO,NAMBOBOTO
SAMIA,FUNYULA,NAMBOBOTO,MUDOMA
SAMIA,FUNYULA,BWIRI,BUSIJO
SAMIA,FUNYULA,NAMBUKU,GANJALA
SAMIA,FUNYULA,ODIADO,BUDALANGA
SAMIA,FUNYULA,AGENGA,SIGALAME
SAMIA,FUNYULA,AGENGA,AGENGA
SAMIA,FUNYULA,ODIADO,WAKHUNGU
SAMIA,FUNYULA,ODIADO,ODIADO
SAMIA,FUNYULA,NANGUBA,RUMBIYE
SAMIA,FUNYULA,AGENGA,OJIBO
SAMIA,FUNYULA,NAMBUKU,MANGO
SAMIA,FUNYULA,NANGOSIA,LUCHULULO
SAMIA,FUNYULA,NANGOSIA,SIREKERESI
SAMIA,FUNYULA,NAMBOBOTO,NYAKHOBI
SAMIA,FUNYULA,NANGOSIA,BUKHULUNGU
SAMIA,FUNYULA,NAMBUKU,LUDACHO
SAMIA,FUNYULA,NANGOSIA,SIGULU
SAMIA,FUNYULA,AGENGA,BUKIRI
SAMIA,FUNYULA,ODIADO,KABWODO
SIAYA,GEM,SOUTH GEM,RERA
SIAYA,GEM,WEST GEM,DIENYA EAST
SIAYA,UGENYA,NORTH WEST UGENYA,NDENGA
SIAYA,GEM,NORTH GEM,NDERE
SIAYA,GEM,EAST GEM,LIHANDA
SIAYA,GEM,EAST GEM,RAMULA
SIAYA,GEM,NORTH WEST GEM,MALUNGA WEST
SIAYA,GEM,NORTH GEM,MALANGA
SIAYA,UGUNJA,SOUTH UGENYA,RANGALA
SIAYA,ALEGO USONGA,SOUTH EAST ALEGO,MUR_NGIYA
SIAYA,UGUNJA,EAST UHOLO,GOT OSIMBO
SIAYA,GEM,SOUTH GEM,NDORI
SIAYA,UGUNJA,SOUTH UGENYA,YIRO WEST
SIAYA,UGENYA,UKWALA,SIMUR
SIAYA,UGUNJA,SOUTH UGENYA,YIRO EAST
SIAYA,GEM,NORTH WEST GEM,ASAYI
SIAYA,ALEGO USONGA,SOUTH  ALEGO,BARDING
SIAYA,GEM,SOUTH GEM,ONYINYORE
SIAYA,GEM,NORTH EAST GEM,URIRI
SIAYA,GEM,NORTH WEST GEM,SIREMBE
SIAYA,UGENYA,NORTH EAST UGENYA,JERA
SIAYA,UGUNJA,WEST UHOLO,NORTH RAMBULA
SIAYA,UGENYA,UKWALA,YENGA
SIAYA,ALEGO USONGA,SOUTH EAST ALEGO,MASUMBI
SIAYA,UGENYA,NORTH WEST UGENYA,WEST KARADOLO
SIAYA,ALEGO USONGA,USONGA,NYADORERA 'B'
SIAYA,GEM,CENTRAL GEM,NYANDIWA
SIAYA,ALEGO USONGA,TOWNSHIP,MULAHA
SIAYA,UGENYA,UKWALA,SIMUR KONDIEK
SIAYA,UGENYA,NORTH UGENYA,SEGA
SIAYA,UGUNJA,EAST UHOLO,MADUNGU
SIAYA,ALEGO USONGA,SOUTH WEST ALEGO,KABURA UHUYI
SIAYA,GEM,YALA TOWNSHIP,BAR SAURI
SIAYA,GEM,CENTRAL GEM,SIRIWO
SIAYA,ALEGO USONGA,WEST ALEGO,KALKADA URADI
SIAYA,UGENYA,NORTH UGENYA,NYALENYA
SIAYA,ALEGO USONGA,NORTH ALEGO,NYALGUNGA
SIAYA,GEM,WEST GEM,DIENYA WEST
SIAYA,UGUNJA,WEST UHOLO,MAGOYA
SIAYA,UGENYA,WEST UGENYA,MASAT WEST
SIAYA,ALEGO USONGA,EAST ALEGO,OLWA
SIAYA,UGENYA,NORTH EAST UGENYA,SIHAY
SIAYA,UGUNJA,SOUTH UGENYA,SIMENYA
SIAYA,GEM,CENTRAL GEM,KAGILO
SIAYA,ALEGO USONGA,NORTH ALEGO,KOMOLO
SIAYA,ALEGO USONGA,SOUTH CENTRAL,OBAMBO
SIAYA,UGENYA,EAST UGENYA,KATHIENO 'C'
SIAYA,UGENYA,NORTH EAST UGENYA,ANYIKO
SIAYA,GEM,YALA TOWNSHIP,JINA
SIAYA,ALEGO USONGA,WEST ALEGO,KOMENYA KALAKA
SIAYA,GEM,NORTH GEM,LUNDHA
SIAYA,ALEGO USONGA,NORTH ALEGO,NYAMILA
SIAYA,UGUNJA,EAST UHOLO,MUNGAO
SIAYA,ALEGO USONGA,SOUTH WEST ALEGO,SIGOMA URANGA
SIAYA,UGUNJA,CENTRAL UGENYA,NGUNYA
SIAYA,ALEGO USONGA,TOWNSHIP,NYANDIWA
SIAYA,UGENYA,NORTH EAST UGENYA,NYAMSENDA
SIAYA,UGENYA,EAST UGENYA,KATHIENO 'B'
SIAYA,UGENYA,NORTH EAST UGENYA,LIGEGA
SIAYA,UGENYA,UKWALA,SIMUR EAST
SIAYA,ALEGO USONGA,SOUTH EAST ALEGO,NYANGOMA
SIAYA,ALEGO USONGA,WEST ALEGO,KOMENYA KOWALA
SIAYA,ALEGO USONGA,NORTH ALEGO,HONO
SIAYA,UGUNJA,CENTRAL UGENYA,UMALA
SIAYA,GEM,SOUTH WEST GEM,KANYADET
SIAYA,UGENYA,WEST UGENYA,MASAT EAST
SIAYA,GEM,SOUTH GEM,KAMBARE
SIAYA,GEM,SOUTH WEST GEM,KAUDHA WEST
SIAYA,UGENYA,NORTH EAST UGENYA,RAMUNDE
SIAYA,ALEGO USONGA,SOUTH  ALEGO,PAP ORIANG
SIAYA,GEM,NORTH GEM,MALIERA
SIAYA,GEM,SOUTH GEM,GOMBE
SIAYA,ALEGO USONGA,SOUTH  ALEGO,BAR OSIMBO
SIAYA,UGUNJA,EAST UHOLO,SIGOMRE
SIAYA,ALEGO USONGA,SOUTH WEST ALEGO,KAUGAGI UDENDA
SIAYA,UGUNJA,NORTH UHOLO,TINGARE WEST
SIAYA,UGUNJA,CENTRAL UGENYA,AMBIRA
SIAYA,GEM,NORTH EAST GEM,ULAMBA
SIAYA,UGENYA,NORTH EAST UGENYA,LIGALA NORTH
SIAYA,GEM,YALA TOWNSHIP,MARENYO
SIAYA,UGUNJA,WEST UHOLO,UGUNJA
SIAYA,ALEGO USONGA,SOUTH EAST ALEGO,BAR-AGULU
SIAYA,ALEGO USONGA,SOUTH  ALEGO,RANDOGO
SIAYA,ALEGO USONGA,CENTRAL ALEGO,KOYEYO
SIAYA,GEM,NORTH GEM,NYABEDA
SIAYA,ALEGO USONGA,EAST ALEGO,UMALA
SIAYA,ALEGO USONGA,SOUTH CENTRAL,KANDENGE
SIAYA,ALEGO USONGA,SOUTH  ALEGO,NYAJUOK
SIAYA,ALEGO USONGA,USONGA,NYADORERA 'A'
SIAYA,ALEGO USONGA,SOUTH  ALEGO,MUR_MALANGA
SIAYA,UGENYA,WEST UGENYA,SIFUYO WEST
SIAYA,GEM,NORTH GEM,GOT REGEA
SIAYA,UGUNJA,SOUTH UGENYA,UHUYI
SIAYA,UGENYA,EAST UGENYA,KATHIENO 'A'
SIAYA,ALEGO USONGA,CENTRAL ALEGO,OJWADO 'B'
SIAYA,GEM,CENTRAL GEM,GONGO
SIAYA,GEM,YALA TOWNSHIP,NYAMNINIA
SIAYA,ALEGO USONGA,CENTRAL ALEGO,OJWANDO 'A'
SIAYA,UGUNJA,NORTH UHOLO,WEST ASANGO
SIAYA,GEM,CENTRAL GEM,NYAWARA
SIAYA,UGENYA,UKWALA,DOHO WEST
SIAYA,ALEGO USONGA,CENTRAL ALEGO,KUKUMU_KOMBEWA
SIAYA,ALEGO USONGA,CENTRAL ALEGO,KOCHIENG 'A'
SIAYA,ALEGO USONGA,WEST ALEGO,MAHOLA_ULAWE
SIAYA,UGUNJA,NORTH UHOLO,TINGARE EAST
SIAYA,GEM,NORTH WEST GEM,MALUNGA CENTRAL
SIAYA,GEM,NORTH EAST GEM,WAGAI EAST
SIAYA,GEM,WEST GEM,NGUGE
SIAYA,UGENYA,UKWALA,SIRANGA
SIAYA,UGENYA,WEST UGENYA,SIFUYO EAST
SIAYA,GEM,YALA TOWNSHIP,ANYIKO
SIAYA,ALEGO USONGA,TOWNSHIP,KARAPUL
SIAYA,ALEGO USONGA,SOUTH  ALEGO,BAR OLENGO
SIAYA,ALEGO USONGA,CENTRAL ALEGO,KOCHIENG 'B'
SIAYA,GEM,NORTH EAST GEM,WAGAI WEST
SIAYA,ALEGO USONGA,WEST ALEGO,KODIERE
SIAYA,GEM,SOUTH WEST GEM,KAUDHA EAST
SIAYA,UGENYA,NORTH UGENYA,KAGONYA
SIAYA,UGENYA,NORTH UGENYA,UYUNDO
SIAYA,ALEGO USONGA,EAST ALEGO,ULAFU
SIAYA,ALEGO USONGA,USONGA,SUMBA
SIAYA,UGENYA,NORTH WEST UGENYA,KARADOLO EAST
SIAYA,ALEGO USONGA,SOUTH WEST ALEGO,KAUGAGI HAWINGA
SIAYA,GEM,NORTH WEST GEM,MALUNGA EAST
SIAYA,UGUNJA,NORTH UHOLO,EAST ASANGO
SIAYA,UGENYA,UKWALA,DOHO EAST
SIAYA,ALEGO USONGA,SOUTH WEST ALEGO,GANGU
SIAYA,UGUNJA,WEST UHOLO,SOUTH RAMBULA
SIAYA,UGUNJA,SOUTH UGENYA,RUWE
SIAYA,GEM,EAST GEM,URANGA
SOTIK,SOTIK,GELEGELE,KOIYET
SOTIK,SOTIK,KIPTULWA,KINYELWET
SOTIK,SOTIK,MANARET,CHEBILAT
SOTIK,SOTIK,ABOSI,ABOSI
SOTIK,SOTIK,KAPLONG,KAPCHEPKORO
SOTIK,SOTIK,CHEMAGEL,SOTIK
SOTIK,SOTIK,KIMAWIT,KERONJO
SOTIK,SOTIK,KAMUNGEI,KAMUNGEI
SOTIK,SOTIK,KAMUNGEI,KAPKOITIM
SOTIK,SOTIK,KAPLONG,KAPLONG
SOTIK,SOTIK,CHEBIRBELEK,SIROIN
SOTIK,SOTIK,TEMBWO,BURGEI
SOTIK,SOTIK,KAPLETUNDO,BALEK
SOTIK,SOTIK,YAGANEK,YAGANEK
SOTIK,SOTIK,KIPTULWA,KIPSONOI
SOTIK,SOTIK,KAPKELEI,KAPKELEI
SOTIK,SOTIK,NDANAI,CHEPKEIGEI
SOTIK,SOTIK,CHEMAGEL,KIPAJIT
SOTIK,SOTIK,KIMOLWET,KIMOLWET
SOTIK,SOTIK,ABOSI,KAPCHUMBE
SOTIK,SOTIK,NDANAI,KIPSINGEI
SOTIK,SOTIK,KIPTULWA,CHEBOLE
SOTIK,SOTIK,NDANAI,CHEPLELWA
SOTIK,SOTIK,KIMAWIT,KIMAWIT
SOTIK,SOTIK,CHEBIRBELEK,CHEBIRBELEK
SOTIK,SOTIK,NDANAI,NDANAI
SOTIK,SOTIK,KIPTULWA,KAPKURES
SOTIK,SOTIK,KAPKELEI,SIGORIAN
SOTIK,SOTIK,GELEGELE,GELEGELE
SOTIK,SOTIK,KAMUNGEI,KENENE
SOTIK,SOTIK,TEMBWO,TEMBWO
SOTIK,SOTIK,MANARET,MABWATTA
SOTIK,SOTIK,KAPKELEI,MOTIRET
SOTIK,SOTIK,KAPKELEI,OLDEBESI
SOTIK,SOTIK,ABOSI,KAPLOMBOI
SOTIK,SOTIK,GELEGELE,KIPSIMBOL
SOTIK,SOTIK,RONGENA,KIPNGOSOS
SOTIK,SOTIK,CHEMAGEL,CHEBONGI
SOTIK,SOTIK,MANARET,MANARET
SOTIK,SOTIK,KIMOLWET,KAPKESEMBE
SOTIK,SOTIK,RONGENA,RONGENA
SOTIK,SOTIK,YAGANEK,EMITYOT
SOTIK,SOTIK,KAPLETUNDO,CHESILYOT
SOTIK,SOTIK,CHEBILAT,TOGOMIN
SOTIK,SOTIK,MANARET,MONIRE
SOTIK,SOTIK,CHEBILAT,CHEBILAT
SOTIK,BOMET CENTRAL,TOWNSHIP,CHEPNGAINA
SOTIK,BOMET CENTRAL,KANUSIN,KAPSANGARU
SUBA,SUBA SOUTH,GWASSI EAST,KIBWER
SUBA,SUBA NORTH,LAMBWE EAST,RURI WEST
SUBA,SUBA NORTH,GEMBE WEST,MBITA TOWNSHIP
SUBA,SUBA NORTH,LAMBWE EAST,RURI EAST
SUBA,SUBA SOUTH,GWASSI WEST,TONGA
SUBA,SUBA NORTH,RUSINGA WEST,KASWANGA
SUBA,SUBA SOUTH,GWASSI CENTRAL,NYANCHA
SUBA,SUBA NORTH,RUSINGA WEST,WANYAMA
SUBA,SUBA NORTH,RUSINGA EAST,WAWARE NORTH
SUBA,SUBA SOUTH,KAKSINGRI WEST,RANGWA EAST
SUBA,SUBA NORTH,MFANGANO SOUTH,WAKULA SOUTH
SUBA,SUBA SOUTH,GWASSI SOUTH,LWALA
SUBA,SUBA NORTH,GEMBE WEST,KASGUNGA CENTRAL
SUBA,SUBA NORTH,GEMBE WEST,KASGUNGA EAST
SUBA,SUBA NORTH,MFANGANO EAST,WAKINGA
SUBA,SUBA SOUTH,KAKSINGRI EAST,SUBA WEST
SUBA,SUBA NORTH,LAMBWE EAST,NYAMAJI WEST
SUBA,SUBA SOUTH,KAKSINGRI WEST,NYAMRISRA
SUBA,SUBA NORTH,RUSINGA EAST,WAWARE SOUTH
SUBA,SUBA NORTH,RUSINGA WEST,KAMASENGRE WEST
SUBA,SUBA SOUTH,GWASSI WEST,NYANDIWA
SUBA,SUBA NORTH,MFANGANO NORTH,WAWARE
SUBA,SUBA NORTH,LAMBWE WEST,GOD JOPE
SUBA,SUBA NORTH,LAMBWE EAST,NYAMAJI EAST
SUBA,SUBA SOUTH,KAKSINGRI EAST,SUBA EAST
SUBA,SUBA SOUTH,GWASSI EAST,SEKA
SUBA,SUBA SOUTH,GWASSI NORTH,KISAKU
SUBA,SUBA NORTH,GEMBE EAST,WAONDO
SUBA,SUBA SOUTH,GWASSI CENTRAL,KAIBUYA
SUBA,SUBA NORTH,MFANGANO WEST,WAKULA NORTH
SUBA,SUBA SOUTH,KAKSINGRI CENT,SINDO
SUBA,SUBA SOUTH,GWASSI SOUTH,OWICH
SUBA,SUBA NORTH,GEMBE CENTRAL,KAMRERI EAST
SUBA,SUBA SOUTH,RUMA,NYATOTO
SUBA,SUBA NORTH,LAMBWE WEST,OGONGO
SUBA,SUBA NORTH,GEMBE EAST,USAO
SUBA,SUBA SOUTH,GWASSI CENTRAL,SAMBA
SUBA,SUBA NORTH,GEMBE CENTRAL,KAMRERI WEST
SUBA,SUBA NORTH,GEMBE EAST,KAYANJA
SUBA,SUBA NORTH,GEMBE EAST,NGODHE
SUBA,SUBA SOUTH,RUMA,NYADENDA
SUBA,SUBA SOUTH,KAKSINGRI CENT,NYAMARANDI
SUBA,SUBA NORTH,RUSINGA WEST,KAMASENGRE EAST
SUBA,SUBA SOUTH,GWASSI NORTH,KITAWA
SUBA,SUBA SOUTH,KAKSINGRI WEST,RANGWA WEST
SUBA,SUBA SOUTH,GWASSI CENTRAL,MAGUNGA
SUBA,SUBA NORTH,MFANGANO NORTH,SOKLO NORTH
SUBA,SUBA NORTH,MFANGANO WEST,SOKLO SOUTH
SUBA,SUBA SOUTH,GWASSI NORTH,UTERERE
SUBA,SUBA SOUTH,GWASSI NORTH,NYAGWETHE
SUBA,SUBA SOUTH,GWASSI NORTH,MALONGO
TAITA,VOI,VOI,KALOLENI
TAITA,MWATATE,MWAKITAU,MWAKITAU
TAITA,WUNDANYI,WUMINGU,MGAMBONYI
TAITA,MWATATE,MWATATE,MWATATE
TAITA,WUNDANYI,WUNDANYI,WUNDANYI
TAITA,WUNDANYI,WERUGHA,WERUGHA
TAITA,VOI,SAGALLA,TERI
TAITA,MWATATE,KISHAMBA,MWACHAWAZA
TAITA,MWATATE,KONGE JUU,KIRONGE/MWAKALERI
TAITA,MWATATE,CHAWIA,WUSI
TAITA,MWATATE,KISHAMBA,KISHAMBA
TAITA,VOI,MBOLOLO,MRARU
TAITA,WUNDANYI,KISHUSHE,KISHUSHE
TAITA,VOI,SAGALLA,TALIO
TAITA,MWATATE,RONGE,RONGE NYIKA
TAITA,VOI,NGOLIA,GHAZI
TAITA,VOI,SAGALLA,KISHAMBA/MGANGE
TAITA,VOI,KASIGAU,RUKANGA
TAITA,VOI,VOI,MWANGEA
TAITA,MWATATE,KISHAMBA,KAYA ILOLE
TAITA,VOI,NGOLIA,NDOME
TAITA,WUNDANYI,MBALE,CHOKE
TAITA,MWATATE,KISHAMBA,MENGO
TAITA,VOI,SAGALLA,NDARA SAGALA
TAITA,WUNDANYI,WERUGHA,MLONDO
TAITA,WUNDANYI,MGHANGE,MGANGE DAWIDA
TAITA,MWATATE,KONGE JUU,KISHAU KIWETO
TAITA,VOI,MBOLOLO,TAUSA
TAITA,WUNDANYI,MBALE,MOGHO
TAITA,MWATATE,MWACHABO,WUMARI SECHU
TAITA,MWATATE,BURA,NYOLO
TAITA,MWATATE,RONGE,KIGHOMBO/MARUMBENYI
TAITA,WUNDANYI,WERUGHA,MARUMANGE
TAITA,MWATATE,MWACHABO,MRURU MANGANGA
TAITA,VOI,KASIGAU,BUGUTA
TAITA,MWATATE,KIDAYA NGERENYI,KIDAYA NGERENYI
TAITA,VOI,MARUNGU,MIASENYI
TAITA,MWATATE,MWATATE,MADAMBOGHO
TAITA,WUNDANYI,KISHUSHE,PARANGA
TAITA,WUNDANYI,MGHANGE,LUSHANGONYI
TAITA,WUNDANYI,WUNDANYI,SHIGHARO
TAITA,WUNDANYI,MBALE,MBALE CENTRAL
TAITA,MWATATE,MWAKITAU,GODOMA
TAITA,WUNDANYI,MGHANGE,MGANGE NYIKA
TAITA,MWATATE,BURA,SAGHAIGHU
TAITA,VOI,KASIGAU,MAKWASINYI
TAITA,VOI,NGOLIA,WONGONYI
TAITA,VOI,MARUNGU,MAUNGU
TAITA,MWATATE,MWACHABO,MWACHABO
TAITA,WUNDANYI,WUMINGU,NYACHE
TAITA,MWATATE,BURA,MNAMU
TAITA,MWATATE,RONGE,MUSAU RAHAI
TAITA,WUNDANYI,MWANDA,KISHAMBA
TAITA,WUNDANYI,MGHANGE,MWAROKO
TAITA,MWATATE,BURA,MRUGHUA
TAITA,WUNDANYI,WUMINGU,MWARUNGU
TAITA,WUNDANYI,WERUGHA,SAGHASA
TAITA,WUNDANYI,WUMINGU,WUMINGU
TAITA,MWATATE,CHAWIA,CHAWIA
TAITA,MWATATE,BURA,ILOLE
TAITA,MWATATE,MWAKITAU,MWASHUMA
TAITA,WUNDANYI,WUNDANYI,SUNGULULU
TAITA,WUNDANYI,MWANDA,MJAWULI
TAITA,MWATATE,KONGE JUU,NDEBONYI/BAGHAU
TAITA,WUNDANYI,MBALE,MLECHI
TAITA,WUNDANYI,WUNDANYI,MTENI
TAITA,MWATATE,MWATATE,SEMBE
TANA DELTA,GARSEN,SHIRIKISHO,IDSOWE
TANA DELTA,GARSEN,CHARA,CHAMWANAMUMA
TANA DELTA,GARSEN,GALILI,DANISA
TANA DELTA,GARSEN,KIPAO,ONGONYO
TANA DELTA,GARSEN,KIPINI,KIPINI
TANA DELTA,GARSEN,WACHU-ODA,ODA
TANA DELTA,GARSEN,CHARA,SEMIKARO
TANA DELTA,GARSEN,GALILI,DUMI
TANA DELTA,GARSEN,KIPINI,MATANGENI
TANA DELTA,GARSEN,BILISA,GARSEN
TANA DELTA,GARSEN,NGAO,TARASAA
TANA DELTA,GARSEN,NDERA,MNAZINI
TANA DELTA,GARSEN,BILISA,CHIRA
TANA DELTA,GARSEN,KILELENGWANI,KILELENGWANI
TANA DELTA,GARSEN,WACHU-ODA,HANDARAKU
TANA DELTA,GARSEN,NGAO,GOLBANTI
TANA DELTA,GARSEN,KONE MANSA,KIKOMO
TANA DELTA,GARSEN,KILELENGWANI,KAU
TANA DELTA,GARSEN,SALAMA,WEMA
TANA DELTA,GARSEN,MWINA,SERA
TANA DELTA,GARSEN,KIPAO,KIPAO
TANA DELTA,GARSEN,SHIRIKISHO,DALU
TANA DELTA,GARSEN,GALILI,GALILI
TANA DELTA,GARSEN,NDERA,BAOMO
TANA DELTA,GARSEN,NGAO,NGAO
TANA DELTA,GARSEN,MWINA,MIKAMENI
TANA DELTA,GARSEN,MWINA,BENDERANI
TANA DELTA,GARSEN,ASSA,KONE
TANA DELTA,GARSEN,WACHU-ODA,KURAWA
TANA DELTA,GARSEN,ASSA,ASSA
TANA DELTA,GARSEN,ASSA,ONJILA
TANA RIVER,GALOLE,ZUBAKI,KIBUYU
TANA RIVER,BURA,NANIGHI,NANIGHI
TANA RIVER,BURA,MADOGO,MARAMTU
TANA RIVER,BURA,HIRIMANI,HIRIMANI
TANA RIVER,BURA,MADOGO,MADOGO
TANA RIVER,BURA,CHEWELE,CHEWELE
TANA RIVER,GALOLE,WALDENA,WALDENA
TANA RIVER,GALOLE,WAYU,WAYU
TANA RIVER,BURA,SAKA,MULANJO
TANA RIVER,BURA,SALA,SALA
TANA RIVER,BURA,BURA,BISIKIDERA
TANA RIVER,GALOLE,GWANO,HARA
TANA RIVER,BURA,SAKA,KONORAMADHA
TANA RIVER,BURA,BURA,METI
TANA RIVER,GALOLE,NDURA,HANDAMPIA
TANA RIVER,BURA,BANGALE,BANGALE
TANA RIVER,GALOLE,MILALULU,LAINI
TANA RIVER,BURA,MBALAMBALA,ASAKO
TANA RIVER,BURA,NANIGHI,DUKANOTU
TANA RIVER,BURA,KAMAGURU,ODOWAN
TANA RIVER,GALOLE,MAZUNI,GAFURU
TANA RIVER,BURA,SALA,SOMBO
TANA RIVER,BURA,BUWA,BUWA
TANA RIVER,BURA,HIRIMANI,WALESORHEA
TANA RIVER,GALOLE,KINAKOMBA,MAJENGO
TANA RIVER,GALOLE,CHEWANI,HOLA MISSION
TANA RIVER,GALOLE,WALDENA,TITILA
TANA RIVER,GALOLE,MAKERE,GHOREI
TANA RIVER,GALOLE,KALKACHA,KALKACHA
TANA RIVER,GALOLE,ZUBAKI,HOLA
TANA RIVER,GALOLE,MIKINDUNI,MIKINDUNI
TANA RIVER,GALOLE,GWANO,WENJE
TANA RIVER,GALOLE,MASABUBU,RHOKA
TANA RIVER,BURA,KAMAGURU,BOKA
TANA RIVER,GALOLE,CHEWANI,CHEWANI
TANA RIVER,GALOLE,NDURA,BONDENI
TANA RIVER,GALOLE,MASABUBU,MASABUBU
TANA RIVER,BURA,HIRIMANI,HALO
TANA RIVER,GALOLE,CHIFIRI,HAKOKA
TANA RIVER,GALOLE,MILALULU,BOHONI
TANA RIVER,GALOLE,MIKINDUNI,LENDA
TANA RIVER,GALOLE,GWANO,MARONI
TANA RIVER,GALOLE,MAZUNI,MAZUNI
TANA RIVER,GALOLE,JAMHURI,BUBUBU
TANA RIVER,GALOLE,KINAKOMBA,MASALANI
TANA RIVER,GALOLE,KIARIKUNGU,MATANYA
TANA RIVER,GALOLE,KALKACHA,HARORESA
TANA RIVER,BURA,MORORO,ZIWANI
TANA RIVER,BURA,CHEWELE,WADESA
TANA RIVER,GALOLE,MAZUNI,MKOMANI
TANA RIVER,BURA,MORORO,MORORO
TANA RIVER,GALOLE,KALKACHA,DAYATE
TANA RIVER,GALOLE,MAKERE,BUBU
TANA RIVER,GALOLE,KIARIKUNGU,KIARIKUNGU
TAVETA,TAVETA,KITOBO,KITOBO
TAVETA,TAVETA,MAHOO,MALUKILORITI
TAVETA,TAVETA,NGARIGHASHA,MJINI
TAVETA,TAVETA,JIPE,MATA
TAVETA,TAVETA,BOMENI,MBOGHONI
TAVETA,TAVETA,CHALA,CHALA
TAVETA,TAVETA,NJUKINI,CHUMVINI
TAVETA,TAVETA,BOMENI,NJORO
TAVETA,TAVETA,NJUKINI,NJUKINI
TAVETA,TAVETA,KIMORIGO,EL DORO
TAVETA,TAVETA,MAHOO,MAHOO
TAVETA,TAVETA,CHALA,NAKRUTO
TAVETA,TAVETA,TIMBILA,MSENGONI
TAVETA,TAVETA,TIMBILA,NDILIDAU
TAVETA,TAVETA,JIPE,KIMALA
TAVETA,TAVETA,KIMORIGO,KIMORIGO
TAVETA,TAVETA,CHALA,MAHANDAKINI
TAVETA,TAVETA,KITOBO,MRABANI
TAVETA,TAVETA,NJUKINI,LUMI
TAVETA,TAVETA,NGARIGHASHA,LESESIA
TESO NORTH,TESO NORTH,KAMOLO,ONYUNYURI
TESO NORTH,TESO NORTH,KATAKWA,AKOLONG
TESO NORTH,TESO NORTH,KOLANYA,ALOETE
TESO NORTH,TESO NORTH,MODING,MODING
TESO NORTH,TESO NORTH,CHANGARA,ATERAIT
TESO NORTH,TESO NORTH,AMAGORO,AMAGORO
TESO NORTH,TESO NORTH,KAMOLO,KAMOLO
TESO NORTH,TESO NORTH,OKULEU,KAKOLI
TESO NORTH,TESO NORTH,AMONI,AKIRIAMASIT
TESO NORTH,TESO NORTH,KAKAPEL,KEKALET
TESO NORTH,TESO NORTH,KOKARE,KOKARE
TESO NORTH,TESO NORTH,ANGURAI,CHELEMUK
TESO NORTH,TESO NORTH,ABOLOI,AKACHACHAT
TESO NORTH,TESO NORTH,MODING,APOKOR
TESO NORTH,TESO NORTH,CHEMASIR,CHEMASIR
TESO NORTH,TESO NORTH,AMAGORO,IKAPOLOK
TESO NORTH,TESO NORTH,KATAKWA,KATELEPAI
TESO NORTH,TESO NORTH,KAMURIAI,OSASAME
TESO NORTH,TESO NORTH,AKADETEWAI,TOWNSHIP
TESO NORTH,TESO NORTH,OSAJAI,KORURUMA
TESO NORTH,TESO NORTH,CHANGARA,AKOBWAIT
TESO NORTH,TESO NORTH,AMAGORO,KORISAI
TESO NORTH,TESO NORTH,OSAJAI,ONYUNYUR
TESO NORTH,TESO NORTH,ABOLOI,MWARI
TESO NORTH,TESO NORTH,ANGURAI,ADANYA
TESO NORTH,TESO NORTH,AMONI,KAJEI
TESO NORTH,TESO NORTH,OKULEU,OKULEU
TESO NORTH,TESO NORTH,KOCHOLIA,KOCHOLIA
TESO NORTH,TESO NORTH,CHEMASIR,KAKEMER
TESO NORTH,TESO NORTH,KAKAPEL,KAKAPEL
TESO NORTH,TESO NORTH,KOLANYA,KOLANYA
TESO NORTH,TESO NORTH,KOCHOLIA,KENGATUNYI
TESO NORTH,TESO NORTH,KATAKWA,RWATAMA
TESO NORTH,TESO NORTH,CHANGARA,CHANGARA
TESO NORTH,TESO NORTH,ABOLOI,AEDOMORU
TESO NORTH,TESO NORTH,MODING,KOLAIT
TESO NORTH,TESO NORTH,ANGURAI,KAKURIKIT
TESO NORTH,TESO NORTH,KOKARE,KIRIKO
TESO NORTH,TESO NORTH,KOCHOLIA,KOTEKO
TESO NORTH,TESO NORTH,MODING,ADUMAI
TESO NORTH,TESO NORTH,AKADETEWAI,KOMIRIAI
TESO NORTH,TESO NORTH,ANGURAI,KATOTOI
TESO NORTH,TESO NORTH,AKADETEWAI,OLOBAI
TESO NORTH,TESO SOUTH,ANGOROM,ALUPE
TESO SOUTH,TESO SOUTH,KAUJAKITO,KETELENYANG
TESO SOUTH,TESO SOUTH,ASINGE,NGELECHODI
TESO SOUTH,TESO SOUTH,OKAME,OMASE
TESO SOUTH,TESO SOUTH,APEGEI,AKITESI
TESO SOUTH,TESO SOUTH,AMUKURA,AMUKURA
TESO SOUTH,TESO SOUTH,AREMIT,OSURET
TESO SOUTH,TESO SOUTH,OCHUDE,OLEPITO
TESO SOUTH,TESO SOUTH,KWANGAMOR,AKOBWAIT
TESO SOUTH,TESO SOUTH,KAUJAKITO,APOKOR
TESO SOUTH,TESO SOUTH,KALIWA,APATIT
TESO SOUTH,TESO SOUTH,AREMIT,AKIRIMASI
TESO SOUTH,TESO SOUTH,OCHUDE,OTIMONG
TESO SOUTH,TESO SOUTH,KAUJAKITO,KAMONOIT
TESO SOUTH,TESO SOUTH,APEGEI,MOARU KARISA
TESO SOUTH,TESO SOUTH,AMONGURA,ONGARIAMA
TESO SOUTH,TESO SOUTH,KWANGAMOR,KWANGAMUR
TESO SOUTH,TESO SOUTH,OCHUDE,OKILUDU
TESO SOUTH,TESO SOUTH,AMUKURA,KOCHEK
TESO SOUTH,TESO SOUTH,KALIWA,KALIWA
TESO SOUTH,TESO SOUTH,OKAME,ONGAROI
TESO SOUTH,TESO SOUTH,AKOREET,OKOOK
TESO SOUTH,TESO SOUTH,ASINGE,ACHIT
TESO SOUTH,TESO SOUTH,KWANGAMOR,OKISIMO
TESO SOUTH,TESO SOUTH,APEGEI,ATERAIT
TESO SOUTH,TESO SOUTH,ASINGE,ALUDEKA
TESO SOUTH,TESO SOUTH,AMUKURA,ATURET
TESO SOUTH,TESO SOUTH,KALIWA,OKATEKOK
TESO SOUTH,TESO SOUTH,AMONGURA,OBUCHUN
TESO SOUTH,TESO SOUTH,OKAME,ADUNGOSI
TESO SOUTH,TESO SOUTH,ANGOROM,AMERIKWAI
TESO SOUTH,TESO SOUTH,AKOREET,AKOREET
TESO SOUTH,TESO SOUTH,AREMIT,ODIOI
TESO SOUTH,TESO SOUTH,AKOREET,ADEREMA
TESO SOUTH,TESO SOUTH,ANGOROM,ALUPE
TESO SOUTH,TESO SOUTH,KOTUR,KOTUR
TESO SOUTH,TESO SOUTH,ANGOROM,AGOLOT
TESO SOUTH,TESO SOUTH,KOTUR,KIDERA
TESO SOUTH,TESO SOUTH,AMONGURA,ALOMODOI
THARAKA,THARAKA,KAROCHO,IBOTE
THARAKA,THARAKA,TUNYAI,TUNYAI
THARAKA,THARAKA,GAKURUNGU,GAKURUNGU
THARAKA,THARAKA,TURIMA,TURIMA
THARAKA,THARAKA,KAMARANDI,KAMARANDI
THARAKA,THARAKA,TUNYAI,KITHINO
THARAKA,THARAKA,GATUE,GATUNGA
THARAKA,THARAKA,KATHANGACHINI,TWANTHANJU
THARAKA,THARAKA,CHIAKARIGA,CHIAKARIGA
THARAKA,THARAKA,NKARINI,GACERAKA
THARAKA,THARAKA,MARIMANTI,MARIMANTI
THARAKA,THARAKA,TUNYAI,GAKIRWE
THARAKA,THARAKA,MWANYANI,MWANYANI
THARAKA,THARAKA,THIITI,KIRUNDI
THARAKA,THARAKA,GIKINGO,IRUNDUNI
THARAKA,THARAKA,GITUMA,GITUMA
THARAKA,THARAKA,MATAKIRI,KARERIA
THARAKA,THARAKA,MATAKIRI,MATAKIRI
THARAKA,THARAKA,NTUGI,KANYURU
THARAKA,THARAKA,GIKINGO,MUKOTHIMA
THARAKA,THARAKA,NKONDI,NKONDI
THARAKA,THARAKA,NKARINI,NKARINI
THARAKA,THARAKA,CHIAKARIGA,MATIRI
THARAKA,THARAKA,MARIMANTI,KIRANGARE
THARAKA,THARAKA,NTUGI,RUKENYA
THARAKA,THARAKA,GAKURUNGU,MWERERA
THARAKA,THARAKA,NKONDI,RUKURINI
THARAKA,THARAKA,KAMARANDI,UTURINI
THARAKA,THARAKA,KAMANYAKI,KAMANYAKI
THARAKA,THARAKA,TUNYAI,TUBUI
THARAKA,THARAKA,MARIMANTI,KITHIGIRI
THARAKA,THARAKA,NTORONI,NTORONI
THARAKA,THARAKA,KANJORO,KANJORO
THARAKA,THARAKA,MARIMANTI,KAMATUNGU
THARAKA,THARAKA,KANJORO,MAUTHINI
THARAKA,THARAKA,KATHANGACHINI,KATHANGACHINI
THARAKA,THARAKA,MARAGWA,KAMAGUNA
THARAKA,THARAKA,KAMANYAKI,KIRUKUMA
THARAKA,THARAKA,MARAGWA,KAMWATHU
THARAKA,THARAKA,GITUMA,KAGUMA
THIKA EAST,THIKA TOWN,NGOLIBA,MAGUGUNI
THIKA EAST,THIKA TOWN,MUNYU,MUNYU
THIKA EAST,THIKA TOWN,NGOLIBA,NGOLIBA
THIKA EAST,THIKA TOWN,MUNYU,GITHIMA
THIKA EAST,THIKA TOWN,GITUANYAGA,GITUANYAGA
THIKA EAST,GATANGA,MITUMBIRI,NANGA
THIKA EAST,THIKA TOWN,MAKONGENI,KAMENU
THIKA WEST,THIKA TOWN,MAKONGENI,KIANJAU
THIKA WEST,JUJA,KALIMONI,KALIMONI
THIKA WEST,THIKA TOWN,BIASHARA,TOWNSHIP
THIKA WEST,THIKA TOWN,BIASHARA,MAJENGO
THIKA WEST,THIKA TOWN,MAKONGENI,KOMU
THIKA WEST,THIKA TOWN,BIASHARA,UMOJA
THIKA WEST,THIKA TOWN,MAKONGENI,KAMENU
THIKA WEST,THIKA TOWN,BIASHARA,KARIMENU
THIKA WEST,JUJA,KOMO,KOMO
THIKA WEST,JUJA,THETA,THETA
THIKA WEST,JUJA,JUJA,KIAORA
THIKA WEST,JUJA,JUJA,MILIMAINI
THIKA WEST,JUJA,MUGUTHA,MUGUTHA
THIKA WEST,JUJA,KOMO,WETEITHIE
THIKA WEST,THIKA TOWN,GITUANYAGA,GITUANYAGA
THIKA WEST,THIKA TOWN,NGOLIBA,MAGUGUNI
TIGANIA,TIGANIA WEST,KIANJAI,NAIRIRI
TIGANIA,TIGANIA WEST,MIATHENE,MIATHENE
TIGANIA,TIGANIA EAST,KARAMA,MBARANGA
TIGANIA,TIGANIA WEST,RWANDA,KIBIRU
TIGANIA,TIGANIA WEST,KIMACHIA,NTOMBOO
TIGANIA,TIGANIA WEST,THAU,THAU
TIGANIA,TIGANIA WEST,THINYAINE,MWERONKANGA
TIGANIA,TIGANIA WEST,ATHWANA,KUANI
TIGANIA,TIGANIA EAST,MUTHARA,ATHING'A
TIGANIA,TIGANIA WEST,ATHWANA,MATIRU
TIGANIA,TIGANIA WEST,NKOMO,LIMAURU
TIGANIA,TIGANIA WEST,KIMACHIA,KAMAROO
TIGANIA,TIGANIA EAST,BUURI,LAILUBA
TIGANIA,TIGANIA WEST,THINYAINE,TWALE
TIGANIA,TIGANIA EAST,KARAMA,AMETHO_KARAMA
TIGANIA,TIGANIA WEST,NCOORO,MAANTHI
TIGANIA,TIGANIA WEST,KITHEO,MUCUUNE
TIGANIA,TIGANIA EAST,ANTUANDURU,ANTUANDURU
TIGANIA,TIGANIA WEST,NCOORO,MWILI
TIGANIA,TIGANIA WEST,MBEU,MBEU
TIGANIA,TIGANIA WEST,THINYAINE,LIMBINE
TIGANIA,TIGANIA EAST,MIKINDURI EAST,ATHWANA
TIGANIA,TIGANIA WEST,KIANJAI,KIANJAI
TIGANIA,TIGANIA WEST,KIMACHIA,AMWARI
TIGANIA,TIGANIA EAST,MUTHARA,KITHARENE
TIGANIA,TIGANIA EAST,BUURI,LANYIRU
TIGANIA,TIGANIA WEST,KIANJAI,MUTIONJURI
TIGANIA,TIGANIA WEST,MBEU,KIERU
TIGANIA,TIGANIA EAST,MIKINDURI WEST,ANJUKI
TIGANIA,TIGANIA EAST,MIKINDURI WEST,KIGURU
TIGANIA,TIGANIA WEST,MUMUI,LAIRANG'I
TIGANIA,THARAKA,MARIMANTI,MARIMANTI
TIGANIA,TIGANIA WEST,KIANDIU,KIANDIU
TIGANIA,TIGANIA WEST,NKOMO,KILENCUNE
TIGANIA,TIGANIA EAST,MIKINDURI EAST,AKAIGA
TIGANIA,TIGANIA WEST,NKOMO,KUNENE
TIGANIA,TIGANIA EAST,MUTHARA,ATHANJA
TIGANIA,TIGANIA WEST,MBEU,KIMEREI
TIGANIA,TIGANIA WEST,NCOORO,KARII
TIGANIA,TIGANIA WEST,MITUNTU,MITUNTU
TIGANIA,TIGANIA WEST,MUMUI,REI
TIGANIA,TIGANIA WEST,ATHWANA,LACIATHURIU
TIGANIA,TIGANIA WEST,MITUNTU,KALITHIRIA
TIGANIA,TIGANIA EAST,MUTHARA,THUBUKU
TIGANIA,TIGANIA WEST,MIATHENE,URRU
TIGANIA,TIGANIA WEST,KITHEO,NTIBA
TIGANIA,TIGANIA WEST,KITHEO,KALIATI
TIGANIA,TIGANIA WEST,THAU,MUTHIRU
TIGANIA,TIGANIA WEST,KIANJAI,MACHAKU
TIGANIA,TIGANIA EAST,KARAMA,URRU_KARAMA
TIGANIA,TIGANIA WEST,KIORIMBA,KIORIMBA
TIGANIA,TIGANIA WEST,KIANDIU,ITHAMARE
TIGANIA,TIGANIA WEST,RWANDA,KANDEBENE
TIGANIA,TIGANIA WEST,MBEU,KIBULINE
TIGANIA,TIGANIA EAST,ANKAMIA,ANKAMIA
TIGANIA,TIGANIA EAST,MUCIIMUKURU,AMETHO_T C
TIGANIA,TIGANIA WEST,MUMUI,MUMUI
TIGANIA,TIGANIA EAST,MIKINDURI WEST,MAREGA
TIGANIA,TIGANIA WEST,KIORIMBA,MACHEGENE
TIGANIA,TIGANIA EAST,KIGUCHWA,KIGUCHWA
TIGANIA,TIGANIA WEST,KITHEO,KITHEO
TIGANIA,TIGANIA EAST,THANGATHA,GIITHU
TIGANIA,TIGANIA EAST,NGAREMARA,TURINGWI
TIGANIA,TIGANIA EAST,KIGUCHWA,ABODII
TIGANIA,TIGANIA EAST,ANTUANDURU,GITUDU
TIGANIA,TIGANIA EAST,BUURI,MABURUWA
TIGANIA,TIGANIA EAST,AMUGAA,NKWILA
TIGANIA,TIGANIA EAST,ANKAMIA,IGURUNE
TIGANIA,TIGANIA EAST,MUTHARA,IROTIA
TIGANIA,TIGANIA EAST,MUCIIMUKURU,MUCIIMUKURU
TIGANIA,TIGANIA EAST,THANGATHA,KUNATI
TINDERET,TINDERET,CHEMASE,KAPKUONG
TINDERET,TINDERET,KAPSIMATWO,KAPSIMATWO
TINDERET,TINDERET,KABOLEBO,KABOLEBO
TINDERET,TINDERET,KABIRER,KIBUKWO
TINDERET,TINDERET,KAMELIL,KAPSOEN
TINDERET,TINDERET,CHEMAMUL,CHEBANGANG
TINDERET,TINDERET,KABIRER,CHERENDO
TINDERET,TINDERET,CHEMASE,KIBISEM
TINDERET,TINDERET,KABUTIET,KABUTIEI
TINDERET,TINDERET,SOBA,SOBA RIVER
TINDERET,TINDERET,CHEMELIL,CHEMELIL
TINDERET,TINDERET,TACHASIS,KAPLAMAIYWO
TINDERET,TINDERET,KAMELIL,NGATIPKONG
TINDERET,TINDERET,KAPKITONY,MOMBWO
TINDERET,TINDERET,CHEMELIL,KIMWANI
TINDERET,TINDERET,CHEMAMUL,CHEMAMUL
TINDERET,TINDERET,KABIRER,KABIRER
TINDERET,TINDERET,SONGHOR,TAUNET
TINDERET,TINDERET,KAPKITONY,CHEPTONON
TINDERET,TINDERET,KABOLEBO,KAPLELACH
TINDERET,TINDERET,CHEPSIRE,CHEPSIRE
TINDERET,TINDERET,KAMELIL,KAMELIL
TINDERET,TINDERET,SONGHOR,SOKOSIK
TINDERET,TINDERET,KAMELILO,TEBESON
TINDERET,TINDERET,CHEMAMUL,KIPYAOR
TINDERET,TINDERET,SOBA,KAPKITANY
TINDERET,TINDERET,TINDERET,TINDERET
TINDERET,TINDERET,CHEMASE,KIBIGONG
TINDERET,TINDERET,METEITEI,METEITEI
TINDERET,TINDERET,CHEPKEMEL,KABIKWEN
TINDERET,TINDERET,TINDERET,MBOGOVALE
TINDERET,TINDERET,CHEPKEMEL,KIPSIWO
TINDERET,TINDERET,KABUTIET,MATAMBACH
TINDERET,TINDERET,CHEPSIRE,BARASENDU
TINDERET,TINDERET,SONGHOR,SONGHOR
TINDERET,TINDERET,CHEPKEMEL,CHEPKEMEL
TINDERET,TINDERET,KAMELILO,SENATWO
TINDERET,TINDERET,TACHASIS,TACHASIS
TINDERET,TINDERET,CHEMELIL,TAMBUL
TINDERET,TINDERET,KAMELILO,GOTNELEL
TINDERET,TINDERET,TINDERET,KIMATKEI
TINDERET,TINDERET,METEITEI,SETEK
TINDERET,TINDERET,KAPSIMATWO,CHEMATICH
TINDERET,TINDERET,CHEMASE,CHEMURSOI
TINDERET,TINDERET,SOBA,SIGORIA
TINDERET,TINDERET,SOBA,KAMILET
TINDERET,TINDERET,KAPSIMATWO,KIBWARENG
TINDERET,TINDERET,SIRET,TEMSO
TINDERET,NANDI HILLS,CHEPTILILIK,KAPKOROS
TINDERET,TINDERET,CHEBARUS,CHEPSANGOR
TINDERET,TINDERET,SIRET,CHEPKOIYO
TRANS MARA,KILGORIS,OLOMISMIS,OLOMISMIS
TRANS MARA,KILGORIS,SHARTUKA,SHARTUKA
TRANS MARA,KILGORIS,ESOIT NAIBOR,ESOIT NAIBOR
TRANS MARA,KILGORIS,SHANKOE,SHANKOE
TRANS MARA,KILGORIS,ANGATA,ANGATA BARIKO
TRANS MARA,EMURUA DIKIRR,OLOLMASANI,OLOLMASANI
TRANS MARA,KILGORIS,OLOBORSOITO,OLDONYO RASHA
TRANS MARA,KILGORIS,MOITA,MOITA
TRANS MARA,EMURUA DIKIRR,KAPSASIAN,KAPSASIAN
TRANS MARA,KILGORIS,OLOLCHANI,ENDONYO NKOPIT
TRANS MARA,EMURUA DIKIRR,OLOLMASANI,ABOSSI
TRANS MARA,KILGORIS,POROKO,POROKO
TRANS MARA,KILGORIS,OLOLCHANI,OLOLCHANI
TRANS MARA,EMURUA DIKIRR,NJIPISHIP,KAPKOROS
TRANS MARA,KILGORIS,MASHANGWA,MASHANGWA
TRANS MARA,KILGORIS,OLOBORSOITO,KILUTOORI
TRANS MARA,EMURUA DIKIRR,KAPSASIAN,KABULECHO
TRANS MARA,EMURUA DIKIRR,EMURUA DIKIRR,CHEMAMIT
TRANS MARA,KILGORIS,MOYOI,LOLGORIAN
TRANS MARA,EMURUA DIKIRR,NJIPISHIP,NDAMAMA
TRANS MARA,EMURUA DIKIRR,MURKAN,ILKERIN
TRANS MARA,KILGORIS,OSUPUKO,OSUPUKO
TRANS MARA,KILGORIS,OLALUI,ILMESHUKI
TRANS MARA,KILGORIS,OLDONYO-OROK,OLDONYO-OROK
TRANS MARA,KILGORIS,SHANKOE,ENAENYIENY
TRANS MARA,KILGORIS,ORONKAI,ORONKAI
TRANS MARA,EMURUA DIKIRR,NJIPISHIP,NJIPISHIP
TRANS MARA,KILGORIS,ANGATA,NGENDALEL
TRANS MARA,KILGORIS,KAPUNE,SIRUA-AULO
TRANS MARA,KILGORIS,OLOLTARE,ILPASHIRE
TRANS MARA,KILGORIS,ENOOSAEN,MAPASHI
TRANS MARA,KILGORIS,ANGATA,CHELCHEL
TRANS MARA,KILGORIS,SIKAWA,SIKAWA
TRANS MARA,EMURUA DIKIRR,MOGOR,MUGOR
TRANS MARA,KILGORIS,ENOOSAEN,ENOOSAEN
TRANS MARA,KILGORIS,MEGUARRA,MEGUARRA
TRANS MARA,KILGORIS,OLALUI,OLALUI
TRANS MARA,KILGORIS,OLOLCHANI,LEPOLOSI
TRANS MARA,KILGORIS,POROKO,NAKUIYANA
TRANS MARA,KILGORIS,MEGUARRA,ROMOSHA
TRANS MARA,KILGORIS,OLOIRIEN,OLOLMONGI
TRANS MARA,KILGORIS,NKARARO,NKARARO
TRANS MARA,KILGORIS,OSUPUKO,NARONYO
TRANS MARA,EMURUA DIKIRR,MOGOR,MOGONDO
TRANS MARA,KILGORIS,OLDONYO-OROK,KONDAMET
TRANS MARA,KILGORIS,ISAMPIN,ISAMPIN
TRANS MARA,KILGORIS,OLOMISMIS,OLESENTU
TRANS MARA,KILGORIS,ORONKAI,PIMBINET
TRANS MARA,KILGORIS,EMARTI,EMARTI
TRANS MARA,KILGORIS,KIMINTET,KIRINDONI
TRANS MARA,KILGORIS,MASURURA,MASURURA
TRANS MARA,KILGORIS,NDONYO,NAAR-OLONG
TRANS MARA,KILGORIS,ORONKAI,MEDUNGI
TRANS MARA,KILGORIS,SHANKOE,OLEREKO
TRANS MARA,KILGORIS,MOYOI,OLKILORITI
TRANS MARA,KILGORIS,MOYOI,OLMOTONYI
TRANS MARA,KILGORIS,NKARARO,ILDOLISHO
TRANS MARA,KILGORIS,ESOIT NAIBOR,PUSANKI
TRANS MARA,KILGORIS,NTULELE,NTULELE
TRANS MARA,KILGORIS,OLOLTARE,OLOLTARE
TRANS MARA,KILGORIS,OLOMISMIS,OLENGOLOTO
TRANS MARA,KILGORIS,SIKAWA,OLDANYATI
TRANS MARA,KILGORIS,OLOLTARE,NTUKA
TRANS MARA,KILGORIS,KIMINTET,OLOOLOLO
TRANS MARA,KILGORIS,OSINONI,OSINONI
TRANS MARA,KILGORIS,NDONYO,KIIKAT
TRANS MARA,KILGORIS,ISAMPIN,ELANGATA SAEN
TRANS MARA,KILGORIS,OLALUI,MUKULLETA
TRANS MARA,KILGORIS,OLOIRIEN,KAWAI
TRANS MARA,KILGORIS,ISOKON,KERINKANNE
TRANS MARA,EMURUA DIKIRR,KAPSASIAN,CHEMAMIT
TRANS NZOIA EAST,CHERANGANY,SUWERWA,KAPKARWA
TRANS NZOIA EAST,CHERANGANY,CHEPSIRO,KAPSIGILAI
TRANS NZOIA EAST,CHERANGANY,SITATUNGA,SITATUNGA
TRANS NZOIA EAST,CHERANGANY,MOTOSIET,KIMOSON
TRANS NZOIA EAST,CHERANGANY,MILIMANI,KIPTOI
TRANS NZOIA EAST,CHERANGANY,SINYERERE,SINYERERE
TRANS NZOIA EAST,CHERANGANY,MOTOSIET,MOTOSIET
TRANS NZOIA EAST,CHERANGANY,MAKUTANO,BIRIBIRIET
TRANS NZOIA EAST,CHERANGANY,KIPTOROR,GETA
TRANS NZOIA EAST,CHERANGANY,MILIMANI,MILIMANI
TRANS NZOIA EAST,CHERANGANY,MAKUTANO,KAPOLET
TRANS NZOIA EAST,CHERANGANY,CHERANGANY,KACHIBORA
TRANS NZOIA EAST,CHERANGANY,SUWERWA,KAPTUMBO
TRANS NZOIA EAST,CHERANGANY,MAKUTANO,KAPSARA
TRANS NZOIA EAST,CHERANGANY,CHERANGANY,NZOIA
TRANS NZOIA EAST,CHERANGANY,CHEPSIRO,KIBUSWA
TRANS NZOIA EAST,CHERANGANY,KIPTOROR,TOP-SUWERWA
TRANS NZOIA EAST,CHERANGANY,SUWERWA,KAPTERIT
TRANS NZOIA WEST,KIMININI,KIMININI,NABISWA
TRANS NZOIA WEST,SABOTI,MUNICIPALITY,KIPSONGOK
TRANS NZOIA WEST,KIMININI,SIKHENDU,SIKHENDU
TRANS NZOIA WEST,SABOTI,MACHEWA,MACHEWA
TRANS NZOIA WEST,SABOTI,SABOTI,SABOTI
TRANS NZOIA WEST,KIMININI,WAITALUK,KAPKOI SISAL
TRANS NZOIA WEST,KIMININI,KIMININI,KIMININI
TRANS NZOIA WEST,KIMININI,KIBOMET,NAISAMBU
TRANS NZOIA WEST,SABOTI,MUNICIPALITY,TUWAN
TRANS NZOIA WEST,SABOTI,MATISI,MATISI
TRANS NZOIA WEST,KIMININI,WAITALUK,SIRENDE
TRANS NZOIA WEST,SABOTI,KINYORO,KIPYOYWAN
TRANS NZOIA WEST,SABOTI,KINYORO,KINYORO
TRANS NZOIA WEST,SABOTI,KIBOROA,KIBOROA
TRANS NZOIA WEST,KIMININI,KIBOMET,MILIMANI
TRANS NZOIA WEST,SABOTI,MUNICIPALITY,GRASSLAND
TRANS NZOIA WEST,SABOTI,MATISI,RAFIKI
TRANS NZOIA WEST,SABOTI,KISAWAI,TELDET
TRANS NZOIA WEST,SABOTI,MUNICIPALITY,BONDENI
TRANS NZOIA WEST,KWANZA,KIBOMET,BIDII
TRANS NZOIA WEST,KWANZA,NAMANJALALA,NAMANJALALA
TRANS NZOIA WEST,KWANZA,KWANZA,KWANZA
TRANS NZOIA WEST,KWANZA,KAISAGAT,AMUKA
TRANS NZOIA WEST,KWANZA,KAPOMBOI,KAPOMBOI
TRANS NZOIA WEST,KWANZA,KAISAGAT,KAISAGAT
TRANS NZOIA WEST,KWANZA,KAPSITWET,LIYAVO
TURKANA CENTRAL,TURKANA CENTRAL,KANAMKEMER,KANAMKEMER
TURKANA CENTRAL,LOIMA,NADAPAL,TIYA
TURKANA CENTRAL,LOIMA,LOKIRIAMA,ATALA KAMUSIO
TURKANA CENTRAL,TURKANA CENTRAL,KERIO,KERIO
TURKANA CENTRAL,TURKANA CENTRAL,KANAMKEMER,NAWOITORONG
TURKANA CENTRAL,TURKANA CENTRAL,LODWAR TOWNSHIP,NAKWAMEKWI
TURKANA CENTRAL,TURKANA CENTRAL,LODWAR TOWNSHIP,NAPETET
TURKANA CENTRAL,LOIMA,LOKIRIAMA,LOKIRIAMA
TURKANA CENTRAL,LOIMA,LORUGUM,KALEMUNYANG
TURKANA CENTRAL,LOIMA,LORUGUM,TURKWEL
TURKANA CENTRAL,LOIMA,NADAPAL,NADAPAL
TURKANA CENTRAL,LOIMA,NADAPAL,NAPEIKAR
TURKANA CENTRAL,TURKANA CENTRAL,KALOKOL,KALOKOL
TURKANA CENTRAL,TURKANA CENTRAL,KERIO,NADOTO
TURKANA CENTRAL,TURKANA CENTRAL,KERIO,NAKURIO
TURKANA CENTRAL,TURKANA CENTRAL,LODWAR TOWNSHIP,LODWAR TOWNSHIP
TURKANA CENTRAL,LOIMA,LOIMA,NAMORUPUTH
TURKANA CENTRAL,TURKANA CENTRAL,LORENGELUP,KAKIMAT
TURKANA CENTRAL,LOIMA,LORUGUM,LORUGUM
TURKANA CENTRAL,TURKANA CENTRAL,KANGIRISAE,KANGIRISAE
TURKANA CENTRAL,TURKANA CENTRAL,NAMUKUSE,NAMUKUSE
TURKANA CENTRAL,LOIMA,LORUGUM,LOBEI
TURKANA CENTRAL,LOIMA,LORENGIPPI,LORENGIPPI
TURKANA CENTRAL,TURKANA CENTRAL,KANGIRISAE,NAKORET
TURKANA CENTRAL,LOIMA,LORENGIPPI,LOYA
TURKANA CENTRAL,TURKANA CENTRAL,KALOKOL,KAPUA
TURKANA CENTRAL,TURKANA CENTRAL,KANGATOTHA,NAOROS
TURKANA CENTRAL,LOIMA,LOMEYAN,LOMEYAN
TURKANA CENTRAL,TURKANA CENTRAL,KANGATOTHA,LOMOPUS
TURKANA CENTRAL,TURKANA CENTRAL,KALOKOL,NAMADAK
TURKANA CENTRAL,TURKANA CENTRAL,LORENGELUP,LORENGELUP
TURKANA CENTRAL,LOIMA,LOMEYAN,KAPUS
TURKANA CENTRAL,LOIMA,LOKIRIAMA,LOCHOR LOMALA
TURKANA CENTRAL,LOIMA,NADAPAL,KAWALATHE
TURKANA CENTRAL,TURKANA CENTRAL,LORENGELUP,KANGAGETEI
TURKANA CENTRAL,TURKANA CENTRAL,KANGATOTHA,ELIYE
TURKANA CENTRAL,LOIMA,LOIMA,LOCHOR- EDOME
TURKANA CENTRAL,LOIMA,LOIMA,PUCH
TURKANA CENTRAL,LOIMA,LORENGIPPI,NAKURIO
TURKANA CENTRAL,LOIMA,LOIMA,LOCHOR- EKUYEN
TURKANA NORTH,TURKANA WEST,PELEKECH,LOPUSIKI
TURKANA NORTH,TURKANA WEST,LORENG,LORENG
TURKANA NORTH,TURKANA WEST,NANAM,NANAM
TURKANA NORTH,TURKANA NORTH,NGISSIGER,NACHUKUI
TURKANA NORTH,TURKANA WEST,KAKUMA,NADAPAL
TURKANA NORTH,TURKANA WEST,LOKICHOGIO,LOKICHOGIO
TURKANA NORTH,TURKANA WEST,MOGILA,LOPINDING
TURKANA NORTH,TURKANA NORTH,NGISSIGER,LOWARENGAK
TURKANA NORTH,TURKANA NORTH,YAPAKUNO,KAALEM
TURKANA NORTH,TURKANA NORTH,NAKALALE,NAKALALE
TURKANA NORTH,TURKANA WEST,KALOBEYEI,KALOBEYEI
TURKANA NORTH,TURKANA WEST,PELEKECH,NAMON
TURKANA NORTH,TURKANA NORTH,KAIKOR,LOKOLIO
TURKANA NORTH,TURKANA WEST,KAKUMA,MORUNGOLE
TURKANA NORTH,TURKANA WEST,LOTETELEIT,LOTETELEIT
TURKANA NORTH,TURKANA WEST,SONGOT,SONGOT
TURKANA NORTH,TURKANA NORTH,LOKITAUNG,NAKALALE
TURKANA NORTH,TURKANA NORTH,RIAKOMOR,RIAKOMOR
TURKANA NORTH,TURKANA WEST,MOGILA,MOGILA
TURKANA NORTH,TURKANA NORTH,KOKURO,KOKURO
TURKANA NORTH,TURKANA WEST,KALOBEYEI,NATIRA
TURKANA NORTH,TURKANA WEST,KALOBEYEI,SONGOT
TURKANA NORTH,TURKANA NORTH,NAKALALE,LOSAJAIT
TURKANA NORTH,LOIMA,NADAPAL,NAPEIKAR
TURKANA NORTH,TURKANA NORTH,KAIKOR,LOITANIT
TURKANA NORTH,TURKANA WEST,LOKICHOGIO,LOKARIWON
TURKANA NORTH,TURKANA WEST,NANAM,LOMEYAN
TURKANA NORTH,TURKANA NORTH,KAREBUR,KAREBUR
TURKANA NORTH,TURKANA WEST,KAKUMA,TARACH
TURKANA NORTH,TURKANA NORTH,LOKITAUNG,KACHODA
TURKANA NORTH,TURKANA WEST,KALOBEYEI,OROPOI
TURKANA NORTH,TURKANA WEST,SONGOT,LOKUDULE
TURKANA NORTH,TURKANA WEST,PELEKECH,LOKORE
TURKANA NORTH,TURKANA WEST,KALOBEYEI,NALAPATUI
TURKANA NORTH,TURKANA NORTH,NAKALALE,KOBWIN
TURKANA NORTH,TURKANA WEST,KAKUMA,LOPUR
TURKANA NORTH,TURKANA WEST,SONGOT,LOPWARIN
TURKANA NORTH,TURKANA NORTH,RIAKOMOR,KOKISELEI
TURKANA NORTH,TURKANA NORTH,LOKITAUNG,NATOO
TURKANA NORTH,TURKANA NORTH,LORUTH,KOTOME
TURKANA NORTH,TURKANA NORTH,YAPAKUNO,MILIMA TATU
TURKANA NORTH,TURKANA NORTH,KOKURO,SASAME
TURKANA NORTH,TURKANA WEST,LETEA,LOKIPOTO
TURKANA NORTH,TURKANA WEST,KALOBEYEI,LONYODUK
TURKANA NORTH,TURKANA WEST,LETEA,LORITIT
TURKANA NORTH,TURKANA WEST,LORAO,LOKANGAE
TURKANA NORTH,TURKANA NORTH,KATABOI,KATABOI
TURKANA NORTH,TURKANA NORTH,NGISSIGER,KANAMKUNY
TURKANA NORTH,LOIMA,LOMEYAN,KAPUS
TURKANA NORTH,TURKANA NORTH,KAERIS,KANGAKIPUR
TURKANA SOUTH,TURKANA EAST,KATILIA,ELELEA
TURKANA SOUTH,TURKANA SOUTH,KATILU,KALEMUNGOROK
TURKANA SOUTH,TURKANA SOUTH,KATILU,LOKAPEL
TURKANA SOUTH,TURKANA SOUTH,LOCHWANGI KAMA,NAPOSUMURU
TURKANA SOUTH,TURKANA SOUTH,LOKICHAR,LOKICHAR
TURKANA SOUTH,TURKANA SOUTH,KATILU,KATILU
TURKANA SOUTH,TURKANA SOUTH,KAPUTIR,NAKWAMORU
TURKANA SOUTH,TURKANA SOUTH,LOCHWANGI KAMA,LOCHWANGI KAMATAK
TURKANA SOUTH,TURKANA SOUTH,KATILU,KANAODON
TURKANA SOUTH,TURKANA SOUTH,KAPUTIR,KALOMWAE
TURKANA SOUTH,TURKANA EAST,LOKORI,LOTUBAE
TURKANA SOUTH,TURKANA EAST,KAPEDO,KAPEDO
TURKANA SOUTH,TURKANA SOUTH,KAINUK,KAINUK
TURKANA SOUTH,TURKANA EAST,KATILIA,PARKATI
TURKANA SOUTH,TURKANA EAST,LOKORI,KANGITIT
TURKANA SOUTH,TURKANA EAST,LOKORI,LOKORI
TURKANA SOUTH,TURKANA SOUTH,LOKICHAR,KAPESE
TURKANA SOUTH,TURKANA EAST,LOMELO,LOMELO
TURKANA SOUTH,TURKANA EAST,KATILIA,KATILIA
TURKANA SOUTH,TURKANA EAST,KAPEDO,SILALE
TURKANA SOUTH,TURKANA EAST,KOCHODIN,KOCHODIN
TURKANA SOUTH,TURKANA EAST,KOCHODIN,LOPII
TURKANA SOUTH,TURKANA SOUTH,KALAPATA,KALAPATA
TURKANA SOUTH,TURKANA SOUTH,KAINUK,KAKONG
TURKANA SOUTH,TURKANA EAST,LOCHAKULA,KAKULIT
TURKANA SOUTH,TURKANA EAST,KAMUGE,NGILUKIA
TURKANA SOUTH,TURKANA SOUTH,KALAPATA,LOPEROT
VIHIGA,VIHIGA,CENTRAL MARAGOLI,KIDUNDU
VIHIGA,VIHIGA,SOUTH MARAGOLI,IDELERI
VIHIGA,VIHIGA,SOUTH MARAGOLI,CHAGENDA
VIHIGA,VIHIGA,WAMULUMWA,MBIHI
VIHIGA,VIHIGA,LUGAGA,MAGUI
VIHIGA,VIHIGA,CENTRAL MARAGOLI,CHANGO
VIHIGA,VIHIGA,SOUTH MARAGOLI,MASANA
VIHIGA,SABATIA,WEST MARAGOLI,KEGONDI
VIHIGA,VIHIGA,MUNGOMA,MAHANGA
VIHIGA,VIHIGA,MUNGOMA,VIGULU
VIHIGA,SABATIA,WEST MARAGOLI,SOLONGO
VIHIGA,VIHIGA,LUGAGA,VUNANDI
VIHIGA,SABATIA,WODANGA,GAVUDIA
VIHIGA,SABATIA,NORTH MARAGOLI,KIGAMA
VIHIGA,SABATIA,BUSALI EAST,CHAVOGERE
VIHIGA,SABATIA,NORTH MARAGOLI,MUDETE
VIHIGA,VIHIGA,LUGAGA,MUHANDA
VIHIGA,SABATIA,CHAVAKALI,IGUNGA
VIHIGA,VIHIGA,MUNGOMA,MADZUU
VIHIGA,VIHIGA,MUNGOMA,KISIENYA
VIHIGA,SABATIA,NORTH MARAGOLI,DIGULA
VIHIGA,SABATIA,WODANGA,GAIGEDI
VIHIGA,SABATIA,BUSALI WEST,BUGINA
VIHIGA,SABATIA,WODANGA,LUSENGELI
VIHIGA,SABATIA,IZAVA SOUTH,DEMESI
VIHIGA,SABATIA,BUSALI EAST,ITEGERO
VIHIGA,SABATIA,WEST MARAGOLI,HAMUYUNDI
VIHIGA,VIHIGA,CENTRAL MARAGOLI,EMANDA
VIHIGA,VIHIGA,WAMULUMWA,CHAMBITI
VIHIGA,VIHIGA,CENTRAL MARAGOLI,IKUMBA
VIHIGA,SABATIA,WEST MARAGOLI,KISATIRU
VIHIGA,SABATIA,NORTH MARAGOLI,KIVAGALA
VIHIGA,SABATIA,IZAVA NORTH,MUNOYWA
VIHIGA,SABATIA,WODANGA,VOKOLI
VIHIGA,SABATIA,CHAVAKALI,EVOJO
VIHIGA,VIHIGA,WAMULUMWA,KEGOYE
VIHIGA,SABATIA,BUSALI WEST,CHAMAKANGA
VIHIGA,SABATIA,CHAVAKALI,WALODEYA
VIHIGA,SABATIA,IZAVA SOUTH,LYADUYWA
VIHIGA,SABATIA,WODANGA,MAMBAI
VIHIGA,VIHIGA,SOUTH MARAGOLI,LUSIOLA
VIHIGA,SABATIA,BUSALI WEST,BUDAYWA
VIHIGA,SABATIA,IZAVA SOUTH,MUKINGI
VIHIGA,SABATIA,NORTH MARAGOLI,MULUNDU
VIHIGA,SABATIA,CHAVAKALI,WANONDI
VIHIGA,SABATIA,CHAVAKALI,VIYALO
VIHIGA,SABATIA,IZAVA NORTH,MBALE
VIHIGA,SABATIA,BUSALI EAST,KEDOLI
VIHIGA,SABATIA,IZAVA NORTH,BUKULUNYA
WAJIR EAST,WAJIR EAST,JOGBARU,GOT ADE
WAJIR EAST,TARBAJ,WARGADUD,AUSMUDULE
WAJIR EAST,WAJIR EAST,WAJIR BOR,WAJIR BOR
WAJIR EAST,WAJIR EAST,BARWAQO,BARWAQO
WAJIR EAST,WAJIR EAST,TOWNSHIP,ALI MAOW
WAJIR EAST,WAJIR EAST,WAGBERI,WAGBERI
WAJIR EAST,WAJIR EAST,JOGBARU,JOGOO
WAJIR EAST,TARBAJ,TARBAT,TARBAT
WAJIR EAST,TARBAJ,WARGADUD,HUNGAI
WAJIR EAST,WAJIR EAST,HODHAN,HODHAN
WAJIR EAST,TARBAJ,KOTULO,KOTULO
WAJIR EAST,TARBAJ,WARGADUD,WARGADUD
WAJIR EAST,WAJIR EAST,TOWNSHIP,TOWNSHIP
WAJIR EAST,WAJIR EAST,JOGBARU,MAKAROR
WAJIR EAST,TARBAJ,DAMBAS,DAMBAS
WAJIR EAST,WAJIR EAST,RIBA,RIBA
WAJIR EAST,TARBAJ,SARMAN,SARMAN
WAJIR EAST,TARBAJ,DASHEG,DASHEG
WAJIR EAST,WAJIR EAST,KHOROF HARAR,KHOROF HARAR
WAJIR EAST,TARBAJ,ELBEN,ELBEN
WAJIR EAST,TARBAJ,MANSA,MANSA
WAJIR EAST,TARBAJ,LAFALEY,JOWHAR
WAJIR EAST,WAJIR EAST,KHOROF HARAR,DOWYARRE
WAJIR NORTH,WAJIR NORTH,BUTE,BUTE
WAJIR NORTH,WAJIR NORTH,GURAR,GURAR
WAJIR NORTH,WAJIR NORTH,BUNA,BUNA
WAJIR NORTH,WAJIR NORTH,KORONDILE,KORONDILE
WAJIR NORTH,WAJIR NORTH,DANABA,DANABA
WAJIR NORTH,WAJIR NORTH,AJAWA,AJAWA
WAJIR NORTH,WAJIR NORTH,GODOMA,GODOMA
WAJIR NORTH,WAJIR NORTH,DUGO,DUGO
WAJIR NORTH,WAJIR NORTH,OGORJI,OGORJI
WAJIR SOUTH,WAJIR SOUTH,DAGAHALEY,DAGAHALEY
WAJIR SOUTH,WAJIR SOUTH,ABAKORE,ABAKORE
WAJIR SOUTH,WAJIR SOUTH,DIFF,SALAMA
WAJIR SOUTH,WAJIR SOUTH,KIBILAY,KIBILAY
WAJIR SOUTH,WAJIR SOUTH,BUR-DER,BUR-DER
WAJIR SOUTH,WAJIR SOUTH,SEBULE,SEBULE
WAJIR SOUTH,WAJIR SOUTH,KULAALEY,EL-ADOW
WAJIR SOUTH,WAJIR SOUTH,DADAJA BULLA,DADAJA BULLA
WAJIR SOUTH,WAJIR SOUTH,BANANE,BANANE
WAJIR SOUTH,WAJIR SOUTH,ABAKORE,MERI
WAJIR SOUTH,WAJIR SOUTH,KURSIN,KURSIN
WAJIR SOUTH,WAJIR SOUTH,SARIF,SARIF
WAJIR SOUTH,WAJIR SOUTH,KULAALEY,EYRIB
WAJIR SOUTH,WAJIR SOUTH,DIFF,DIFF
WAJIR SOUTH,WAJIR SOUTH,KIWANJA NDEGE,KIWANJA NDEGE
WAJIR SOUTH,WAJIR SOUTH,KULAALEY,LEHELEY
WAJIR SOUTH,WAJIR SOUTH,SHIMBIR BUL,SHIMBIR
WAJIR SOUTH,WAJIR SOUTH,GERILLE,HANDAKI
WAJIR SOUTH,WAJIR SOUTH,MACHESA,MACHESA
WAJIR SOUTH,WAJIR SOUTH,IBRAHIM URE,IBRAHIM URE
WAJIR SOUTH,WAJIR SOUTH,DILMANYALE,DILMANYALE
WAJIR SOUTH,WAJIR SOUTH,LAGBOGOL SOUTH,LAGBOGOS
WAJIR SOUTH,WAJIR SOUTH,KULAALEY,KULAALEY
WAJIR SOUTH,WAJIR SOUTH,SEBULE,FINNI
WAJIR SOUTH,WAJIR SOUTH,KIWANJA NDEGE,KANJARA
WAJIR WEST,ELDAS,ELDAS,ELDAS
WAJIR WEST,WAJIR WEST,WAGALLA,WAGALLA
WAJIR WEST,ELDAS,TULA TULA,TULA TULA
WAJIR WEST,WAJIR WEST,GANYURE,GANYURE
WAJIR WEST,WAJIR WEST,ADEMASAJIDA,ADEMASAJIDA
WAJIR WEST,WAJIR WEST,HADADO NORTH,HADADO NORTH
WAJIR WEST,WAJIR WEST,LAGHBOGOL NORT,LAGHBOGOL NORTH
WAJIR WEST,ELDAS,ANOLE,ANOLE
WAJIR WEST,ELDAS,ARBAJAHAN,ARBAJAHAN
WAJIR WEST,WAJIR WEST,GANYURE,BARMISH
WAJIR WEST,WAJIR WEST,GRIFTU,JAGAHIR
WAJIR WEST,ELDAS,KILKILEY,KILKILEY
WAJIR WEST,WAJIR WEST,ATHIBOHOL,ATHIBOHOL
WAJIR WEST,WAJIR WEST,LOLKUTA NORTH,LOLKUTA NORTH
WAJIR WEST,ELDAS,EL NUR,EL NUR
WAJIR WEST,WAJIR WEST,KUKALA,KUKALA
WAJIR WEST,TARBAJ,DASHEG,DASHEG
WAJIR WEST,WAJIR WEST,HADADO SOUTH,HADADO SOUTH
WAJIR WEST,WAJIR WEST,GARSE KOFTU,GARSE KOFTU
WAJIR WEST,ELDAS,MATHO,MATHO
WAJIR WEST,ELDAS,BASIR,BASIR
WARENG,KESSES,KESSES,KESSES
WARENG,KESSES,CHUIYAT,KOISAGAT
WARENG,KESSES,TIMBOROA,CHAGAIYA
WARENG,KAPSERET,NGERIA,KABONGO
WARENG,KAPSERET,SIMAT,SIMAT
WARENG,KESSES,KIPCHAMO,SAROIYOT
WARENG,KAPSERET,MEGUN,MEGUN
WARENG,KESSES,TIMBOROA,KIPKURERE
WARENG,KAPSERET,KAPSERET,LEMOOK
WARENG,KESSES,KAPKOI,EMKWEN
WARENG,KAPSERET,PIONEER,LANGAS
WARENG,KESSES,CHEPTIRET,CHEPTIRET
WARENG,KESSES,OLEINGUSE,LEINGUSE
WARENG,KAPSERET,KAPSERET,CHEPKATET
WARENG,KAPSERET,MEGUN,NDUBENETI
WARENG,KESSES,TULWET,TULWET
WARENG,KESSES,TARAKWA,LINGWAI
WARENG,KESSES,TARAKWA,TARAKWA
WARENG,KESSES,CHEPTIRET,MUGUNDOI
WARENG,KAPSERET,MEGUN,SONGOLIET
WARENG,KESSES,KIPCHAMO,LENGUT
WARENG,KAPSERET,NGERIA,KAPLELACH
WARENG,KESSES,KAPKOI,KAPTUMO
WEST POKOT,KAPENGURIA,ENDUGH,KRIICH
WEST POKOT,POKOT SOUTH,BATEI,MORPUS
WEST POKOT,POKOT SOUTH,KIPKOMO,CHEPARERIA
WEST POKOT,KAPENGURIA,KAIBOS,KIPKORINYA
WEST POKOT,KAPENGURIA,KAISAKAT,SIYOI
WEST POKOT,KAPENGURIA,MNAGEI,KERINGET
WEST POKOT,POKOT SOUTH,YWALATEKE,YWALATEKE
WEST POKOT,KAPENGURIA,CHEPKOMOS,PSAPAI
WEST POKOT,KAPENGURIA,KAPENGURIA,KAMATIRA
WEST POKOT,KAPENGURIA,KAISAKAT,KAPCHILA
WEST POKOT,KAPENGURIA,RIWO,KONGELAI
WEST POKOT,KAPENGURIA,KAPENGURIA,CHEWOYET
WEST POKOT,KAPENGURIA,PTOYO,PTOYO
WEST POKOT,KAPENGURIA,KISHAUNET,LITYEI
WEST POKOT,KAPENGURIA,MNAGEI,PSIGIRIO
WEST POKOT,KAPENGURIA,ENDUGH,KASITEI
WEST POKOT,KAPENGURIA,CHEMWOCHOI,KOMOL
WEST POKOT,POKOT SOUTH,KIPKOMO,KOSULOL
WEST POKOT,KAPENGURIA,KAPKORIS,TILAK
WEST POKOT,KAPENGURIA,MISKWONY,MISKWONY
WEST POKOT,POKOT SOUTH,SENETWO,CHEPTURGUNY
WEST POKOT,POKOT SOUTH,CHEPKOPEGH,SHALPOGH
WEST POKOT,POKOT SOUTH,CHEPKOPEGH,PSERUM
WEST POKOT,KAPENGURIA,NAKWIJIT,RUKEI
WEST POKOT,KAPENGURIA,KAIBOS,KAIBOS
WEST POKOT,POKOT SOUTH,BATEI,ORTUM
WEST POKOT,KAPENGURIA,KERINGET,CHEPTUYA
WEST POKOT,KAPENGURIA,KANYARKWAT,ADURKOIT
WEST POKOT,POKOT SOUTH,LELAN,KAPKANYAR
WEST POKOT,KAPENGURIA,SEREWO,KAMAYECH
WEST POKOT,KAPENGURIA,KAPKORIS,CHEMWOCHOI
WEST POKOT,KAPENGURIA,KANYARKWAT,KRESWO
WEST POKOT,KAPENGURIA,PTOYO,KETIAM
WEST POKOT,POKOT SOUTH,SONDANY,NYARPAT
WEST POKOT,KAPENGURIA,MISKWONY,EMBOASIS
WEST POKOT,KAPENGURIA,KAPKORIS,KAPROM
WEST POKOT,POKOT SOUTH,KAPYOGEN,CHEPKONO
WEST POKOT,POKOT SOUTH,KAPTABUK,CHEPARTEN
WEST POKOT,KAPENGURIA,SOOK,CHEPNYAR
WEST POKOT,POKOT SOUTH,CHEPKOPEGH,CHEPKOPEGH
WEST POKOT,POKOT SOUTH,PARUA,PUSOL
WEST POKOT,KAPENGURIA,KAPENGURIA,MWOTOT
WEST POKOT,POKOT SOUTH,YWALATEKE,KAPCHEMOGEN
WEST POKOT,KAPENGURIA,SOOK,MUNGIT
WEST POKOT,KAPENGURIA,NAKWIJIT,MERUR
WEST POKOT,POKOT SOUTH,YWALATEKE,MONGORION
WEST POKOT,KAPENGURIA,SOOK,TINDAR
WEST POKOT,POKOT SOUTH,SENETWO,SLA
WEST POKOT,KAPENGURIA,TALAU,CHEPKOTI
WEST POKOT,POKOT SOUTH,CHEPKOPEGH,CHESRA
WEST POKOT,KAPENGURIA,CHEPKOMOS,TOMPUL
WEST POKOT,POKOT SOUTH,LELAN,KAPSAIT
WEST POKOT,POKOT SOUTH,SENETWO,SENETWO
WEST POKOT,POKOT SOUTH,BATEI,KERELWA
WEST POKOT,KAPENGURIA,ENDUGH,CHEPTRAM
WEST POKOT,KAPENGURIA,KISHAUNET,SUKUT
WEST POKOT,KAPENGURIA,KISHAUNET,KISHAUNET
WEST POKOT,KAPENGURIA,KANYARKWAT,KANYARKWAT
WEST POKOT,KAPENGURIA,TALAU,KAPSURUM
WEST POKOT,KAPENGURIA,KANYARKWAT,KATIKOMOR
WEST POKOT,KAPENGURIA,TAMUGH,KOLO
WEST POKOT,KAPENGURIA,KAISAKAT,PARAYWA
WEST POKOT,KAPENGURIA,NAKWIJIT,NAKWIJIT
WEST POKOT,KAPENGURIA,TAMUGH,TAMUGH
WEST POKOT,KAPENGURIA,SEREWO,SEREWO
WEST POKOT,POKOT SOUTH,LELAN,KABICHBICH
WEST POKOT,KAPENGURIA,RIWO,SIMATWA
WEST POKOT,POKOT SOUTH,KIPKOMO,TAMPALAL
WEST POKOT,KAPENGURIA,ENDUGH,CHEWARANY
WEST POKOT,POKOT SOUTH,LELAN,CHESUBET
WEST POKOT,KAPENGURIA,RIWO,POOLE
WEST POKOT,KAPENGURIA,CHEPKOMOS,CHEPKOMOS
WEST POKOT,KAPENGURIA,MISKWONY,CHEMAKEU
WEST POKOT,KAPENGURIA,NAKWIJIT,TUNOYO
WEST POKOT,KAPENGURIA,KERINGET,MORTOME
WEST POKOT,KAPENGURIA,NAKWIJIT,TAMRUKWO
WEST POKOT,KAPENGURIA,CHEMWOCHOI,NGOLEYO
WEST POKOT,KAPENGURIA,SEREWO,MTEMBUR
WEST POKOT,POKOT SOUTH,CHEBON,SINNA
WEST POKOT,KAPENGURIA,CHEMWOCHOI,CHEPKECHIR
WEST POKOT,KAPENGURIA,CHEMWOCHOI,NARAMAN
WEST POKOT,POKOT SOUTH,KAPYOGEN,SIMOTWO
WEST POKOT,KAPENGURIA,RIWO,KITALAKAPEL
WEST POKOT,POKOT SOUTH,YWALATEKE,PROPOI
WEST POKOT,KAPENGURIA,TAMUGH,LETWA
WEST POKOT,POKOT SOUTH,KAPTABUK,KAPTABUK
WEST POKOT,KAPENGURIA,TALAU,TALAU
WEST POKOT,POKOT SOUTH,SENETWO,KORELLACH
WEST POKOT,KAPENGURIA,SEREWO,CHEPKRAM
WEST POKOT,KAPENGURIA,PTOYO,KESOT
WEST POKOT,POKOT SOUTH,TAPACH,KOKWOPSIS
WEST POKOT,POKOT SOUTH,KAPTABUK,MESHAU
WEST POKOT,POKOT SOUTH,BATEI,SOBUKWO
WEST POKOT,POKOT SOUTH,KAPTABUK,KAPSANGAR
WEST POKOT,POKOT SOUTH,LELAN,MBAYAI
WEST POKOT,KAPENGURIA,MNAGEI,TARTAR
WEST POKOT,POKOT SOUTH,PARUA,SEBIT
WEST POKOT,POKOT SOUTH,PARUA,CHEPOKORIONG
WEST POKOT,POKOT SOUTH,PARUA,PARUA
WEST POKOT,KAPENGURIA,CHEPKOMOS,KOCHAR
WEST POKOT,POKOT SOUTH,KAPTABUK,MOKOYON
WEST POKOT,KAPENGURIA,MISKWONY,CHESIRA
WEST POKOT,KAPENGURIA,KERINGET,LORKORNOI
WEST POKOT,POKOT SOUTH,SONDANY,NYARKULIAN
WESTLANDS,WESTLANDS,PARKLANDS,UPPER PARKLANDS
WESTLANDS,WESTLANDS,KANGEMI,KANGEMI
WESTLANDS,WESTLANDS,KITISURU,LORESHO
WESTLANDS,WESTLANDS,KANGEMI,GICHAGI
WESTLANDS,WESTLANDS,PARKLANDS,SPRING VALLEY
WESTLANDS,WESTLANDS,HIGHRIDGE,HIGHRIDGE
WESTLANDS,WESTLANDS,KITISURU,KITISURU
WESTLANDS,WESTLANDS,HIGHRIDGE,KARURA
WESTLANDS,DAGORETI NORTH/KILIMANI,KILIMANI,KILIMANI
WESTLANDS,WESTLANDS,KANGEMI,MOUNTAIN VIEW
WESTLANDS,WESTLANDS,HIGHRIDGE,MUTHAIGA
WESTLANDS,WESTLANDS,KITISURU,KYUNA
WESTLANDS,DAGORETI NORTH/KILIMANI,KAWANGWARE,KAWANGWARE
WESTLANDS,DAGORETI NORTH/KILIMANI,KAWANGWARE,GATINA
YATTA,MASINGA,IKAATINI,ITUNDUIMUNI
YATTA,YATTA,IKOMBE,KITHEUNI
YATTA,MASINGA,KIVAA,KAEWA
YATTA,YATTA,MATUU,KALULUINI
YATTA,MASINGA,MANANJA,MANANJA
YATTA,YATTA,KITHIMANI,KAMBI YA NDEKE
YATTA,MASINGA,KITHYOKO,EENDEI
YATTA,YATTA,KINYAATA,MAKUTANO
YATTA,MASINGA,MUTHESYA,MUTHESYA
YATTA,YATTA,KYUA,KYUA
YATTA,MASINGA,MASINGA,MUSUMAA
YATTA,YATTA,MAVOLONI,KWA NDOLO
YATTA,YATTA,IKOMBE,KYASIONI
YATTA,MASINGA,EKALAKALA,EKALAKALA
YATTA,MASINGA,KIVAA,KYONDONI
YATTA,MASINGA,KANGONDE,MIKUYUNI
YATTA,MASINGA,KIVAA,KIVAA
YATTA,YATTA,KINYAATA,KINYAATA
YATTA,YATTA,NDALANI,MAMBA
YATTA,MASINGA,MUTHESYA,KIKULE
YATTA,YATTA,IKOMBE,IKOMBE
YATTA,YATTA,KITHIMANI,KITHIMANI
YATTA,MASINGA,EKALAKALA,NZUKINI
YATTA,YATTA,NDALANI,NDALANI
YATTA,MASINGA,NDITHINI,KIATINENI
YATTA,MASINGA,NDITHINI,NDITHINI
YATTA,YATTA,KITHIMANI,KITHENDU
YATTA,MASINGA,MASINGA,KATULYE
YATTA,MASINGA,KANGONDE,KANGONDE
YATTA,MASINGA,MASINGA,MASINGA
YATTA,YATTA,KINYAATA,MATHINGAU
YATTA,MASINGA,KITHYOKO,MIANGENI
YATTA,YATTA,NDALANI,KIVINGONI
YATTA,MASINGA,KANGONDE,MUSINGINI
YATTA,YATTA,MAVOLONI,MAVOLONI
YATTA,YATTA,KATANGI,KATANGI
YATTA,MASINGA,MASINGA,MUKUSU
YATTA,YATTA,MATUU,KAKUMINI
YATTA,YATTA,MATUU,KATULANI
YATTA,YATTA,MAVOLONI,KISIIKI
YATTA,MASINGA,MUTHESYA,KATHUKINI
YATTA,MASINGA,KANGONDE,KIKUMINI
YATTA,YATTA,KYUA,SYOKISINGA
YATTA,YATTA,KATANGI,MEKILINGI
YATTA,YATTA,MATUU,MATUU
YATTA,MASINGA,KIVAA,IIANI
YATTA,MASINGA,NDITHINI,MILAANI
YATTA,MASINGA,KITHYOKO,KITHYOKO
YATTA,MASINGA,MANANJA,KASUVILO
YATTA,MASINGA,KITHYOKO,THATHA
